[20Apr2025 11:51:03.127] [main/INFO] [cpw.mods.modlauncher.Launcher/MODLAUNCHER]: ModLauncher running: args [--gameDir, ., --launchTarget, fmlserver, --fml.forgeVersion, 36.2.42, --fml.mcpVersion, 20210115.111550, --fml.mcVersion, 1.16.5, --fml.forgeGroup, net.minecraftforge, nogui]
[20Apr2025 11:51:03.130] [main/INFO] [cpw.mods.modlauncher.Launcher/MODLAUNCHER]: ModLauncher 8.1.3+8.1.3+main-8.1.x.c94d18ec starting: java version 11.0.26 by Ubuntu
[20Apr2025 11:51:03.669] [main/INFO] [net.minecraftforge.fml.loading.FixSSL/CORE]: Added Lets Encrypt root certificates as additional trust
[20Apr2025 11:51:03.742] [main/INFO] [mixin/]: SpongePowered MIXIN Subsystem Version=0.8.4 Source=file:/workspaces/Bucaneros-Craft-3/servidor_minecraft/libraries/org/spongepowered/mixin/0.8.4/mixin-0.8.4.jar Service=ModLauncher Env=SERVER
[20Apr2025 11:51:04.537] [main/INFO] [STDERR/]: [jdk.nashorn.api.scripting.NashornScriptEngine:<init>:143]: Warning: Nashorn engine is planned to be removed from a future JDK release
[20Apr2025 11:51:04.640] [main/INFO] [STDERR/]: [jdk.nashorn.api.scripting.NashornScriptEngine:<init>:143]: Warning: Nashorn engine is planned to be removed from a future JDK release
[20Apr2025 11:51:04.648] [main/INFO] [STDERR/]: [jdk.nashorn.api.scripting.NashornScriptEngine:<init>:143]: Warning: Nashorn engine is planned to be removed from a future JDK release
[20Apr2025 11:51:04.661] [main/INFO] [STDERR/]: [jdk.nashorn.api.scripting.NashornScriptEngine:<init>:143]: Warning: Nashorn engine is planned to be removed from a future JDK release
[20Apr2025 11:51:04.671] [main/INFO] [STDERR/]: [jdk.nashorn.api.scripting.NashornScriptEngine:<init>:143]: Warning: Nashorn engine is planned to be removed from a future JDK release
[20Apr2025 11:51:04.923] [main/INFO] [STDERR/]: [org.antlr.v4.runtime.ConsoleErrorListener:syntaxError:38]: line 1:0 token recognition error at: '~'
[20Apr2025 11:51:06.225] [main/INFO] [cpw.mods.modlauncher.LaunchServiceHandler/MODLAUNCHER]: Launching target 'fmlserver' with arguments [--gameDir, ., nogui]
[20Apr2025 11:51:06.385] [main/INFO] [Embeddium/]: Loaded configuration file for Embeddium: 109 options available, 1 override(s) found
[20Apr2025 11:51:06.400] [main/WARN] [mixin/]: Reference map 'yungsbridges.refmap.json' for yungsbridges.mixins.json could not be read. If this is a development environment you can ignore this message
[20Apr2025 11:51:06.403] [main/WARN] [mixin/]: Reference map 'cataclysm.refmap.json' for cataclysm.mixins.json could not be read. If this is a development environment you can ignore this message
[20Apr2025 11:51:06.896] [main/WARN] [mixin/]: Reference map 'eureka-forge-refmap.json' for vs_eureka.mixins.json could not be read. If this is a development environment you can ignore this message
[20Apr2025 11:51:08.634] [main/INFO] [STDOUT/]: [org.valkyrienskies.mod.mixin.ValkyrienCommonMixinConfigPlugin:getVSRendererHelper:35]: SODIUM RENDER DETECTE
[20Apr2025 11:51:08.769] [main/WARN] [mixin/]: Error loading class: cofh/core/tileentity/TileCoFH (java.lang.ClassNotFoundException: null)
[20Apr2025 11:51:18.584] [main/INFO] [net.minecraftforge.registries.GameData/]: Potentially Dangerous alternative prefix `citadel` for name `debug`, expected `minecraft`. This could be a intended override, but in most cases indicates a broken mod.
[20Apr2025 11:51:18.616] [main/INFO] [net.minecraftforge.registries.GameData/]: Potentially Dangerous alternative prefix `citadel` for name `citadel_book`, expected `minecraft`. This could be a intended override, but in most cases indicates a broken mod.
[20Apr2025 11:51:18.617] [main/INFO] [net.minecraftforge.registries.GameData/]: Potentially Dangerous alternative prefix `citadel` for name `effect_item`, expected `minecraft`. This could be a intended override, but in most cases indicates a broken mod.
[20Apr2025 11:51:18.617] [main/INFO] [net.minecraftforge.registries.GameData/]: Potentially Dangerous alternative prefix `citadel` for name `fancy_item`, expected `minecraft`. This could be a intended override, but in most cases indicates a broken mod.
[20Apr2025 11:51:18.718] [main/INFO] [net.minecraftforge.registries.GameData/]: Potentially Dangerous alternative prefix `islands` for name `islands`, expected `minecraft`. This could be a intended override, but in most cases indicates a broken mod.
[20Apr2025 11:51:19.030] [modloading-worker-1/INFO] [dynamiclightsreforged/]: [LambDynLights] Initializing Dynamic Lights Reforged...
[20Apr2025 11:51:19.230] [modloading-worker-3/INFO] [com.jtorleonstudios.libraryferret.LibraryFerret/]: Initialize mod Library Ferret
[20Apr2025 11:51:19.262] [modloading-worker-3/INFO] [com.jtorleonstudios.libraryferret.LibraryFerret/]: Initialized mod Library Ferret
[20Apr2025 11:51:20.373] [modloading-worker-3/INFO] [net.minecraftforge.common.ForgeMod/FORGEMOD]: Forge mod loading, version 36.2.42, for MC 1.16.5 with MCP 20210115.111550
[20Apr2025 11:51:20.373] [modloading-worker-3/INFO] [net.minecraftforge.common.MinecraftForge/FORGE]: MinecraftForge v36.2.42 Initialized
[20Apr2025 11:51:22.487] [modloading-worker-2/INFO] [com.simibubi.create.repack.registrate.AbstractRegistrate/]: Detected new forge version, registering events reflectively.
[20Apr2025 11:51:24.637] [modloading-worker-1/INFO] [xyz.pixelatedw.mineminenomi.ModMain/]: Permissions registered:
[20Apr2025 11:51:24.655] [modloading-worker-1/INFO] [xyz.pixelatedw.mineminenomi.ModMain/]:   mineminenomi.command.ability
[20Apr2025 11:51:24.655] [modloading-worker-1/INFO] [xyz.pixelatedw.mineminenomi.ModMain/]:   mineminenomi.command.ability.reset_cooldown
[20Apr2025 11:51:24.655] [modloading-worker-1/INFO] [xyz.pixelatedw.mineminenomi.ModMain/]:   mineminenomi.command.ability_protection
[20Apr2025 11:51:24.655] [modloading-worker-1/INFO] [xyz.pixelatedw.mineminenomi.ModMain/]:   mineminenomi.command.belly
[20Apr2025 11:51:24.655] [modloading-worker-1/INFO] [xyz.pixelatedw.mineminenomi.ModMain/]:   mineminenomi.command.bounty
[20Apr2025 11:51:24.655] [modloading-worker-1/INFO] [xyz.pixelatedw.mineminenomi.ModMain/]:   mineminenomi.command.challenge
[20Apr2025 11:51:24.655] [modloading-worker-1/INFO] [xyz.pixelatedw.mineminenomi.ModMain/]:   mineminenomi.command.check_fruits.history
[20Apr2025 11:51:24.655] [modloading-worker-1/INFO] [xyz.pixelatedw.mineminenomi.ModMain/]:   mineminenomi.command.check_fruits.list
[20Apr2025 11:51:24.656] [modloading-worker-1/INFO] [xyz.pixelatedw.mineminenomi.ModMain/]:   mineminenomi.command.check_player
[20Apr2025 11:51:24.656] [modloading-worker-1/INFO] [xyz.pixelatedw.mineminenomi.ModMain/]:   mineminenomi.command.doriki
[20Apr2025 11:51:24.656] [modloading-worker-1/INFO] [xyz.pixelatedw.mineminenomi.ModMain/]:   mineminenomi.command.extol
[20Apr2025 11:51:24.656] [modloading-worker-1/INFO] [xyz.pixelatedw.mineminenomi.ModMain/]:   mineminenomi.command.hakiexp
[20Apr2025 11:51:24.656] [modloading-worker-1/INFO] [xyz.pixelatedw.mineminenomi.ModMain/]:   mineminenomi.command.issue_bounty
[20Apr2025 11:51:24.656] [modloading-worker-1/INFO] [xyz.pixelatedw.mineminenomi.ModMain/]:   mineminenomi.command.loyalty
[20Apr2025 11:51:24.656] [modloading-worker-1/INFO] [xyz.pixelatedw.mineminenomi.ModMain/]:   mineminenomi.command.quest
[20Apr2025 11:51:24.656] [modloading-worker-1/INFO] [xyz.pixelatedw.mineminenomi.ModMain/]:   mineminenomi.command.removedf
[20Apr2025 11:51:24.656] [modloading-worker-1/INFO] [xyz.pixelatedw.mineminenomi.ModMain/]:   mineminenomi.command.removedf.self
[20Apr2025 11:51:24.656] [modloading-worker-1/INFO] [xyz.pixelatedw.mineminenomi.ModMain/]:   mineminenomi.item.buster_call
[20Apr2025 11:51:24.767] [modloading-worker-3/INFO] [team.chisel.repack.registrate.AbstractRegistrate/]: Detected new forge version, registering events reflectively.
[20Apr2025 11:51:26.475] [modloading-worker-2/INFO] [expandability/]: ExpandAbility here, who dis?
[20Apr2025 11:51:29.503] [modloading-worker-3/INFO] [STDERR/]: [org.slf4j.helpers.Util:report:128]: SLF4J: Failed to load class "org.slf4j.impl.StaticLoggerBinder".
[20Apr2025 11:51:29.507] [modloading-worker-3/INFO] [STDERR/]: [org.slf4j.helpers.Util:report:128]: SLF4J: Defaulting to no-operation (NOP) logger implementation
[20Apr2025 11:51:29.508] [modloading-worker-3/INFO] [STDERR/]: [org.slf4j.helpers.Util:report:128]: SLF4J: See http://www.slf4j.org/codes.html#StaticLoggerBinder for further details.
[20Apr2025 11:51:30.234] [modloading-worker-1/INFO] [STDOUT/]: [org.valkyrienskies.core.config.VSConfigClass$Companion:registerNetworkHandlers:199]: registering network handlers
[20Apr2025 11:51:33.313] [main/INFO] [net.ncpbails.culturaldelights.CulturalDelights/]: HELLO from Register Block
[20Apr2025 11:51:37.217] [main/INFO] [Coins/]: Registered 16 Item entries in 0.76ms.
[20Apr2025 11:51:37.301] [main/INFO] [net.minecraftforge.registries.GameData/]: Potentially Dangerous alternative prefix `minecraft` for name `shulker_shell`, expected `supplementaries`. This could be a intended override, but in most cases indicates a broken mod.
[20Apr2025 11:51:37.303] [main/INFO] [xerca.xercamusic.common.XercaMusic/]: XercaMusic: Registering items
[20Apr2025 11:51:37.765] [main/INFO] [Bookshelf/]: Registered 11 GlobalLootModifierSerializer entries in 0.44ms.
[20Apr2025 11:51:37.857] [main/INFO] [xerca.xercamusic.common.XercaMusic/]: XercaMusic: Registering tile entities
[20Apr2025 11:51:38.757] [main/INFO] [net.minecraftforge.registries.GameData/]: Potentially Dangerous alternative prefix `minecraft` for name `milk`, expected `forge`. This could be a intended override, but in most cases indicates a broken mod.
[20Apr2025 11:51:38.760] [main/INFO] [net.minecraftforge.registries.GameData/]: Potentially Dangerous alternative prefix `minecraft` for name `flowing_milk`, expected `forge`. This could be a intended override, but in most cases indicates a broken mod.
[20Apr2025 11:51:38.995] [main/INFO] [Bookshelf/]: Registered 22 ingredient serializers.
[20Apr2025 11:51:38.996] [main/INFO] [Bookshelf/]: Registered 5 IRecipeSerializer entries in 0.19ms.
[20Apr2025 11:51:40.048] [main/WARN] [net.minecraftforge.common.ForgeConfigSpec/CORE]: Configuration file /workspaces/Bucaneros-Craft-3/servidor_minecraft/config/mineminenomi-common.toml is not correct. Correcting
[20Apr2025 11:51:40.087] [main/INFO] [com.tom.storagemod.StorageMod/]: Loaded Tom's Simple Storage config file toms_storage-common.toml
[20Apr2025 11:51:40.093] [Thread-0/INFO] [com.tom.storagemod.StorageMod/]: Tom's Simple Storage config just got changed on the file system!
[20Apr2025 11:51:40.125] [main/INFO] [quark/]: Loading Module Chain Linkage
[20Apr2025 11:51:40.130] [main/INFO] [quark/]: Loading Module Chains Connect Blocks
[20Apr2025 11:51:40.130] [main/INFO] [quark/]: Loading Module Chute
[20Apr2025 11:51:40.130] [main/INFO] [quark/]: Loading Module Color Slime
[20Apr2025 11:51:40.130] [main/INFO] [quark/]: Loading Module Dispensers Place Blocks
[20Apr2025 11:51:40.130] [main/INFO] [quark/]: Loading Module Ender Watcher
[20Apr2025 11:51:40.130] [main/INFO] [quark/]: Loading Module Endermites Form Shulkers
[20Apr2025 11:51:40.131] [main/INFO] [quark/]: Loading Module Feeding Trough
[20Apr2025 11:51:40.134] [main/INFO] [quark/]: Loading Module Gravisand
[20Apr2025 11:51:40.134] [main/INFO] [quark/]: Loading Module Iron Rod
[20Apr2025 11:51:40.134] [main/INFO] [quark/]: Loading Module Jukebox Automation
[20Apr2025 11:51:40.136] [main/INFO] [quark/]: Loading Module Metal Buttons
[20Apr2025 11:51:40.139] [main/INFO] [quark/]: Loading Module Obsidian Plate
[20Apr2025 11:51:40.139] [main/INFO] [quark/]: Loading Module Pistons Move Tile Entities
[20Apr2025 11:51:40.141] [main/INFO] [quark/]: Loading Module Redstone Circuit
[20Apr2025 11:51:40.143] [main/INFO] [quark/]: Loading Module Weather Sensor
[20Apr2025 11:51:40.144] [main/INFO] [quark/]: Loading Module Bamboo Mat
[20Apr2025 11:51:40.144] [main/INFO] [quark/]: Loading Module Burn Vines
[20Apr2025 11:51:40.144] [main/INFO] [quark/]: Loading Module Celebratory Lamps
[20Apr2025 11:51:40.144] [main/INFO] [quark/]: Loading Module Cobblestone Bricks
[20Apr2025 11:51:40.144] [main/INFO] [quark/]: Loading Module Compressed Blocks
[20Apr2025 11:51:40.145] [main/INFO] [quark/]: Loading Module Duskbound Blocks
[20Apr2025 11:51:40.145] [main/INFO] [quark/]: Loading Module Framed Glass
[20Apr2025 11:51:40.145] [main/INFO] [quark/]: Loading Module Gold Bars
[20Apr2025 11:51:40.145] [main/INFO] [quark/]: Loading Module Grate
[20Apr2025 11:51:40.145] [main/INFO] [quark/]: Loading Module Hedges
[20Apr2025 11:51:40.145] [main/INFO] [quark/]: Loading Module Iron Plates
[20Apr2025 11:51:40.145] [main/INFO] [quark/]: Loading Module Item Frames
[20Apr2025 11:51:40.145] [main/INFO] [quark/]: Loading Module Leaf Carpet
[20Apr2025 11:51:40.145] [main/INFO] [quark/]: Loading Module Lit Lamp
[20Apr2025 11:51:40.145] [main/INFO] [quark/]: Loading Module Midori
[20Apr2025 11:51:40.146] [main/INFO] [quark/]: Loading Module More Brick Types
[20Apr2025 11:51:40.146] [main/INFO] [quark/]: Loading Module More Potted Plants
[20Apr2025 11:51:40.146] [main/INFO] [quark/]: Loading Module More Stone Variants
[20Apr2025 11:51:40.146] [main/INFO] [quark/]: Loading Module Nether Brick Fence Gate
[20Apr2025 11:51:40.148] [main/INFO] [quark/]: Loading Module Paper Decor
[20Apr2025 11:51:40.149] [main/INFO] [quark/]: Loading Module Quilted Wool
[20Apr2025 11:51:40.149] [main/INFO] [quark/]: Loading Module Rope
[20Apr2025 11:51:40.149] [main/INFO] [quark/]: Loading Module Shallow Dirt
[20Apr2025 11:51:40.149] [main/INFO] [quark/]: Loading Module Shingles
[20Apr2025 11:51:40.149] [main/INFO] [quark/]: Loading Module Soul Sandstone
[20Apr2025 11:51:40.149] [main/INFO] [quark/]: Loading Module Stained Planks
[20Apr2025 11:51:40.150] [main/INFO] [quark/]: Loading Module Stools
[20Apr2025 11:51:40.150] [main/INFO] [quark/]: Loading Module Sturdy Stone
[20Apr2025 11:51:40.150] [main/INFO] [quark/]: Loading Module Tallow And Candles
[20Apr2025 11:51:40.151] [main/INFO] [quark/]: Loading Module Thatch
[20Apr2025 11:51:40.153] [main/INFO] [quark/]: Loading Module Tie Leads To Fences
[20Apr2025 11:51:40.154] [main/INFO] [quark/]: Loading Module Turf
[20Apr2025 11:51:40.154] [main/INFO] [quark/]: Loading Module Variant Bookshelves
[20Apr2025 11:51:40.154] [main/INFO] [quark/]: Loading Module Variant Chests
[20Apr2025 11:51:40.156] [main/INFO] [quark/]: Loading Module Variant Ladders
[20Apr2025 11:51:40.159] [main/INFO] [quark/]: Loading Module Vertical Planks
[20Apr2025 11:51:40.160] [main/INFO] [quark/]: Loading Module Vertical Slabs
[20Apr2025 11:51:40.160] [main/INFO] [quark/]: Loading Module Wooden Posts
[20Apr2025 11:51:40.160] [main/INFO] [quark/]: Loading Module Chests In Boats
[20Apr2025 11:51:40.160] [main/INFO] [quark/]: Loading Module Easy Transfering
[20Apr2025 11:51:40.160] [main/INFO] [quark/]: Loading Module Hotbar Changer
[20Apr2025 11:51:40.161] [main/INFO] [quark/]: Loading Module Inventory Sorting
[20Apr2025 11:51:40.161] [main/INFO] [quark/]: Loading Module Item Sharing
[20Apr2025 11:51:40.161] [main/INFO] [quark/]: Loading Module Right Click Armor
[20Apr2025 11:51:40.161] [main/INFO] [quark/]: Loading Module Shulker Box Right Click
[20Apr2025 11:51:40.162] [main/INFO] [quark/]: Loading Module Endermosh Music Disc
[20Apr2025 11:51:40.162] [main/INFO] [quark/]: Loading Module Abacus
[20Apr2025 11:51:40.165] [main/INFO] [quark/]: Loading Module Ambient Discs
[20Apr2025 11:51:40.166] [main/INFO] [quark/]: Loading Module Ancient Tomes
[20Apr2025 11:51:40.167] [main/INFO] [quark/]: Loading Module Bottled Cloud
[20Apr2025 11:51:40.167] [main/INFO] [quark/]: Loading Module Camera
[20Apr2025 11:51:40.167] [main/INFO] [quark/]: Loading Module Color Runes
[20Apr2025 11:51:40.168] [main/INFO] [quark/]: Loading Module Pathfinder Maps
[20Apr2025 11:51:40.169] [main/INFO] [quark/]: Loading Module Pickarang
[20Apr2025 11:51:40.172] [main/INFO] [quark/]: Loading Module Seed Pouch
[20Apr2025 11:51:40.172] [main/INFO] [quark/]: Loading Module Slime In A Bucket
[20Apr2025 11:51:40.173] [main/INFO] [quark/]: Loading Module Trowel
[20Apr2025 11:51:40.173] [main/INFO] [quark/]: Loading Module Skull Pikes
[20Apr2025 11:51:40.174] [main/INFO] [quark/]: Loading Module Armed Armor Stands
[20Apr2025 11:51:40.177] [main/INFO] [quark/]: Loading Module Automatic Recipe Unlock
[20Apr2025 11:51:40.177] [main/INFO] [quark/]: Loading Module Axe Leaf Harvesting
[20Apr2025 11:51:40.178] [main/INFO] [quark/]: Loading Module Better Elytra Rocket
[20Apr2025 11:51:40.178] [main/INFO] [quark/]: Loading Module Campfires Boost Elytra
[20Apr2025 11:51:40.179] [main/INFO] [quark/]: Loading Module Compasses Work Everywhere
[20Apr2025 11:51:40.182] [main/INFO] [quark/]: Loading Module Dirt To Path
[20Apr2025 11:51:40.183] [main/INFO] [quark/]: Loading Module Double Door Opening
[20Apr2025 11:51:40.183] [main/INFO] [quark/]: Loading Module Dragon Scales
[20Apr2025 11:51:40.183] [main/INFO] [quark/]: Loading Module Emotes
[20Apr2025 11:51:40.183] [main/INFO] [quark/]: Loading Module Enhanced Ladders
[20Apr2025 11:51:40.184] [main/INFO] [quark/]: Loading Module Glass Shard
[20Apr2025 11:51:40.187] [main/INFO] [quark/]: Loading Module Hoe Harvesting
[20Apr2025 11:51:40.187] [main/INFO] [quark/]: Loading Module Improved Sleeping
[20Apr2025 11:51:40.189] [main/INFO] [quark/]: Loading Module Infinity Bucket
[20Apr2025 11:51:40.193] [main/INFO] [quark/]: Loading Module Lava Bucket As Trash
[20Apr2025 11:51:40.194] [main/INFO] [quark/]: Loading Module Lock Rotation
[20Apr2025 11:51:40.195] [main/INFO] [quark/]: Loading Module More Banner Layers
[20Apr2025 11:51:40.197] [main/INFO] [quark/]: Loading Module Note Block Mob Sounds
[20Apr2025 11:51:40.198] [main/INFO] [quark/]: Loading Module Pat The Dogs
[20Apr2025 11:51:40.199] [main/INFO] [quark/]: Loading Module Poison Potato Usage
[20Apr2025 11:51:40.202] [main/INFO] [quark/]: Loading Module Reacharound Placing
[20Apr2025 11:51:40.206] [main/INFO] [quark/]: Loading Module Replace Scaffolding
[20Apr2025 11:51:40.206] [main/INFO] [quark/]: Loading Module Sign Editing
[20Apr2025 11:51:40.207] [main/INFO] [quark/]: Loading Module Simple Harvest
[20Apr2025 11:51:40.207] [main/INFO] [quark/]: Loading Module Snow Golem Player Heads
[20Apr2025 11:51:40.211] [main/INFO] [quark/]: Loading Module Springy Slime
[20Apr2025 11:51:40.211] [main/INFO] [quark/]: Loading Module Utility Recipes
[20Apr2025 11:51:40.212] [main/INFO] [quark/]: Loading Module Villagers Follow Emeralds
[20Apr2025 11:51:40.215] [main/INFO] [quark/]: Loading Module Big Dungeon
[20Apr2025 11:51:40.215] [main/INFO] [quark/]: Loading Module Big Stone Clusters
[20Apr2025 11:51:40.216] [main/INFO] [quark/]: Loading Module Biotite
[20Apr2025 11:51:40.216] [main/INFO] [quark/]: Loading Module Blossom Trees
[20Apr2025 11:51:40.217] [main/INFO] [quark/]: Loading Module Cave Roots
[20Apr2025 11:51:40.219] [main/INFO] [quark/]: Loading Module Chorus Vegetation
[20Apr2025 11:51:40.220] [main/INFO] [quark/]: Loading Module Crevices
[20Apr2025 11:51:40.220] [main/INFO] [quark/]: Loading Module Deepslate
[20Apr2025 11:51:40.220] [main/INFO] [quark/]: Loading Module Fairy Rings
[20Apr2025 11:51:40.220] [main/INFO] [quark/]: Loading Module Mega Caves
[20Apr2025 11:51:40.220] [main/INFO] [quark/]: Loading Module Monster Box
[20Apr2025 11:51:40.221] [main/INFO] [quark/]: Loading Module Nether Obsidian Spikes
[20Apr2025 11:51:40.221] [main/INFO] [quark/]: Loading Module New Stone Types
[20Apr2025 11:51:40.221] [main/INFO] [quark/]: Loading Module Realistic World Gen
[20Apr2025 11:51:40.221] [main/INFO] [quark/]: Loading Module Speleothems
[20Apr2025 11:51:40.222] [main/INFO] [quark/]: Loading Module Spiral Spires
[20Apr2025 11:51:40.223] [main/INFO] [quark/]: Loading Module Underground Clay
[20Apr2025 11:51:40.226] [main/INFO] [quark/]: Loading Module Brimstone Underground Biome
[20Apr2025 11:51:40.227] [main/INFO] [quark/]: Loading Module Cave Crystal Underground Biome
[20Apr2025 11:51:40.227] [main/INFO] [quark/]: Loading Module Elder Prismarine Underground Biome
[20Apr2025 11:51:40.227] [main/INFO] [quark/]: Loading Module Glowshroom Underground Biome
[20Apr2025 11:51:40.227] [main/INFO] [quark/]: Loading Module Lush Underground Biome
[20Apr2025 11:51:40.227] [main/INFO] [quark/]: Loading Module Overgrown Underground Biome
[20Apr2025 11:51:40.227] [main/INFO] [quark/]: Loading Module Permafrost Underground Biome
[20Apr2025 11:51:40.227] [main/INFO] [quark/]: Loading Module Sandstone Underground Biome
[20Apr2025 11:51:40.228] [main/INFO] [quark/]: Loading Module Slime Underground Biome
[20Apr2025 11:51:40.228] [main/INFO] [quark/]: Loading Module Spider Nest Underground Biome
[20Apr2025 11:51:40.228] [main/INFO] [quark/]: Loading Module Crabs
[20Apr2025 11:51:40.229] [main/INFO] [quark/]: Loading Module Forgotten
[20Apr2025 11:51:40.232] [main/INFO] [quark/]: Loading Module Foxhound
[20Apr2025 11:51:40.232] [main/INFO] [quark/]: Loading Module Frogs
[20Apr2025 11:51:40.233] [main/INFO] [quark/]: Loading Module Stonelings
[20Apr2025 11:51:40.233] [main/INFO] [quark/]: Loading Module Toretoise
[20Apr2025 11:51:40.234] [main/INFO] [quark/]: Loading Module Wraith
[20Apr2025 11:51:40.236] [main/INFO] [quark/]: Loading Module Auto Walk Keybind
[20Apr2025 11:51:40.237] [main/INFO] [quark/]: Loading Module Back Button Keybind
[20Apr2025 11:51:40.237] [main/INFO] [quark/]: Loading Module Chest Searching
[20Apr2025 11:51:40.237] [main/INFO] [quark/]: Loading Module Greener Grass
[20Apr2025 11:51:40.237] [main/INFO] [quark/]: Loading Module Improved Mount Hud
[20Apr2025 11:51:40.237] [main/INFO] [quark/]: Loading Module Improved Tooltips
[20Apr2025 11:51:40.237] [main/INFO] [quark/]: Loading Module Usage Ticker
[20Apr2025 11:51:40.237] [main/INFO] [quark/]: Loading Module Variant Animal Textures
[20Apr2025 11:51:40.237] [main/INFO] [quark/]: Loading Module Backpack
[20Apr2025 11:51:40.238] [main/INFO] [quark/]: Loading Module Crate
[20Apr2025 11:51:40.238] [main/INFO] [quark/]: Loading Module Magnets
[20Apr2025 11:51:40.238] [main/INFO] [quark/]: Loading Module Matrix Enchanting
[20Apr2025 11:51:40.238] [main/INFO] [quark/]: Loading Module Pipes
[20Apr2025 11:51:40.238] [main/INFO] [quark/]: Loading Module Totem Of Holding
[20Apr2025 11:51:40.238] [main/INFO] [quark/]: Loading Module Adjustable Chat
[20Apr2025 11:51:40.238] [main/INFO] [quark/]: Loading Module Custom Underground Biome
[20Apr2025 11:51:40.238] [main/INFO] [quark/]: Loading Module Game Nerfs
[20Apr2025 11:51:40.238] [main/INFO] [quark/]: Loading Module Microcrafting Helper
[20Apr2025 11:51:40.238] [main/INFO] [quark/]: Loading Module Narrator Readout
[20Apr2025 11:51:40.238] [main/INFO] [quark/]: Loading Module Overlay Shader
[20Apr2025 11:51:40.238] [main/INFO] [quark/]: Loading Module Pallet
[20Apr2025 11:51:40.239] [main/INFO] [quark/]: Loading Module Shiba
[20Apr2025 11:51:40.468] [modloading-worker-2/INFO] [Bookshelf/]: Registering 3 command argument types.
[20Apr2025 11:51:40.471] [modloading-worker-2/INFO] [Bookshelf/]: Registering 13 loot conditions.
[20Apr2025 11:51:40.584] [Forge Version Check/INFO] [net.minecraftforge.fml.VersionChecker/]: [bettercaves] Starting version check at https://raw.githubusercontent.com/yungnickyoung/YUNGs-Better-Caves/1.16/versions.json
[20Apr2025 11:51:40.598] [modloading-worker-3/INFO] [voicechat/]: [voicechat] Compatibility version 18
[20Apr2025 11:51:40.614] [Forge Version Check/INFO] [net.minecraftforge.fml.VersionChecker/]: [bettercaves] Found status: BETA Current: 1.16.4-1.1.2 Target: null
[20Apr2025 11:51:40.620] [Forge Version Check/INFO] [net.minecraftforge.fml.VersionChecker/]: [bookshelf] Starting version check at https://updates.blamejared.com/get?n=bookshelf&gv=1.16.5
[20Apr2025 11:51:40.780] [modloading-worker-3/INFO] [voicechat/]: [voicechat] Loading plugins
[20Apr2025 11:51:40.810] [modloading-worker-3/INFO] [voicechat/]: [voicechat] Loaded 0 plugin(s)
[20Apr2025 11:51:40.811] [modloading-worker-3/INFO] [voicechat/]: [voicechat] Initializing plugins
[20Apr2025 11:51:40.811] [modloading-worker-3/INFO] [voicechat/]: [voicechat] Initialized 0 plugin(s)
[20Apr2025 11:51:40.832] [Forge Version Check/INFO] [net.minecraftforge.fml.VersionChecker/]: [bookshelf] Found status: BETA Current: 10.4.33 Target: 10.4.33
[20Apr2025 11:51:40.836] [Forge Version Check/INFO] [net.minecraftforge.fml.VersionChecker/]: [coins] Starting version check at https://updates.blamejared.com/get?n=coins&gv=1.16.5
[20Apr2025 11:51:40.863] [modloading-worker-0/WARN] [net.minecraftforge.common.ForgeHooks/]: Called deprecated GlobalEntityTypeAttributes#put for quark:toretoise, use EntityAttributeCreationEvent instead.
[20Apr2025 11:51:40.863] [modloading-worker-0/WARN] [net.minecraftforge.common.ForgeHooks/]: Called deprecated GlobalEntityTypeAttributes#put for quark:crab, use EntityAttributeCreationEvent instead.
[20Apr2025 11:51:40.865] [Forge Version Check/INFO] [net.minecraftforge.fml.VersionChecker/]: [coins] Found status: BETA_OUTDATED Current: 6.0.2 Target: 6.0.4
[20Apr2025 11:51:40.866] [Forge Version Check/INFO] [net.minecraftforge.fml.VersionChecker/]: [badmobs] Starting version check at https://updates.blamejared.com/get?n=badmobs&gv=1.16.5
[20Apr2025 11:51:40.887] [modloading-worker-0/WARN] [net.minecraftforge.common.ForgeHooks/]: Called deprecated GlobalEntityTypeAttributes#put for quark:wrapped, use EntityAttributeCreationEvent instead.
[20Apr2025 11:51:40.888] [modloading-worker-0/WARN] [net.minecraftforge.common.ForgeHooks/]: Called deprecated GlobalEntityTypeAttributes#put for quark:foxhound, use EntityAttributeCreationEvent instead.
[20Apr2025 11:51:40.893] [Forge Version Check/INFO] [net.minecraftforge.fml.VersionChecker/]: [badmobs] Found status: BETA Current: 9.1.9 Target: 9.1.9
[20Apr2025 11:51:40.898] [Forge Version Check/INFO] [net.minecraftforge.fml.VersionChecker/]: [forge] Starting version check at https://files.minecraftforge.net/net/minecraftforge/forge/promotions_slim.json
[20Apr2025 11:51:40.908] [modloading-worker-2/INFO] [com.tom.storagemod.StorageMod/]: Tom's Storage Setup starting
[20Apr2025 11:51:40.923] [modloading-worker-2/INFO] [com.tom.storagemod.StorageMod/]: Initilaized Network Handler
[20Apr2025 11:51:40.927] [modloading-worker-0/WARN] [net.minecraftforge.common.ForgeHooks/]: Called deprecated GlobalEntityTypeAttributes#put for quark:forgotten, use EntityAttributeCreationEvent instead.
[20Apr2025 11:51:40.929] [modloading-worker-0/WARN] [net.minecraftforge.common.ForgeHooks/]: Called deprecated GlobalEntityTypeAttributes#put for quark:shiba, use EntityAttributeCreationEvent instead.
[20Apr2025 11:51:40.934] [modloading-worker-0/WARN] [net.minecraftforge.common.ForgeHooks/]: Called deprecated GlobalEntityTypeAttributes#put for quark:wraith, use EntityAttributeCreationEvent instead.
[20Apr2025 11:51:40.934] [modloading-worker-0/WARN] [net.minecraftforge.common.ForgeHooks/]: Called deprecated GlobalEntityTypeAttributes#put for quark:leash_knot_fake, use EntityAttributeCreationEvent instead.
[20Apr2025 11:51:40.935] [modloading-worker-0/WARN] [net.minecraftforge.common.ForgeHooks/]: Called deprecated GlobalEntityTypeAttributes#put for quark:frog, use EntityAttributeCreationEvent instead.
[20Apr2025 11:51:40.935] [modloading-worker-0/WARN] [net.minecraftforge.common.ForgeHooks/]: Called deprecated GlobalEntityTypeAttributes#put for quark:stoneling, use EntityAttributeCreationEvent instead.
[20Apr2025 11:51:41.091] [Forge Version Check/INFO] [net.minecraftforge.fml.VersionChecker/]: [forge] Found status: AHEAD Current: 36.2.42 Target: null
[20Apr2025 11:51:41.093] [Forge Version Check/INFO] [net.minecraftforge.fml.VersionChecker/]: [corpse] Starting version check at https://maxhenkel.de/update/corpse.json
[20Apr2025 11:51:41.415] [Forge Version Check/WARN] [net.minecraftforge.fml.VersionChecker/]: Failed to process update information
java.lang.NullPointerException: null
	at net.minecraftforge.fml.VersionChecker$1.openUrlString(VersionChecker.java:160) ~[forge:?]
	at net.minecraftforge.fml.VersionChecker$1.process(VersionChecker.java:187) ~[forge:?]
	at java.lang.Iterable.forEach(Iterable.java:75) [?:?]
	at net.minecraftforge.fml.VersionChecker$1.run(VersionChecker.java:128) [forge:?]
[20Apr2025 11:51:41.419] [Forge Version Check/INFO] [net.minecraftforge.fml.VersionChecker/]: [voicechat] Starting version check at https://update.maxhenkel.de/forge/voicechat
[20Apr2025 11:51:41.499] [Forge Version Check/WARN] [net.minecraftforge.fml.VersionChecker/]: Failed to process update information
java.lang.NullPointerException: null
	at net.minecraftforge.fml.VersionChecker$1.openUrlString(VersionChecker.java:160) ~[forge:?]
	at net.minecraftforge.fml.VersionChecker$1.process(VersionChecker.java:187) ~[forge:?]
	at java.lang.Iterable.forEach(Iterable.java:75) [?:?]
	at net.minecraftforge.fml.VersionChecker$1.run(VersionChecker.java:128) [forge:?]
[20Apr2025 11:51:41.501] [Forge Version Check/INFO] [net.minecraftforge.fml.VersionChecker/]: [toms_storage] Starting version check at https://raw.githubusercontent.com/tom5454/Toms-Storage/master/version-check.json
[20Apr2025 11:51:41.508] [Forge Version Check/INFO] [net.minecraftforge.fml.VersionChecker/]: [toms_storage] Found status: BETA Current: 1.2.24 Target: 1.2.24
[20Apr2025 11:51:41.765] [modloading-worker-3/INFO] [STDERR/]: [jdk.nashorn.api.scripting.NashornScriptEngine:<init>:143]: Warning: Nashorn engine is planned to be removed from a future JDK release
[20Apr2025 11:51:41.799] [modloading-worker-3/INFO] [STDERR/]: [jdk.nashorn.api.scripting.NashornScriptEngine:<init>:143]: Warning: Nashorn engine is planned to be removed from a future JDK release
[20Apr2025 11:51:41.910] [modloading-worker-3/INFO] [noppes.npcs.CustomNpcs/]: CustomNPC Permissions available:
[20Apr2025 11:51:41.913] [modloading-worker-3/INFO] [noppes.npcs.CustomNpcs/]: customnpcs.edit.blocks
[20Apr2025 11:51:41.913] [modloading-worker-3/INFO] [noppes.npcs.CustomNpcs/]: customnpcs.edit.villager
[20Apr2025 11:51:41.914] [modloading-worker-3/INFO] [noppes.npcs.CustomNpcs/]: customnpcs.global.bank
[20Apr2025 11:51:41.914] [modloading-worker-3/INFO] [noppes.npcs.CustomNpcs/]: customnpcs.global.dialog
[20Apr2025 11:51:41.914] [modloading-worker-3/INFO] [noppes.npcs.CustomNpcs/]: customnpcs.global.faction
[20Apr2025 11:51:41.914] [modloading-worker-3/INFO] [noppes.npcs.CustomNpcs/]: customnpcs.global.linked
[20Apr2025 11:51:41.915] [modloading-worker-3/INFO] [noppes.npcs.CustomNpcs/]: customnpcs.global.naturalspawn
[20Apr2025 11:51:41.915] [modloading-worker-3/INFO] [noppes.npcs.CustomNpcs/]: customnpcs.global.playerdata
[20Apr2025 11:51:41.915] [modloading-worker-3/INFO] [noppes.npcs.CustomNpcs/]: customnpcs.global.quest
[20Apr2025 11:51:41.915] [modloading-worker-3/INFO] [noppes.npcs.CustomNpcs/]: customnpcs.global.recipe
[20Apr2025 11:51:41.915] [modloading-worker-3/INFO] [noppes.npcs.CustomNpcs/]: customnpcs.global.transport
[20Apr2025 11:51:41.915] [modloading-worker-3/INFO] [noppes.npcs.CustomNpcs/]: customnpcs.npc.advanced
[20Apr2025 11:51:41.915] [modloading-worker-3/INFO] [noppes.npcs.CustomNpcs/]: customnpcs.npc.ai
[20Apr2025 11:51:41.916] [modloading-worker-3/INFO] [noppes.npcs.CustomNpcs/]: customnpcs.npc.clone
[20Apr2025 11:51:41.916] [modloading-worker-3/INFO] [noppes.npcs.CustomNpcs/]: customnpcs.npc.create
[20Apr2025 11:51:41.916] [modloading-worker-3/INFO] [noppes.npcs.CustomNpcs/]: customnpcs.npc.delete
[20Apr2025 11:51:41.920] [modloading-worker-3/INFO] [noppes.npcs.CustomNpcs/]: customnpcs.npc.display
[20Apr2025 11:51:41.920] [modloading-worker-3/INFO] [noppes.npcs.CustomNpcs/]: customnpcs.npc.freeze
[20Apr2025 11:51:41.920] [modloading-worker-3/INFO] [noppes.npcs.CustomNpcs/]: customnpcs.npc.gui
[20Apr2025 11:51:41.920] [modloading-worker-3/INFO] [noppes.npcs.CustomNpcs/]: customnpcs.npc.inventory
[20Apr2025 11:51:41.920] [modloading-worker-3/INFO] [noppes.npcs.CustomNpcs/]: customnpcs.npc.reset
[20Apr2025 11:51:41.920] [modloading-worker-3/INFO] [noppes.npcs.CustomNpcs/]: customnpcs.npc.stats
[20Apr2025 11:51:41.920] [modloading-worker-3/INFO] [noppes.npcs.CustomNpcs/]: customnpcs.scenes
[20Apr2025 11:51:41.920] [modloading-worker-3/INFO] [noppes.npcs.CustomNpcs/]: customnpcs.soulstone.all
[20Apr2025 11:51:41.920] [modloading-worker-3/INFO] [noppes.npcs.CustomNpcs/]: customnpcs.spawner.create
[20Apr2025 11:51:41.920] [modloading-worker-3/INFO] [noppes.npcs.CustomNpcs/]: customnpcs.spawner.mob
[20Apr2025 11:51:41.921] [modloading-worker-3/INFO] [noppes.npcs.CustomNpcs/]: customnpcs.tool.mounter
[20Apr2025 11:51:41.921] [modloading-worker-3/INFO] [noppes.npcs.CustomNpcs/]: customnpcs.tool.nbtbook
[20Apr2025 11:51:41.921] [modloading-worker-3/INFO] [noppes.npcs.CustomNpcs/]: customnpcs.tool.pather
[20Apr2025 11:51:41.921] [modloading-worker-3/INFO] [noppes.npcs.CustomNpcs/]: customnpcs.tool.scripter
[20Apr2025 11:51:41.941] [main/WARN] [net.minecraftforge.common.ForgeHooks/]: Called deprecated GlobalEntityTypeAttributes#put for outer_end:spectrafly, use EntityAttributeCreationEvent instead.
[20Apr2025 11:51:41.942] [main/WARN] [net.minecraftforge.common.ForgeHooks/]: Called deprecated GlobalEntityTypeAttributes#put for outer_end:purpur_golem, use EntityAttributeCreationEvent instead.
[20Apr2025 11:51:41.942] [main/WARN] [net.minecraftforge.common.ForgeHooks/]: Called deprecated GlobalEntityTypeAttributes#put for outer_end:himmelite, use EntityAttributeCreationEvent instead.
[20Apr2025 11:51:41.943] [main/WARN] [net.minecraft.network.datasync.EntityDataManager/]: defineId called for: class net.minecraft.entity.passive.BeeEntity from class blueduck.outerend.entities.StalkerEntity
[20Apr2025 11:51:41.943] [main/WARN] [net.minecraftforge.common.ForgeHooks/]: Called deprecated GlobalEntityTypeAttributes#put for outer_end:stalker, use EntityAttributeCreationEvent instead.
[20Apr2025 11:51:41.944] [main/WARN] [net.minecraftforge.common.ForgeHooks/]: Called deprecated GlobalEntityTypeAttributes#put for outer_end:entombed, use EntityAttributeCreationEvent instead.
[20Apr2025 11:51:41.945] [main/WARN] [net.minecraftforge.common.ForgeHooks/]: Called deprecated GlobalEntityTypeAttributes#put for outer_end:chorus_squid, use EntityAttributeCreationEvent instead.
[20Apr2025 11:51:42.179] [main/WARN] [com.craisinlord.idas.IDAS/]: IDAS: Unknown key idas:desert_ancient_statue was found in the dimension disallow config. Skipping that entry...
[20Apr2025 11:51:42.438] [modloading-worker-1/INFO] [Waila/]: Registered plugin at net.blay09.mods.waystones.compat.WailaProvider
[20Apr2025 11:51:42.451] [modloading-worker-1/INFO] [Waila/]: Registered plugin at de.maxhenkel.corpse.integration.waila.PluginCorpse
[20Apr2025 11:51:42.504] [modloading-worker-1/INFO] [Waila/]: Registered plugin at snownee.jade.JadePlugin
[20Apr2025 11:51:42.509] [modloading-worker-1/INFO] [Waila/]: Registered plugin at snownee.jade.JadeClientPlugin
[20Apr2025 11:51:42.530] [modloading-worker-1/INFO] [Waila/]: Registered plugin at mcp.mobius.waila.addons.minecraft.PluginMinecraft
[20Apr2025 11:51:42.540] [modloading-worker-1/INFO] [Waila/]: Registered plugin at team.chisel.common.integration.waila.ChiselDataHandler
[20Apr2025 11:51:51.092] [main/INFO] [com.mojang.authlib.yggdrasil.YggdrasilAuthenticationService/]: Environment: authHost='https://authserver.mojang.com', accountsHost='https://api.mojang.com', sessionHost='https://sessionserver.mojang.com', servicesHost='https://api.minecraftservices.com', name='PROD'
[20Apr2025 11:51:52.576] [main/WARN] [net.minecraft.command.Commands/]: Ambiguity between arguments [c, coupling, add, cart1] and [c, coupling, add, carts] with inputs: [Player, 0123, @e, dd12be42-52a9-4a91-a8a1-11c01849e498]
[20Apr2025 11:51:52.585] [main/WARN] [net.minecraft.command.Commands/]: Ambiguity between arguments [c, coupling, add, carts] and [c, coupling, add, cart1] with inputs: [Player, 0123, dd12be42-52a9-4a91-a8a1-11c01849e498]
[20Apr2025 11:51:52.588] [main/WARN] [net.minecraft.command.Commands/]: Ambiguity between arguments [c, coupling, add, cart1] and [c, coupling, add, carts] with inputs: [Player, 0123, @e, dd12be42-52a9-4a91-a8a1-11c01849e498]
[20Apr2025 11:51:52.592] [main/WARN] [net.minecraft.command.Commands/]: Ambiguity between arguments [c, coupling, add, carts] and [c, coupling, add, cart1] with inputs: [Player, 0123, dd12be42-52a9-4a91-a8a1-11c01849e498]
[20Apr2025 11:51:52.593] [main/WARN] [net.minecraft.command.Commands/]: Ambiguity between arguments [deathhistory, player] and [deathhistory, player_uuid] with inputs: [dd12be42-52a9-4a91-a8a1-11c01849e498]
[20Apr2025 11:51:52.611] [main/WARN] [net.minecraft.command.Commands/]: Ambiguity between arguments [noppes, mark, clear] and [noppes, mark, entities] with inputs: [Player, 0123, @e, dd12be42-52a9-4a91-a8a1-11c01849e498]
[20Apr2025 11:51:52.615] [main/WARN] [net.minecraft.command.Commands/]: Ambiguity between arguments [noppes, mark, entities] and [noppes, mark, clear] with inputs: [Player, 0123, @e, dd12be42-52a9-4a91-a8a1-11c01849e498]
[20Apr2025 11:51:52.621] [main/WARN] [net.minecraft.command.Commands/]: Ambiguity between arguments [teleport, destination] and [teleport, targets] with inputs: [Player, 0123, @e, dd12be42-52a9-4a91-a8a1-11c01849e498]
[20Apr2025 11:51:52.623] [main/WARN] [net.minecraft.command.Commands/]: Ambiguity between arguments [teleport, location] and [teleport, destination] with inputs: [0.1 -0.5 .9, 0 0 0]
[20Apr2025 11:51:52.627] [main/WARN] [net.minecraft.command.Commands/]: Ambiguity between arguments [teleport, location] and [teleport, targets] with inputs: [0.1 -0.5 .9, 0 0 0]
[20Apr2025 11:51:52.631] [main/WARN] [net.minecraft.command.Commands/]: Ambiguity between arguments [teleport, targets] and [teleport, destination] with inputs: [Player, 0123, dd12be42-52a9-4a91-a8a1-11c01849e498]
[20Apr2025 11:51:52.633] [main/WARN] [net.minecraft.command.Commands/]: Ambiguity between arguments [teleport, targets, location] and [teleport, targets, destination] with inputs: [0.1 -0.5 .9, 0 0 0]
[20Apr2025 11:51:52.638] [main/WARN] [net.minecraft.command.Commands/]: Ambiguity between arguments [voicechat, join, group_id] and [voicechat, join, group_name] with inputs: [dd12be42-52a9-4a91-a8a1-11c01849e498]
[20Apr2025 11:51:52.657] [main/INFO] [mod.chiselsandbits.reloading.DataReloadingResourceManager/]: Setting up data reloading resource manager.
[20Apr2025 11:51:52.682] [main/INFO] [net.minecraft.resources.SimpleReloadableResourceManager/]: Reloading ResourceManager: Default, dynamiclightsreforged-mc1.16.5_v1.0.1.jar, mowziesmobs-1.5.27.jar, BetterDungeons-1.16.4-1.2.1.jar, mine-mine-no-mi-1.16.5-0.10.5.jar, jei-1.16.5-7.8.0.1009.jar, abnormals_core-1.16.5-3.3.1.jar, libraryferret-forge-1.16.5-4.0.0.jar, BetterCaves-Forge-1.16.4-1.1.2.jar, Waystones_1.16.5-7.6.4.jar, BetterPortals-1.16.4-0.3.9.jar, CTM-MC1.16.1-1.1.2.6.jar, comforts-forge-1.16.5-4.0.1.5.jar, citadel-1.8.1-1.16.5.jar, alexsmobs-1.12.1.jar, NaturesCompass-1.16.5-1.9.1-forge.jar, Artifacts-1.16.5-2.10.5.jar, SereneSeasons-1.16.5-4.0.1.130-universal.jar, YungsApi-1.16.4-Forge-13.jar, OuterEnd-0.2.14.jar, Bookshelf-Forge-1.16.5-10.4.33.jar, Coins-1.16.5-6.0.2.jar, BadMobs-1.16.5-9.1.9.jar, sophisticatedbackpacks-1.16.5-3.15.20.755.jar, ExplorersCompass-1.16.5-1.1.2-forge.jar, iChunUtil-1.16.5-10.7.0.jar, carryon-1.16.5-1.15.6.24.jar, islands-1.16.5-1.4.2.jar, forge-1.16.5-36.2.42-universal.jar, supplementaries-1.16.5-0.18.5.jar, xercamusic-1.16.5-2.1.2.jar, embeddium-0.3.18+mc1.16.5.jar, idas_forge-1.5.5+1.16.5.jar, selene-1.16.5-1.9.0.jar, corpse-1.16.5-1.0.6.jar, hakibar-1.16.5-1.8.jar, FarmersDelight-1.16.5-0.6.0.jar, culturaldelights-1.16.5-0.9.2.jar, voicechat-forge-1.16.5-2.5.29.jar, Alex's Delight 1.1.3 - Forge 1.16.5.jar, simpleshops-1.1.3.jar, Jade-1.16.4-2.8.3.jar, endrem-5.0.3-R-1.16.5.jar, UnusualEnd1.16_V1.3.0.jar, Platform-forge-1.16.5-1.2.5.jar, YungsBridges-Forge-1.16.4-1.0.1.jar, cavesandcliffs-1.16.5-7.2.0.jar, L_Enders Cataclysm-0.48 Changed Theme -1.16.5.jar, flywheel-1.16-0.2.5.jar, create-mc1.16.5_v0.3.2g.jar, curios-forge-1.16.5-4.1.0.0.jar, collective-1.16.5-5.49.jar, AutoRegLib-1.6-49.jar, Quark-r2.4-322.jar, ParCool-1.16.5-3.3.1.1.jar, YungsExtras-Forge-1.16.4-1.0.jar, FramedBlocks-2.16.3.jar, bettervillage-forge-1.16.5-3.3.0.jar, BetterStrongholds-1.16.4-1.2.1.jar, CustomNPCs-1.16.5.20220515.jar, starterkit_1.16.5-4.1.jar, CaveBiomeAPI-forge-2.0.0.jar, architectury-1.32.68.jar, lootr-1.16.5-0.2.19.51.jar, Chisel-MC1.16.5-2.0.1-alpha.4.jar, cloth-config-4.17.132-forge.jar, Aquaculture-1.16.5-2.1.23.jar, valkyrienskies-116-2.0.0-alpha6.jar, eureka-1.0.0-alpha7.jar, toms_storage-1.16.5-1.2.24.jar, expandability-2.0.1-forge.jar, CosmeticArmorReworked-1.16.5-v5a.jar, chiselsandbits-1.0.42-ALPHA.jar, BetterMineshafts-Forge-1.16.4-2.0.4.jar, geckolib-forge-1.16.5-3.0.106.jar, skin_changer-0.2.2.jar, minecraft_shenanigansbc-1.0.0-forge-1.16.5.jar
[20Apr2025 11:51:53.496] [Worker-Main-5/ERROR] [net.minecraft.client.resources.JsonReloadListener/]: Couldn't parse data file minecraft:beetroot_soup from minecraft:recipes/beetroot_soup.json
com.google.gson.JsonParseException: java.io.EOFException: End of input at line 1 column 1 path $
	at net.minecraft.util.JSONUtils.func_188173_a(SourceFile:495) ~[?:?]
	at net.minecraft.util.JSONUtils.func_193839_a(SourceFile:532) ~[?:?]
	at net.minecraft.client.resources.JsonReloadListener.func_212854_a_(JsonReloadListener.java:48) ~[?:?]
	at net.minecraft.client.resources.JsonReloadListener.func_212854_a_(JsonReloadListener.java:22) ~[?:?]
	at net.minecraft.client.resources.ReloadListener.func_215270_b(SourceFile:11) ~[?:?]
	at java.util.concurrent.CompletableFuture$AsyncSupply.run(CompletableFuture.java:1700) [?:?]
	at java.util.concurrent.CompletableFuture$AsyncSupply.exec(CompletableFuture.java:1692) [?:?]
	at java.util.concurrent.ForkJoinTask.doExec(ForkJoinTask.java:290) [?:?]
	at java.util.concurrent.ForkJoinPool$WorkQueue.topLevelExec(ForkJoinPool.java:1020) [?:?]
	at java.util.concurrent.ForkJoinPool.scan(ForkJoinPool.java:1656) [?:?]
	at java.util.concurrent.ForkJoinPool.runWorker(ForkJoinPool.java:1594) [?:?]
	at java.util.concurrent.ForkJoinWorkerThread.run(ForkJoinWorkerThread.java:183) [?:?]
Caused by: java.io.EOFException: End of input at line 1 column 1 path $
	at com.google.gson.stream.JsonReader.nextNonWhitespace(JsonReader.java:1393) ~[server-1.16.5-20210115.111550-extra.jar:?]
	at com.google.gson.stream.JsonReader.doPeek(JsonReader.java:549) ~[server-1.16.5-20210115.111550-extra.jar:?]
	at com.google.gson.stream.JsonReader.peek(JsonReader.java:425) ~[server-1.16.5-20210115.111550-extra.jar:?]
	at com.google.gson.internal.bind.TypeAdapters$29.read(TypeAdapters.java:716) ~[server-1.16.5-20210115.111550-extra.jar:?]
	at com.google.gson.internal.bind.TypeAdapters$29.read(TypeAdapters.java:714) ~[server-1.16.5-20210115.111550-extra.jar:?]
	at com.google.gson.internal.bind.TypeAdapters$35$1.read(TypeAdapters.java:910) ~[server-1.16.5-20210115.111550-extra.jar:?]
	at net.minecraft.util.JSONUtils.func_188173_a(SourceFile:493) ~[?:?]
	... 11 more
[20Apr2025 11:51:54.687] [Worker-Main-5/ERROR] [net.minecraft.client.resources.JsonReloadListener/]: Couldn't parse data file minecraft:mushroom_stew from minecraft:recipes/mushroom_stew.json
com.google.gson.JsonParseException: java.io.EOFException: End of input at line 1 column 1 path $
	at net.minecraft.util.JSONUtils.func_188173_a(SourceFile:495) ~[?:?]
	at net.minecraft.util.JSONUtils.func_193839_a(SourceFile:532) ~[?:?]
	at net.minecraft.client.resources.JsonReloadListener.func_212854_a_(JsonReloadListener.java:48) ~[?:?]
	at net.minecraft.client.resources.JsonReloadListener.func_212854_a_(JsonReloadListener.java:22) ~[?:?]
	at net.minecraft.client.resources.ReloadListener.func_215270_b(SourceFile:11) ~[?:?]
	at java.util.concurrent.CompletableFuture$AsyncSupply.run(CompletableFuture.java:1700) [?:?]
	at java.util.concurrent.CompletableFuture$AsyncSupply.exec(CompletableFuture.java:1692) [?:?]
	at java.util.concurrent.ForkJoinTask.doExec(ForkJoinTask.java:290) [?:?]
	at java.util.concurrent.ForkJoinPool$WorkQueue.topLevelExec(ForkJoinPool.java:1020) [?:?]
	at java.util.concurrent.ForkJoinPool.scan(ForkJoinPool.java:1656) [?:?]
	at java.util.concurrent.ForkJoinPool.runWorker(ForkJoinPool.java:1594) [?:?]
	at java.util.concurrent.ForkJoinWorkerThread.run(ForkJoinWorkerThread.java:183) [?:?]
Caused by: java.io.EOFException: End of input at line 1 column 1 path $
	at com.google.gson.stream.JsonReader.nextNonWhitespace(JsonReader.java:1393) ~[server-1.16.5-20210115.111550-extra.jar:?]
	at com.google.gson.stream.JsonReader.doPeek(JsonReader.java:549) ~[server-1.16.5-20210115.111550-extra.jar:?]
	at com.google.gson.stream.JsonReader.peek(JsonReader.java:425) ~[server-1.16.5-20210115.111550-extra.jar:?]
	at com.google.gson.internal.bind.TypeAdapters$29.read(TypeAdapters.java:716) ~[server-1.16.5-20210115.111550-extra.jar:?]
	at com.google.gson.internal.bind.TypeAdapters$29.read(TypeAdapters.java:714) ~[server-1.16.5-20210115.111550-extra.jar:?]
	at com.google.gson.internal.bind.TypeAdapters$35$1.read(TypeAdapters.java:910) ~[server-1.16.5-20210115.111550-extra.jar:?]
	at net.minecraft.util.JSONUtils.func_188173_a(SourceFile:493) ~[?:?]
	... 11 more
[20Apr2025 11:51:55.066] [Worker-Main-5/ERROR] [net.minecraft.client.resources.JsonReloadListener/]: Couldn't parse data file minecraft:rabbit_stew_from_brown_mushroom from minecraft:recipes/rabbit_stew_from_brown_mushroom.json
com.google.gson.JsonParseException: java.io.EOFException: End of input at line 1 column 1 path $
	at net.minecraft.util.JSONUtils.func_188173_a(SourceFile:495) ~[?:?]
	at net.minecraft.util.JSONUtils.func_193839_a(SourceFile:532) ~[?:?]
	at net.minecraft.client.resources.JsonReloadListener.func_212854_a_(JsonReloadListener.java:48) ~[?:?]
	at net.minecraft.client.resources.JsonReloadListener.func_212854_a_(JsonReloadListener.java:22) ~[?:?]
	at net.minecraft.client.resources.ReloadListener.func_215270_b(SourceFile:11) ~[?:?]
	at java.util.concurrent.CompletableFuture$AsyncSupply.run(CompletableFuture.java:1700) [?:?]
	at java.util.concurrent.CompletableFuture$AsyncSupply.exec(CompletableFuture.java:1692) [?:?]
	at java.util.concurrent.ForkJoinTask.doExec(ForkJoinTask.java:290) [?:?]
	at java.util.concurrent.ForkJoinPool$WorkQueue.topLevelExec(ForkJoinPool.java:1020) [?:?]
	at java.util.concurrent.ForkJoinPool.scan(ForkJoinPool.java:1656) [?:?]
	at java.util.concurrent.ForkJoinPool.runWorker(ForkJoinPool.java:1594) [?:?]
	at java.util.concurrent.ForkJoinWorkerThread.run(ForkJoinWorkerThread.java:183) [?:?]
Caused by: java.io.EOFException: End of input at line 1 column 1 path $
	at com.google.gson.stream.JsonReader.nextNonWhitespace(JsonReader.java:1393) ~[server-1.16.5-20210115.111550-extra.jar:?]
	at com.google.gson.stream.JsonReader.doPeek(JsonReader.java:549) ~[server-1.16.5-20210115.111550-extra.jar:?]
	at com.google.gson.stream.JsonReader.peek(JsonReader.java:425) ~[server-1.16.5-20210115.111550-extra.jar:?]
	at com.google.gson.internal.bind.TypeAdapters$29.read(TypeAdapters.java:716) ~[server-1.16.5-20210115.111550-extra.jar:?]
	at com.google.gson.internal.bind.TypeAdapters$29.read(TypeAdapters.java:714) ~[server-1.16.5-20210115.111550-extra.jar:?]
	at com.google.gson.internal.bind.TypeAdapters$35$1.read(TypeAdapters.java:910) ~[server-1.16.5-20210115.111550-extra.jar:?]
	at net.minecraft.util.JSONUtils.func_188173_a(SourceFile:493) ~[?:?]
	... 11 more
[20Apr2025 11:51:55.076] [Worker-Main-5/ERROR] [net.minecraft.client.resources.JsonReloadListener/]: Couldn't parse data file minecraft:rabbit_stew_from_red_mushroom from minecraft:recipes/rabbit_stew_from_red_mushroom.json
com.google.gson.JsonParseException: java.io.EOFException: End of input at line 1 column 1 path $
	at net.minecraft.util.JSONUtils.func_188173_a(SourceFile:495) ~[?:?]
	at net.minecraft.util.JSONUtils.func_193839_a(SourceFile:532) ~[?:?]
	at net.minecraft.client.resources.JsonReloadListener.func_212854_a_(JsonReloadListener.java:48) ~[?:?]
	at net.minecraft.client.resources.JsonReloadListener.func_212854_a_(JsonReloadListener.java:22) ~[?:?]
	at net.minecraft.client.resources.ReloadListener.func_215270_b(SourceFile:11) ~[?:?]
	at java.util.concurrent.CompletableFuture$AsyncSupply.run(CompletableFuture.java:1700) [?:?]
	at java.util.concurrent.CompletableFuture$AsyncSupply.exec(CompletableFuture.java:1692) [?:?]
	at java.util.concurrent.ForkJoinTask.doExec(ForkJoinTask.java:290) [?:?]
	at java.util.concurrent.ForkJoinPool$WorkQueue.topLevelExec(ForkJoinPool.java:1020) [?:?]
	at java.util.concurrent.ForkJoinPool.scan(ForkJoinPool.java:1656) [?:?]
	at java.util.concurrent.ForkJoinPool.runWorker(ForkJoinPool.java:1594) [?:?]
	at java.util.concurrent.ForkJoinWorkerThread.run(ForkJoinWorkerThread.java:183) [?:?]
Caused by: java.io.EOFException: End of input at line 1 column 1 path $
	at com.google.gson.stream.JsonReader.nextNonWhitespace(JsonReader.java:1393) ~[server-1.16.5-20210115.111550-extra.jar:?]
	at com.google.gson.stream.JsonReader.doPeek(JsonReader.java:549) ~[server-1.16.5-20210115.111550-extra.jar:?]
	at com.google.gson.stream.JsonReader.peek(JsonReader.java:425) ~[server-1.16.5-20210115.111550-extra.jar:?]
	at com.google.gson.internal.bind.TypeAdapters$29.read(TypeAdapters.java:716) ~[server-1.16.5-20210115.111550-extra.jar:?]
	at com.google.gson.internal.bind.TypeAdapters$29.read(TypeAdapters.java:714) ~[server-1.16.5-20210115.111550-extra.jar:?]
	at com.google.gson.internal.bind.TypeAdapters$35$1.read(TypeAdapters.java:910) ~[server-1.16.5-20210115.111550-extra.jar:?]
	at net.minecraft.util.JSONUtils.func_188173_a(SourceFile:493) ~[?:?]
	... 11 more
[20Apr2025 11:51:56.046] [Worker-Main-4/INFO] [com.minecraftabnormals.abnormals_core.core.AbnormalsCore/]: Loot Modification Manager has loaded 0 sets of modifiers
[20Apr2025 11:51:56.123] [Worker-Main-4/ERROR] [net.minecraft.item.crafting.RecipeManager/]: Parsing error loading recipe culturaldelights:mat_rolling/lionfish_maki
com.google.gson.JsonSyntaxException: Unknown item 'upgrade_aquatic:lionfish'
	at net.minecraft.item.crafting.Ingredient.lambda$valueFromJson$11(Ingredient.java:216) ~[?:?]
	at java.util.Optional.orElseThrow(Optional.java:408) ~[?:?]
	at net.minecraft.item.crafting.Ingredient.func_199803_a(Ingredient.java:215) ~[?:?]
	at net.minecraftforge.common.crafting.VanillaIngredientSerializer.parse(VanillaIngredientSerializer.java:27) ~[forge:?]
	at net.minecraftforge.common.crafting.CraftingHelper.getIngredient(CraftingHelper.java:141) ~[forge:?]
	at net.minecraft.item.crafting.Ingredient.func_199802_a(Ingredient.java:189) ~[?:?]
	at net.ncpbails.culturaldelights.data.recipes.BambooMatRecipe$Serializer.read(BambooMatRecipe.java:102) ~[culturaldelights:1.16.5-0.9.2]
	at net.ncpbails.culturaldelights.data.recipes.BambooMatRecipe$Serializer.func_199425_a_(BambooMatRecipe.java:91) ~[culturaldelights:1.16.5-0.9.2]
	at net.minecraft.item.crafting.RecipeManager.func_215377_a(RecipeManager.java:141) ~[?:?]
	at net.minecraft.item.crafting.RecipeManager.func_212853_a_(RecipeManager.java:61) ~[?:?]
	at net.minecraft.item.crafting.RecipeManager.func_212853_a_(RecipeManager.java:38) ~[?:?]
	at net.minecraft.client.resources.ReloadListener.func_215269_a(SourceFile:13) ~[?:?]
	at java.util.concurrent.CompletableFuture$UniAccept.tryFire(CompletableFuture.java:714) ~[?:?]
	at java.util.concurrent.CompletableFuture$Completion.run(CompletableFuture.java:478) ~[?:?]
	at net.minecraft.resources.AsyncReloader.func_219557_a(SourceFile:71) ~[?:?]
	at net.minecraft.resources.AsyncReloader.func_219560_a(SourceFile:70) ~[?:?]
	at java.util.concurrent.CompletableFuture$UniCompletion.claim(CompletableFuture.java:568) ~[?:?]
	at java.util.concurrent.CompletableFuture$UniAccept.tryFire(CompletableFuture.java:710) ~[?:?]
	at java.util.concurrent.CompletableFuture.postComplete(CompletableFuture.java:506) ~[?:?]
	at java.util.concurrent.CompletableFuture.postFire(CompletableFuture.java:610) ~[?:?]
	at java.util.concurrent.CompletableFuture$UniAccept.tryFire(CompletableFuture.java:722) ~[?:?]
	at java.util.concurrent.CompletableFuture$Completion.run(CompletableFuture.java:478) ~[?:?]
	at net.minecraft.resources.AsyncReloader.func_219557_a(SourceFile:71) ~[?:?]
	at net.minecraft.resources.AsyncReloader.func_219560_a(SourceFile:70) ~[?:?]
	at java.util.concurrent.CompletableFuture$UniCompletion.claim(CompletableFuture.java:568) ~[?:?]
	at java.util.concurrent.CompletableFuture$UniAccept.tryFire(CompletableFuture.java:710) ~[?:?]
	at java.util.concurrent.CompletableFuture.postComplete(CompletableFuture.java:506) ~[?:?]
	at java.util.concurrent.CompletableFuture.postFire(CompletableFuture.java:610) ~[?:?]
	at java.util.concurrent.CompletableFuture$UniAccept.tryFire(CompletableFuture.java:722) ~[?:?]
	at java.util.concurrent.CompletableFuture$Completion.run(CompletableFuture.java:478) ~[?:?]
	at net.minecraft.resources.AsyncReloader.func_219557_a(SourceFile:71) ~[?:?]
	at net.minecraft.resources.AsyncReloader.func_219560_a(SourceFile:70) ~[?:?]
	at java.util.concurrent.CompletableFuture$UniCompletion.claim(CompletableFuture.java:568) ~[?:?]
	at java.util.concurrent.CompletableFuture$UniAccept.tryFire(CompletableFuture.java:710) ~[?:?]
	at java.util.concurrent.CompletableFuture.postComplete(CompletableFuture.java:506) ~[?:?]
	at java.util.concurrent.CompletableFuture.postFire(CompletableFuture.java:610) ~[?:?]
	at java.util.concurrent.CompletableFuture$UniAccept.tryFire(CompletableFuture.java:722) ~[?:?]
	at java.util.concurrent.CompletableFuture$Completion.run(CompletableFuture.java:478) ~[?:?]
	at net.minecraft.resources.AsyncReloader.func_219557_a(SourceFile:71) ~[?:?]
	at net.minecraft.resources.AsyncReloader.func_219560_a(SourceFile:70) ~[?:?]
	at java.util.concurrent.CompletableFuture$UniCompletion.claim(CompletableFuture.java:568) ~[?:?]
	at java.util.concurrent.CompletableFuture$UniAccept.tryFire(CompletableFuture.java:710) ~[?:?]
	at java.util.concurrent.CompletableFuture.postComplete(CompletableFuture.java:506) ~[?:?]
	at java.util.concurrent.CompletableFuture.complete(CompletableFuture.java:2079) ~[?:?]
	at net.minecraft.resources.AsyncReloader$1.func_216873_a(SourceFile:53) ~[?:?]
	at net.minecraft.resources.AsyncReloader$1.func_216872_a(SourceFile:50) ~[?:?]
	at java.util.concurrent.CompletableFuture$UniCompose.tryFire(CompletableFuture.java:1072) [?:?]
	at java.util.concurrent.CompletableFuture.postComplete(CompletableFuture.java:506) [?:?]
	at java.util.concurrent.CompletableFuture$AsyncSupply.run(CompletableFuture.java:1705) [?:?]
	at java.util.concurrent.CompletableFuture$AsyncSupply.exec(CompletableFuture.java:1692) [?:?]
	at java.util.concurrent.ForkJoinTask.doExec(ForkJoinTask.java:290) [?:?]
	at java.util.concurrent.ForkJoinPool$WorkQueue.topLevelExec(ForkJoinPool.java:1020) [?:?]
	at java.util.concurrent.ForkJoinPool.scan(ForkJoinPool.java:1656) [?:?]
	at java.util.concurrent.ForkJoinPool.runWorker(ForkJoinPool.java:1594) [?:?]
	at java.util.concurrent.ForkJoinWorkerThread.run(ForkJoinWorkerThread.java:183) [?:?]
[20Apr2025 11:51:56.134] [Worker-Main-4/ERROR] [net.minecraft.item.crafting.RecipeManager/]: Parsing error loading recipe culturaldelights:mat_rolling/mutton_sandwich
com.google.gson.JsonSyntaxException: Unknown item 'farmersdelight:mutton_sandwich'
	at net.minecraft.item.crafting.ShapedRecipe.func_222129_c(ShapedRecipe.java:262) ~[?:?]
	at java.util.Optional.orElseThrow(Optional.java:408) ~[?:?]
	at net.minecraft.item.crafting.ShapedRecipe.func_199798_a(ShapedRecipe.java:261) ~[?:?]
	at net.ncpbails.culturaldelights.data.recipes.BambooMatRecipe$Serializer.read(BambooMatRecipe.java:96) ~[culturaldelights:1.16.5-0.9.2]
	at net.ncpbails.culturaldelights.data.recipes.BambooMatRecipe$Serializer.func_199425_a_(BambooMatRecipe.java:91) ~[culturaldelights:1.16.5-0.9.2]
	at net.minecraft.item.crafting.RecipeManager.func_215377_a(RecipeManager.java:141) ~[?:?]
	at net.minecraft.item.crafting.RecipeManager.func_212853_a_(RecipeManager.java:61) ~[?:?]
	at net.minecraft.item.crafting.RecipeManager.func_212853_a_(RecipeManager.java:38) ~[?:?]
	at net.minecraft.client.resources.ReloadListener.func_215269_a(SourceFile:13) ~[?:?]
	at java.util.concurrent.CompletableFuture$UniAccept.tryFire(CompletableFuture.java:714) ~[?:?]
	at java.util.concurrent.CompletableFuture$Completion.run(CompletableFuture.java:478) ~[?:?]
	at net.minecraft.resources.AsyncReloader.func_219557_a(SourceFile:71) ~[?:?]
	at net.minecraft.resources.AsyncReloader.func_219560_a(SourceFile:70) ~[?:?]
	at java.util.concurrent.CompletableFuture$UniCompletion.claim(CompletableFuture.java:568) ~[?:?]
	at java.util.concurrent.CompletableFuture$UniAccept.tryFire(CompletableFuture.java:710) ~[?:?]
	at java.util.concurrent.CompletableFuture.postComplete(CompletableFuture.java:506) ~[?:?]
	at java.util.concurrent.CompletableFuture.postFire(CompletableFuture.java:610) ~[?:?]
	at java.util.concurrent.CompletableFuture$UniAccept.tryFire(CompletableFuture.java:722) ~[?:?]
	at java.util.concurrent.CompletableFuture$Completion.run(CompletableFuture.java:478) ~[?:?]
	at net.minecraft.resources.AsyncReloader.func_219557_a(SourceFile:71) ~[?:?]
	at net.minecraft.resources.AsyncReloader.func_219560_a(SourceFile:70) ~[?:?]
	at java.util.concurrent.CompletableFuture$UniCompletion.claim(CompletableFuture.java:568) ~[?:?]
	at java.util.concurrent.CompletableFuture$UniAccept.tryFire(CompletableFuture.java:710) ~[?:?]
	at java.util.concurrent.CompletableFuture.postComplete(CompletableFuture.java:506) ~[?:?]
	at java.util.concurrent.CompletableFuture.postFire(CompletableFuture.java:610) ~[?:?]
	at java.util.concurrent.CompletableFuture$UniAccept.tryFire(CompletableFuture.java:722) ~[?:?]
	at java.util.concurrent.CompletableFuture$Completion.run(CompletableFuture.java:478) ~[?:?]
	at net.minecraft.resources.AsyncReloader.func_219557_a(SourceFile:71) ~[?:?]
	at net.minecraft.resources.AsyncReloader.func_219560_a(SourceFile:70) ~[?:?]
	at java.util.concurrent.CompletableFuture$UniCompletion.claim(CompletableFuture.java:568) ~[?:?]
	at java.util.concurrent.CompletableFuture$UniAccept.tryFire(CompletableFuture.java:710) ~[?:?]
	at java.util.concurrent.CompletableFuture.postComplete(CompletableFuture.java:506) ~[?:?]
	at java.util.concurrent.CompletableFuture.postFire(CompletableFuture.java:610) ~[?:?]
	at java.util.concurrent.CompletableFuture$UniAccept.tryFire(CompletableFuture.java:722) ~[?:?]
	at java.util.concurrent.CompletableFuture$Completion.run(CompletableFuture.java:478) ~[?:?]
	at net.minecraft.resources.AsyncReloader.func_219557_a(SourceFile:71) ~[?:?]
	at net.minecraft.resources.AsyncReloader.func_219560_a(SourceFile:70) ~[?:?]
	at java.util.concurrent.CompletableFuture$UniCompletion.claim(CompletableFuture.java:568) ~[?:?]
	at java.util.concurrent.CompletableFuture$UniAccept.tryFire(CompletableFuture.java:710) ~[?:?]
	at java.util.concurrent.CompletableFuture.postComplete(CompletableFuture.java:506) ~[?:?]
	at java.util.concurrent.CompletableFuture.complete(CompletableFuture.java:2079) ~[?:?]
	at net.minecraft.resources.AsyncReloader$1.func_216873_a(SourceFile:53) ~[?:?]
	at net.minecraft.resources.AsyncReloader$1.func_216872_a(SourceFile:50) ~[?:?]
	at java.util.concurrent.CompletableFuture$UniCompose.tryFire(CompletableFuture.java:1072) [?:?]
	at java.util.concurrent.CompletableFuture.postComplete(CompletableFuture.java:506) [?:?]
	at java.util.concurrent.CompletableFuture$AsyncSupply.run(CompletableFuture.java:1705) [?:?]
	at java.util.concurrent.CompletableFuture$AsyncSupply.exec(CompletableFuture.java:1692) [?:?]
	at java.util.concurrent.ForkJoinTask.doExec(ForkJoinTask.java:290) [?:?]
	at java.util.concurrent.ForkJoinPool$WorkQueue.topLevelExec(ForkJoinPool.java:1020) [?:?]
	at java.util.concurrent.ForkJoinPool.scan(ForkJoinPool.java:1656) [?:?]
	at java.util.concurrent.ForkJoinPool.runWorker(ForkJoinPool.java:1594) [?:?]
	at java.util.concurrent.ForkJoinWorkerThread.run(ForkJoinWorkerThread.java:183) [?:?]
[20Apr2025 11:51:56.140] [Worker-Main-4/INFO] [net.minecraft.item.crafting.RecipeManager/]: Skipping loading recipe supplementaries:candelabra_silver as it's serializer returned null
[20Apr2025 11:51:56.168] [Worker-Main-4/INFO] [net.minecraft.item.crafting.RecipeManager/]: Skipping loading recipe supplementaries:inspirations/blackboard_clear as it's serializer returned null
[20Apr2025 11:51:56.235] [Worker-Main-4/ERROR] [net.minecraft.item.crafting.RecipeManager/]: Parsing error loading recipe culturaldelights:mat_rolling/koi_nigiri
com.google.gson.JsonSyntaxException: Unknown item 'environmental:koi'
	at net.minecraft.item.crafting.Ingredient.lambda$valueFromJson$11(Ingredient.java:216) ~[?:?]
	at java.util.Optional.orElseThrow(Optional.java:408) ~[?:?]
	at net.minecraft.item.crafting.Ingredient.func_199803_a(Ingredient.java:215) ~[?:?]
	at net.minecraftforge.common.crafting.VanillaIngredientSerializer.parse(VanillaIngredientSerializer.java:27) ~[forge:?]
	at net.minecraftforge.common.crafting.CraftingHelper.getIngredient(CraftingHelper.java:141) ~[forge:?]
	at net.minecraft.item.crafting.Ingredient.func_199802_a(Ingredient.java:189) ~[?:?]
	at net.ncpbails.culturaldelights.data.recipes.BambooMatRecipe$Serializer.read(BambooMatRecipe.java:102) ~[culturaldelights:1.16.5-0.9.2]
	at net.ncpbails.culturaldelights.data.recipes.BambooMatRecipe$Serializer.func_199425_a_(BambooMatRecipe.java:91) ~[culturaldelights:1.16.5-0.9.2]
	at net.minecraft.item.crafting.RecipeManager.func_215377_a(RecipeManager.java:141) ~[?:?]
	at net.minecraft.item.crafting.RecipeManager.func_212853_a_(RecipeManager.java:61) ~[?:?]
	at net.minecraft.item.crafting.RecipeManager.func_212853_a_(RecipeManager.java:38) ~[?:?]
	at net.minecraft.client.resources.ReloadListener.func_215269_a(SourceFile:13) ~[?:?]
	at java.util.concurrent.CompletableFuture$UniAccept.tryFire(CompletableFuture.java:714) ~[?:?]
	at java.util.concurrent.CompletableFuture$Completion.run(CompletableFuture.java:478) ~[?:?]
	at net.minecraft.resources.AsyncReloader.func_219557_a(SourceFile:71) ~[?:?]
	at net.minecraft.resources.AsyncReloader.func_219560_a(SourceFile:70) ~[?:?]
	at java.util.concurrent.CompletableFuture$UniCompletion.claim(CompletableFuture.java:568) ~[?:?]
	at java.util.concurrent.CompletableFuture$UniAccept.tryFire(CompletableFuture.java:710) ~[?:?]
	at java.util.concurrent.CompletableFuture.postComplete(CompletableFuture.java:506) ~[?:?]
	at java.util.concurrent.CompletableFuture.postFire(CompletableFuture.java:610) ~[?:?]
	at java.util.concurrent.CompletableFuture$UniAccept.tryFire(CompletableFuture.java:722) ~[?:?]
	at java.util.concurrent.CompletableFuture$Completion.run(CompletableFuture.java:478) ~[?:?]
	at net.minecraft.resources.AsyncReloader.func_219557_a(SourceFile:71) ~[?:?]
	at net.minecraft.resources.AsyncReloader.func_219560_a(SourceFile:70) ~[?:?]
	at java.util.concurrent.CompletableFuture$UniCompletion.claim(CompletableFuture.java:568) ~[?:?]
	at java.util.concurrent.CompletableFuture$UniAccept.tryFire(CompletableFuture.java:710) ~[?:?]
	at java.util.concurrent.CompletableFuture.postComplete(CompletableFuture.java:506) ~[?:?]
	at java.util.concurrent.CompletableFuture.postFire(CompletableFuture.java:610) ~[?:?]
	at java.util.concurrent.CompletableFuture$UniAccept.tryFire(CompletableFuture.java:722) ~[?:?]
	at java.util.concurrent.CompletableFuture$Completion.run(CompletableFuture.java:478) ~[?:?]
	at net.minecraft.resources.AsyncReloader.func_219557_a(SourceFile:71) ~[?:?]
	at net.minecraft.resources.AsyncReloader.func_219560_a(SourceFile:70) ~[?:?]
	at java.util.concurrent.CompletableFuture$UniCompletion.claim(CompletableFuture.java:568) ~[?:?]
	at java.util.concurrent.CompletableFuture$UniAccept.tryFire(CompletableFuture.java:710) ~[?:?]
	at java.util.concurrent.CompletableFuture.postComplete(CompletableFuture.java:506) ~[?:?]
	at java.util.concurrent.CompletableFuture.postFire(CompletableFuture.java:610) ~[?:?]
	at java.util.concurrent.CompletableFuture$UniAccept.tryFire(CompletableFuture.java:722) ~[?:?]
	at java.util.concurrent.CompletableFuture$Completion.run(CompletableFuture.java:478) ~[?:?]
	at net.minecraft.resources.AsyncReloader.func_219557_a(SourceFile:71) ~[?:?]
	at net.minecraft.resources.AsyncReloader.func_219560_a(SourceFile:70) ~[?:?]
	at java.util.concurrent.CompletableFuture$UniCompletion.claim(CompletableFuture.java:568) ~[?:?]
	at java.util.concurrent.CompletableFuture$UniAccept.tryFire(CompletableFuture.java:710) ~[?:?]
	at java.util.concurrent.CompletableFuture.postComplete(CompletableFuture.java:506) ~[?:?]
	at java.util.concurrent.CompletableFuture.complete(CompletableFuture.java:2079) ~[?:?]
	at net.minecraft.resources.AsyncReloader$1.func_216873_a(SourceFile:53) ~[?:?]
	at net.minecraft.resources.AsyncReloader$1.func_216872_a(SourceFile:50) ~[?:?]
	at java.util.concurrent.CompletableFuture$UniCompose.tryFire(CompletableFuture.java:1072) [?:?]
	at java.util.concurrent.CompletableFuture.postComplete(CompletableFuture.java:506) [?:?]
	at java.util.concurrent.CompletableFuture$AsyncSupply.run(CompletableFuture.java:1705) [?:?]
	at java.util.concurrent.CompletableFuture$AsyncSupply.exec(CompletableFuture.java:1692) [?:?]
	at java.util.concurrent.ForkJoinTask.doExec(ForkJoinTask.java:290) [?:?]
	at java.util.concurrent.ForkJoinPool$WorkQueue.topLevelExec(ForkJoinPool.java:1020) [?:?]
	at java.util.concurrent.ForkJoinPool.scan(ForkJoinPool.java:1656) [?:?]
	at java.util.concurrent.ForkJoinPool.runWorker(ForkJoinPool.java:1594) [?:?]
	at java.util.concurrent.ForkJoinWorkerThread.run(ForkJoinWorkerThread.java:183) [?:?]
[20Apr2025 11:51:56.299] [Worker-Main-4/INFO] [net.minecraft.item.crafting.RecipeManager/]: Skipping loading recipe supplementaries:inspirations/flag_dye as it's serializer returned null
[20Apr2025 11:51:56.332] [Worker-Main-4/INFO] [net.minecraft.item.crafting.RecipeManager/]: Skipping loading recipe supplementaries:planter_rich_soul as it's serializer returned null
[20Apr2025 11:51:56.358] [Worker-Main-4/ERROR] [net.minecraft.item.crafting.RecipeManager/]: Parsing error loading recipe parcool:parcool_guide
com.google.gson.JsonSyntaxException: Unknown item 'patchouli:guide_book'
	at net.minecraft.item.crafting.ShapedRecipe.func_222129_c(ShapedRecipe.java:262) ~[?:?]
	at java.util.Optional.orElseThrow(Optional.java:408) ~[?:?]
	at net.minecraft.item.crafting.ShapedRecipe.func_199798_a(ShapedRecipe.java:261) ~[?:?]
	at net.minecraft.item.crafting.ShapelessRecipe$Serializer.func_199425_a_(ShapelessRecipe.java:86) ~[?:?]
	at net.minecraft.item.crafting.ShapelessRecipe$Serializer.func_199425_a_(ShapelessRecipe.java:76) ~[?:?]
	at net.minecraft.item.crafting.RecipeManager.func_215377_a(RecipeManager.java:141) ~[?:?]
	at net.minecraft.item.crafting.RecipeManager.func_212853_a_(RecipeManager.java:61) ~[?:?]
	at net.minecraft.item.crafting.RecipeManager.func_212853_a_(RecipeManager.java:38) ~[?:?]
	at net.minecraft.client.resources.ReloadListener.func_215269_a(SourceFile:13) ~[?:?]
	at java.util.concurrent.CompletableFuture$UniAccept.tryFire(CompletableFuture.java:714) ~[?:?]
	at java.util.concurrent.CompletableFuture$Completion.run(CompletableFuture.java:478) ~[?:?]
	at net.minecraft.resources.AsyncReloader.func_219557_a(SourceFile:71) ~[?:?]
	at net.minecraft.resources.AsyncReloader.func_219560_a(SourceFile:70) ~[?:?]
	at java.util.concurrent.CompletableFuture$UniCompletion.claim(CompletableFuture.java:568) ~[?:?]
	at java.util.concurrent.CompletableFuture$UniAccept.tryFire(CompletableFuture.java:710) ~[?:?]
	at java.util.concurrent.CompletableFuture.postComplete(CompletableFuture.java:506) ~[?:?]
	at java.util.concurrent.CompletableFuture.postFire(CompletableFuture.java:610) ~[?:?]
	at java.util.concurrent.CompletableFuture$UniAccept.tryFire(CompletableFuture.java:722) ~[?:?]
	at java.util.concurrent.CompletableFuture$Completion.run(CompletableFuture.java:478) ~[?:?]
	at net.minecraft.resources.AsyncReloader.func_219557_a(SourceFile:71) ~[?:?]
	at net.minecraft.resources.AsyncReloader.func_219560_a(SourceFile:70) ~[?:?]
	at java.util.concurrent.CompletableFuture$UniCompletion.claim(CompletableFuture.java:568) ~[?:?]
	at java.util.concurrent.CompletableFuture$UniAccept.tryFire(CompletableFuture.java:710) ~[?:?]
	at java.util.concurrent.CompletableFuture.postComplete(CompletableFuture.java:506) ~[?:?]
	at java.util.concurrent.CompletableFuture.postFire(CompletableFuture.java:610) ~[?:?]
	at java.util.concurrent.CompletableFuture$UniAccept.tryFire(CompletableFuture.java:722) ~[?:?]
	at java.util.concurrent.CompletableFuture$Completion.run(CompletableFuture.java:478) ~[?:?]
	at net.minecraft.resources.AsyncReloader.func_219557_a(SourceFile:71) ~[?:?]
	at net.minecraft.resources.AsyncReloader.func_219560_a(SourceFile:70) ~[?:?]
	at java.util.concurrent.CompletableFuture$UniCompletion.claim(CompletableFuture.java:568) ~[?:?]
	at java.util.concurrent.CompletableFuture$UniAccept.tryFire(CompletableFuture.java:710) ~[?:?]
	at java.util.concurrent.CompletableFuture.postComplete(CompletableFuture.java:506) ~[?:?]
	at java.util.concurrent.CompletableFuture.postFire(CompletableFuture.java:610) ~[?:?]
	at java.util.concurrent.CompletableFuture$UniAccept.tryFire(CompletableFuture.java:722) ~[?:?]
	at java.util.concurrent.CompletableFuture$Completion.run(CompletableFuture.java:478) ~[?:?]
	at net.minecraft.resources.AsyncReloader.func_219557_a(SourceFile:71) ~[?:?]
	at net.minecraft.resources.AsyncReloader.func_219560_a(SourceFile:70) ~[?:?]
	at java.util.concurrent.CompletableFuture$UniCompletion.claim(CompletableFuture.java:568) ~[?:?]
	at java.util.concurrent.CompletableFuture$UniAccept.tryFire(CompletableFuture.java:710) ~[?:?]
	at java.util.concurrent.CompletableFuture.postComplete(CompletableFuture.java:506) ~[?:?]
	at java.util.concurrent.CompletableFuture.complete(CompletableFuture.java:2079) ~[?:?]
	at net.minecraft.resources.AsyncReloader$1.func_216873_a(SourceFile:53) ~[?:?]
	at net.minecraft.resources.AsyncReloader$1.func_216872_a(SourceFile:50) ~[?:?]
	at java.util.concurrent.CompletableFuture$UniCompose.tryFire(CompletableFuture.java:1072) [?:?]
	at java.util.concurrent.CompletableFuture.postComplete(CompletableFuture.java:506) [?:?]
	at java.util.concurrent.CompletableFuture$AsyncSupply.run(CompletableFuture.java:1705) [?:?]
	at java.util.concurrent.CompletableFuture$AsyncSupply.exec(CompletableFuture.java:1692) [?:?]
	at java.util.concurrent.ForkJoinTask.doExec(ForkJoinTask.java:290) [?:?]
	at java.util.concurrent.ForkJoinPool$WorkQueue.topLevelExec(ForkJoinPool.java:1020) [?:?]
	at java.util.concurrent.ForkJoinPool.scan(ForkJoinPool.java:1656) [?:?]
	at java.util.concurrent.ForkJoinPool.runWorker(ForkJoinPool.java:1594) [?:?]
	at java.util.concurrent.ForkJoinWorkerThread.run(ForkJoinWorkerThread.java:183) [?:?]
[20Apr2025 11:51:56.398] [Worker-Main-4/ERROR] [net.minecraft.item.crafting.RecipeManager/]: Parsing error loading recipe unusualend:chorus_planks_via_cutting
com.google.gson.JsonSyntaxException: Unknown ingredient type: farmersdelight:tool_action
	at net.minecraftforge.common.crafting.CraftingHelper.getIngredient(CraftingHelper.java:139) ~[forge:?]
	at net.minecraft.item.crafting.Ingredient.func_199802_a(Ingredient.java:189) ~[?:?]
	at vectorwing.farmersdelight.crafting.CuttingBoardRecipe$Serializer.fromJson(CuttingBoardRecipe.java:155) ~[farmersdelight:1.16.5-0.6.0]
	at vectorwing.farmersdelight.crafting.CuttingBoardRecipe$Serializer.func_199425_a_(CuttingBoardRecipe.java:144) ~[farmersdelight:1.16.5-0.6.0]
	at net.minecraft.item.crafting.RecipeManager.func_215377_a(RecipeManager.java:141) ~[?:?]
	at net.minecraft.item.crafting.RecipeManager.func_212853_a_(RecipeManager.java:61) ~[?:?]
	at net.minecraft.item.crafting.RecipeManager.func_212853_a_(RecipeManager.java:38) ~[?:?]
	at net.minecraft.client.resources.ReloadListener.func_215269_a(SourceFile:13) ~[?:?]
	at java.util.concurrent.CompletableFuture$UniAccept.tryFire(CompletableFuture.java:714) ~[?:?]
	at java.util.concurrent.CompletableFuture$Completion.run(CompletableFuture.java:478) ~[?:?]
	at net.minecraft.resources.AsyncReloader.func_219557_a(SourceFile:71) ~[?:?]
	at net.minecraft.resources.AsyncReloader.func_219560_a(SourceFile:70) ~[?:?]
	at java.util.concurrent.CompletableFuture$UniCompletion.claim(CompletableFuture.java:568) ~[?:?]
	at java.util.concurrent.CompletableFuture$UniAccept.tryFire(CompletableFuture.java:710) ~[?:?]
	at java.util.concurrent.CompletableFuture.postComplete(CompletableFuture.java:506) ~[?:?]
	at java.util.concurrent.CompletableFuture.postFire(CompletableFuture.java:610) ~[?:?]
	at java.util.concurrent.CompletableFuture$UniAccept.tryFire(CompletableFuture.java:722) ~[?:?]
	at java.util.concurrent.CompletableFuture$Completion.run(CompletableFuture.java:478) ~[?:?]
	at net.minecraft.resources.AsyncReloader.func_219557_a(SourceFile:71) ~[?:?]
	at net.minecraft.resources.AsyncReloader.func_219560_a(SourceFile:70) ~[?:?]
	at java.util.concurrent.CompletableFuture$UniCompletion.claim(CompletableFuture.java:568) ~[?:?]
	at java.util.concurrent.CompletableFuture$UniAccept.tryFire(CompletableFuture.java:710) ~[?:?]
	at java.util.concurrent.CompletableFuture.postComplete(CompletableFuture.java:506) ~[?:?]
	at java.util.concurrent.CompletableFuture.postFire(CompletableFuture.java:610) ~[?:?]
	at java.util.concurrent.CompletableFuture$UniAccept.tryFire(CompletableFuture.java:722) ~[?:?]
	at java.util.concurrent.CompletableFuture$Completion.run(CompletableFuture.java:478) ~[?:?]
	at net.minecraft.resources.AsyncReloader.func_219557_a(SourceFile:71) ~[?:?]
	at net.minecraft.resources.AsyncReloader.func_219560_a(SourceFile:70) ~[?:?]
	at java.util.concurrent.CompletableFuture$UniCompletion.claim(CompletableFuture.java:568) ~[?:?]
	at java.util.concurrent.CompletableFuture$UniAccept.tryFire(CompletableFuture.java:710) ~[?:?]
	at java.util.concurrent.CompletableFuture.postComplete(CompletableFuture.java:506) ~[?:?]
	at java.util.concurrent.CompletableFuture.postFire(CompletableFuture.java:610) ~[?:?]
	at java.util.concurrent.CompletableFuture$UniAccept.tryFire(CompletableFuture.java:722) ~[?:?]
	at java.util.concurrent.CompletableFuture$Completion.run(CompletableFuture.java:478) ~[?:?]
	at net.minecraft.resources.AsyncReloader.func_219557_a(SourceFile:71) ~[?:?]
	at net.minecraft.resources.AsyncReloader.func_219560_a(SourceFile:70) ~[?:?]
	at java.util.concurrent.CompletableFuture$UniCompletion.claim(CompletableFuture.java:568) ~[?:?]
	at java.util.concurrent.CompletableFuture$UniAccept.tryFire(CompletableFuture.java:710) ~[?:?]
	at java.util.concurrent.CompletableFuture.postComplete(CompletableFuture.java:506) ~[?:?]
	at java.util.concurrent.CompletableFuture.complete(CompletableFuture.java:2079) ~[?:?]
	at net.minecraft.resources.AsyncReloader$1.func_216873_a(SourceFile:53) ~[?:?]
	at net.minecraft.resources.AsyncReloader$1.func_216872_a(SourceFile:50) ~[?:?]
	at java.util.concurrent.CompletableFuture$UniCompose.tryFire(CompletableFuture.java:1072) [?:?]
	at java.util.concurrent.CompletableFuture.postComplete(CompletableFuture.java:506) [?:?]
	at java.util.concurrent.CompletableFuture$AsyncSupply.run(CompletableFuture.java:1705) [?:?]
	at java.util.concurrent.CompletableFuture$AsyncSupply.exec(CompletableFuture.java:1692) [?:?]
	at java.util.concurrent.ForkJoinTask.doExec(ForkJoinTask.java:290) [?:?]
	at java.util.concurrent.ForkJoinPool$WorkQueue.topLevelExec(ForkJoinPool.java:1020) [?:?]
	at java.util.concurrent.ForkJoinPool.scan(ForkJoinPool.java:1656) [?:?]
	at java.util.concurrent.ForkJoinPool.runWorker(ForkJoinPool.java:1594) [?:?]
	at java.util.concurrent.ForkJoinWorkerThread.run(ForkJoinWorkerThread.java:183) [?:?]
[20Apr2025 11:51:56.403] [Worker-Main-4/ERROR] [net.minecraft.item.crafting.RecipeManager/]: Parsing error loading recipe culturaldelights:mat_rolling/pike_maki
com.google.gson.JsonSyntaxException: Unknown item 'upgrade_aquatic:pike'
	at net.minecraft.item.crafting.Ingredient.lambda$valueFromJson$11(Ingredient.java:216) ~[?:?]
	at java.util.Optional.orElseThrow(Optional.java:408) ~[?:?]
	at net.minecraft.item.crafting.Ingredient.func_199803_a(Ingredient.java:215) ~[?:?]
	at net.minecraftforge.common.crafting.VanillaIngredientSerializer.parse(VanillaIngredientSerializer.java:27) ~[forge:?]
	at net.minecraftforge.common.crafting.CraftingHelper.getIngredient(CraftingHelper.java:141) ~[forge:?]
	at net.minecraft.item.crafting.Ingredient.func_199802_a(Ingredient.java:189) ~[?:?]
	at net.ncpbails.culturaldelights.data.recipes.BambooMatRecipe$Serializer.read(BambooMatRecipe.java:102) ~[culturaldelights:1.16.5-0.9.2]
	at net.ncpbails.culturaldelights.data.recipes.BambooMatRecipe$Serializer.func_199425_a_(BambooMatRecipe.java:91) ~[culturaldelights:1.16.5-0.9.2]
	at net.minecraft.item.crafting.RecipeManager.func_215377_a(RecipeManager.java:141) ~[?:?]
	at net.minecraft.item.crafting.RecipeManager.func_212853_a_(RecipeManager.java:61) ~[?:?]
	at net.minecraft.item.crafting.RecipeManager.func_212853_a_(RecipeManager.java:38) ~[?:?]
	at net.minecraft.client.resources.ReloadListener.func_215269_a(SourceFile:13) ~[?:?]
	at java.util.concurrent.CompletableFuture$UniAccept.tryFire(CompletableFuture.java:714) ~[?:?]
	at java.util.concurrent.CompletableFuture$Completion.run(CompletableFuture.java:478) ~[?:?]
	at net.minecraft.resources.AsyncReloader.func_219557_a(SourceFile:71) ~[?:?]
	at net.minecraft.resources.AsyncReloader.func_219560_a(SourceFile:70) ~[?:?]
	at java.util.concurrent.CompletableFuture$UniCompletion.claim(CompletableFuture.java:568) ~[?:?]
	at java.util.concurrent.CompletableFuture$UniAccept.tryFire(CompletableFuture.java:710) ~[?:?]
	at java.util.concurrent.CompletableFuture.postComplete(CompletableFuture.java:506) ~[?:?]
	at java.util.concurrent.CompletableFuture.postFire(CompletableFuture.java:610) ~[?:?]
	at java.util.concurrent.CompletableFuture$UniAccept.tryFire(CompletableFuture.java:722) ~[?:?]
	at java.util.concurrent.CompletableFuture$Completion.run(CompletableFuture.java:478) ~[?:?]
	at net.minecraft.resources.AsyncReloader.func_219557_a(SourceFile:71) ~[?:?]
	at net.minecraft.resources.AsyncReloader.func_219560_a(SourceFile:70) ~[?:?]
	at java.util.concurrent.CompletableFuture$UniCompletion.claim(CompletableFuture.java:568) ~[?:?]
	at java.util.concurrent.CompletableFuture$UniAccept.tryFire(CompletableFuture.java:710) ~[?:?]
	at java.util.concurrent.CompletableFuture.postComplete(CompletableFuture.java:506) ~[?:?]
	at java.util.concurrent.CompletableFuture.postFire(CompletableFuture.java:610) ~[?:?]
	at java.util.concurrent.CompletableFuture$UniAccept.tryFire(CompletableFuture.java:722) ~[?:?]
	at java.util.concurrent.CompletableFuture$Completion.run(CompletableFuture.java:478) ~[?:?]
	at net.minecraft.resources.AsyncReloader.func_219557_a(SourceFile:71) ~[?:?]
	at net.minecraft.resources.AsyncReloader.func_219560_a(SourceFile:70) ~[?:?]
	at java.util.concurrent.CompletableFuture$UniCompletion.claim(CompletableFuture.java:568) ~[?:?]
	at java.util.concurrent.CompletableFuture$UniAccept.tryFire(CompletableFuture.java:710) ~[?:?]
	at java.util.concurrent.CompletableFuture.postComplete(CompletableFuture.java:506) ~[?:?]
	at java.util.concurrent.CompletableFuture.postFire(CompletableFuture.java:610) ~[?:?]
	at java.util.concurrent.CompletableFuture$UniAccept.tryFire(CompletableFuture.java:722) ~[?:?]
	at java.util.concurrent.CompletableFuture$Completion.run(CompletableFuture.java:478) ~[?:?]
	at net.minecraft.resources.AsyncReloader.func_219557_a(SourceFile:71) ~[?:?]
	at net.minecraft.resources.AsyncReloader.func_219560_a(SourceFile:70) ~[?:?]
	at java.util.concurrent.CompletableFuture$UniCompletion.claim(CompletableFuture.java:568) ~[?:?]
	at java.util.concurrent.CompletableFuture$UniAccept.tryFire(CompletableFuture.java:710) ~[?:?]
	at java.util.concurrent.CompletableFuture.postComplete(CompletableFuture.java:506) ~[?:?]
	at java.util.concurrent.CompletableFuture.complete(CompletableFuture.java:2079) ~[?:?]
	at net.minecraft.resources.AsyncReloader$1.func_216873_a(SourceFile:53) ~[?:?]
	at net.minecraft.resources.AsyncReloader$1.func_216872_a(SourceFile:50) ~[?:?]
	at java.util.concurrent.CompletableFuture$UniCompose.tryFire(CompletableFuture.java:1072) [?:?]
	at java.util.concurrent.CompletableFuture.postComplete(CompletableFuture.java:506) [?:?]
	at java.util.concurrent.CompletableFuture$AsyncSupply.run(CompletableFuture.java:1705) [?:?]
	at java.util.concurrent.CompletableFuture$AsyncSupply.exec(CompletableFuture.java:1692) [?:?]
	at java.util.concurrent.ForkJoinTask.doExec(ForkJoinTask.java:290) [?:?]
	at java.util.concurrent.ForkJoinPool$WorkQueue.topLevelExec(ForkJoinPool.java:1020) [?:?]
	at java.util.concurrent.ForkJoinPool.scan(ForkJoinPool.java:1656) [?:?]
	at java.util.concurrent.ForkJoinPool.runWorker(ForkJoinPool.java:1594) [?:?]
	at java.util.concurrent.ForkJoinWorkerThread.run(ForkJoinWorkerThread.java:183) [?:?]
[20Apr2025 11:51:56.424] [Worker-Main-4/ERROR] [net.minecraft.item.crafting.RecipeManager/]: Parsing error loading recipe culturaldelights:mat_rolling/perch_nigiri
com.google.gson.JsonSyntaxException: Unknown item 'upgrade_aquatic:perch'
	at net.minecraft.item.crafting.Ingredient.lambda$valueFromJson$11(Ingredient.java:216) ~[?:?]
	at java.util.Optional.orElseThrow(Optional.java:408) ~[?:?]
	at net.minecraft.item.crafting.Ingredient.func_199803_a(Ingredient.java:215) ~[?:?]
	at net.minecraftforge.common.crafting.VanillaIngredientSerializer.parse(VanillaIngredientSerializer.java:27) ~[forge:?]
	at net.minecraftforge.common.crafting.CraftingHelper.getIngredient(CraftingHelper.java:141) ~[forge:?]
	at net.minecraft.item.crafting.Ingredient.func_199802_a(Ingredient.java:189) ~[?:?]
	at net.ncpbails.culturaldelights.data.recipes.BambooMatRecipe$Serializer.read(BambooMatRecipe.java:102) ~[culturaldelights:1.16.5-0.9.2]
	at net.ncpbails.culturaldelights.data.recipes.BambooMatRecipe$Serializer.func_199425_a_(BambooMatRecipe.java:91) ~[culturaldelights:1.16.5-0.9.2]
	at net.minecraft.item.crafting.RecipeManager.func_215377_a(RecipeManager.java:141) ~[?:?]
	at net.minecraft.item.crafting.RecipeManager.func_212853_a_(RecipeManager.java:61) ~[?:?]
	at net.minecraft.item.crafting.RecipeManager.func_212853_a_(RecipeManager.java:38) ~[?:?]
	at net.minecraft.client.resources.ReloadListener.func_215269_a(SourceFile:13) ~[?:?]
	at java.util.concurrent.CompletableFuture$UniAccept.tryFire(CompletableFuture.java:714) ~[?:?]
	at java.util.concurrent.CompletableFuture$Completion.run(CompletableFuture.java:478) ~[?:?]
	at net.minecraft.resources.AsyncReloader.func_219557_a(SourceFile:71) ~[?:?]
	at net.minecraft.resources.AsyncReloader.func_219560_a(SourceFile:70) ~[?:?]
	at java.util.concurrent.CompletableFuture$UniCompletion.claim(CompletableFuture.java:568) ~[?:?]
	at java.util.concurrent.CompletableFuture$UniAccept.tryFire(CompletableFuture.java:710) ~[?:?]
	at java.util.concurrent.CompletableFuture.postComplete(CompletableFuture.java:506) ~[?:?]
	at java.util.concurrent.CompletableFuture.postFire(CompletableFuture.java:610) ~[?:?]
	at java.util.concurrent.CompletableFuture$UniAccept.tryFire(CompletableFuture.java:722) ~[?:?]
	at java.util.concurrent.CompletableFuture$Completion.run(CompletableFuture.java:478) ~[?:?]
	at net.minecraft.resources.AsyncReloader.func_219557_a(SourceFile:71) ~[?:?]
	at net.minecraft.resources.AsyncReloader.func_219560_a(SourceFile:70) ~[?:?]
	at java.util.concurrent.CompletableFuture$UniCompletion.claim(CompletableFuture.java:568) ~[?:?]
	at java.util.concurrent.CompletableFuture$UniAccept.tryFire(CompletableFuture.java:710) ~[?:?]
	at java.util.concurrent.CompletableFuture.postComplete(CompletableFuture.java:506) ~[?:?]
	at java.util.concurrent.CompletableFuture.postFire(CompletableFuture.java:610) ~[?:?]
	at java.util.concurrent.CompletableFuture$UniAccept.tryFire(CompletableFuture.java:722) ~[?:?]
	at java.util.concurrent.CompletableFuture$Completion.run(CompletableFuture.java:478) ~[?:?]
	at net.minecraft.resources.AsyncReloader.func_219557_a(SourceFile:71) ~[?:?]
	at net.minecraft.resources.AsyncReloader.func_219560_a(SourceFile:70) ~[?:?]
	at java.util.concurrent.CompletableFuture$UniCompletion.claim(CompletableFuture.java:568) ~[?:?]
	at java.util.concurrent.CompletableFuture$UniAccept.tryFire(CompletableFuture.java:710) ~[?:?]
	at java.util.concurrent.CompletableFuture.postComplete(CompletableFuture.java:506) ~[?:?]
	at java.util.concurrent.CompletableFuture.postFire(CompletableFuture.java:610) ~[?:?]
	at java.util.concurrent.CompletableFuture$UniAccept.tryFire(CompletableFuture.java:722) ~[?:?]
	at java.util.concurrent.CompletableFuture$Completion.run(CompletableFuture.java:478) ~[?:?]
	at net.minecraft.resources.AsyncReloader.func_219557_a(SourceFile:71) ~[?:?]
	at net.minecraft.resources.AsyncReloader.func_219560_a(SourceFile:70) ~[?:?]
	at java.util.concurrent.CompletableFuture$UniCompletion.claim(CompletableFuture.java:568) ~[?:?]
	at java.util.concurrent.CompletableFuture$UniAccept.tryFire(CompletableFuture.java:710) ~[?:?]
	at java.util.concurrent.CompletableFuture.postComplete(CompletableFuture.java:506) ~[?:?]
	at java.util.concurrent.CompletableFuture.complete(CompletableFuture.java:2079) ~[?:?]
	at net.minecraft.resources.AsyncReloader$1.func_216873_a(SourceFile:53) ~[?:?]
	at net.minecraft.resources.AsyncReloader$1.func_216872_a(SourceFile:50) ~[?:?]
	at java.util.concurrent.CompletableFuture$UniCompose.tryFire(CompletableFuture.java:1072) [?:?]
	at java.util.concurrent.CompletableFuture.postComplete(CompletableFuture.java:506) [?:?]
	at java.util.concurrent.CompletableFuture$AsyncSupply.run(CompletableFuture.java:1705) [?:?]
	at java.util.concurrent.CompletableFuture$AsyncSupply.exec(CompletableFuture.java:1692) [?:?]
	at java.util.concurrent.ForkJoinTask.doExec(ForkJoinTask.java:290) [?:?]
	at java.util.concurrent.ForkJoinPool$WorkQueue.topLevelExec(ForkJoinPool.java:1020) [?:?]
	at java.util.concurrent.ForkJoinPool.scan(ForkJoinPool.java:1656) [?:?]
	at java.util.concurrent.ForkJoinPool.runWorker(ForkJoinPool.java:1594) [?:?]
	at java.util.concurrent.ForkJoinWorkerThread.run(ForkJoinWorkerThread.java:183) [?:?]
[20Apr2025 11:51:56.434] [Worker-Main-4/INFO] [net.minecraft.item.crafting.RecipeManager/]: Skipping loading recipe supplementaries:inspirations/flag_clear as it's serializer returned null
[20Apr2025 11:51:56.482] [Worker-Main-4/INFO] [net.minecraft.item.crafting.RecipeManager/]: Skipping loading recipe supplementaries:firefly_jar_tf as it's serializer returned null
[20Apr2025 11:51:56.508] [Worker-Main-4/ERROR] [net.minecraft.item.crafting.RecipeManager/]: Parsing error loading recipe culturaldelights:avocado_leaf_carpet
com.google.gson.JsonSyntaxException: Unknown item 'culturaldelights:avocado_leaf_carpet'
	at net.minecraft.item.crafting.ShapedRecipe.func_222129_c(ShapedRecipe.java:262) ~[?:?]
	at java.util.Optional.orElseThrow(Optional.java:408) ~[?:?]
	at net.minecraft.item.crafting.ShapedRecipe.func_199798_a(ShapedRecipe.java:261) ~[?:?]
	at net.minecraft.item.crafting.ShapedRecipe$Serializer.func_199425_a_(ShapedRecipe.java:281) ~[?:?]
	at net.minecraft.item.crafting.ShapedRecipe$Serializer.func_199425_a_(ShapedRecipe.java:272) ~[?:?]
	at net.minecraft.item.crafting.RecipeManager.func_215377_a(RecipeManager.java:141) ~[?:?]
	at net.minecraft.item.crafting.RecipeManager.func_212853_a_(RecipeManager.java:61) ~[?:?]
	at net.minecraft.item.crafting.RecipeManager.func_212853_a_(RecipeManager.java:38) ~[?:?]
	at net.minecraft.client.resources.ReloadListener.func_215269_a(SourceFile:13) ~[?:?]
	at java.util.concurrent.CompletableFuture$UniAccept.tryFire(CompletableFuture.java:714) ~[?:?]
	at java.util.concurrent.CompletableFuture$Completion.run(CompletableFuture.java:478) ~[?:?]
	at net.minecraft.resources.AsyncReloader.func_219557_a(SourceFile:71) ~[?:?]
	at net.minecraft.resources.AsyncReloader.func_219560_a(SourceFile:70) ~[?:?]
	at java.util.concurrent.CompletableFuture$UniCompletion.claim(CompletableFuture.java:568) ~[?:?]
	at java.util.concurrent.CompletableFuture$UniAccept.tryFire(CompletableFuture.java:710) ~[?:?]
	at java.util.concurrent.CompletableFuture.postComplete(CompletableFuture.java:506) ~[?:?]
	at java.util.concurrent.CompletableFuture.postFire(CompletableFuture.java:610) ~[?:?]
	at java.util.concurrent.CompletableFuture$UniAccept.tryFire(CompletableFuture.java:722) ~[?:?]
	at java.util.concurrent.CompletableFuture$Completion.run(CompletableFuture.java:478) ~[?:?]
	at net.minecraft.resources.AsyncReloader.func_219557_a(SourceFile:71) ~[?:?]
	at net.minecraft.resources.AsyncReloader.func_219560_a(SourceFile:70) ~[?:?]
	at java.util.concurrent.CompletableFuture$UniCompletion.claim(CompletableFuture.java:568) ~[?:?]
	at java.util.concurrent.CompletableFuture$UniAccept.tryFire(CompletableFuture.java:710) ~[?:?]
	at java.util.concurrent.CompletableFuture.postComplete(CompletableFuture.java:506) ~[?:?]
	at java.util.concurrent.CompletableFuture.postFire(CompletableFuture.java:610) ~[?:?]
	at java.util.concurrent.CompletableFuture$UniAccept.tryFire(CompletableFuture.java:722) ~[?:?]
	at java.util.concurrent.CompletableFuture$Completion.run(CompletableFuture.java:478) ~[?:?]
	at net.minecraft.resources.AsyncReloader.func_219557_a(SourceFile:71) ~[?:?]
	at net.minecraft.resources.AsyncReloader.func_219560_a(SourceFile:70) ~[?:?]
	at java.util.concurrent.CompletableFuture$UniCompletion.claim(CompletableFuture.java:568) ~[?:?]
	at java.util.concurrent.CompletableFuture$UniAccept.tryFire(CompletableFuture.java:710) ~[?:?]
	at java.util.concurrent.CompletableFuture.postComplete(CompletableFuture.java:506) ~[?:?]
	at java.util.concurrent.CompletableFuture.postFire(CompletableFuture.java:610) ~[?:?]
	at java.util.concurrent.CompletableFuture$UniAccept.tryFire(CompletableFuture.java:722) ~[?:?]
	at java.util.concurrent.CompletableFuture$Completion.run(CompletableFuture.java:478) ~[?:?]
	at net.minecraft.resources.AsyncReloader.func_219557_a(SourceFile:71) ~[?:?]
	at net.minecraft.resources.AsyncReloader.func_219560_a(SourceFile:70) ~[?:?]
	at java.util.concurrent.CompletableFuture$UniCompletion.claim(CompletableFuture.java:568) ~[?:?]
	at java.util.concurrent.CompletableFuture$UniAccept.tryFire(CompletableFuture.java:710) ~[?:?]
	at java.util.concurrent.CompletableFuture.postComplete(CompletableFuture.java:506) ~[?:?]
	at java.util.concurrent.CompletableFuture.complete(CompletableFuture.java:2079) ~[?:?]
	at net.minecraft.resources.AsyncReloader$1.func_216873_a(SourceFile:53) ~[?:?]
	at net.minecraft.resources.AsyncReloader$1.func_216872_a(SourceFile:50) ~[?:?]
	at java.util.concurrent.CompletableFuture$UniCompose.tryFire(CompletableFuture.java:1072) [?:?]
	at java.util.concurrent.CompletableFuture.postComplete(CompletableFuture.java:506) [?:?]
	at java.util.concurrent.CompletableFuture$AsyncSupply.run(CompletableFuture.java:1705) [?:?]
	at java.util.concurrent.CompletableFuture$AsyncSupply.exec(CompletableFuture.java:1692) [?:?]
	at java.util.concurrent.ForkJoinTask.doExec(ForkJoinTask.java:290) [?:?]
	at java.util.concurrent.ForkJoinPool$WorkQueue.topLevelExec(ForkJoinPool.java:1020) [?:?]
	at java.util.concurrent.ForkJoinPool.scan(ForkJoinPool.java:1656) [?:?]
	at java.util.concurrent.ForkJoinPool.runWorker(ForkJoinPool.java:1594) [?:?]
	at java.util.concurrent.ForkJoinWorkerThread.run(ForkJoinWorkerThread.java:183) [?:?]
[20Apr2025 11:51:56.541] [Worker-Main-4/ERROR] [net.minecraft.item.crafting.RecipeManager/]: Parsing error loading recipe unusualend:chorus_stairs_via_cutting
com.google.gson.JsonSyntaxException: Unknown ingredient type: farmersdelight:tool_action
	at net.minecraftforge.common.crafting.CraftingHelper.getIngredient(CraftingHelper.java:139) ~[forge:?]
	at net.minecraft.item.crafting.Ingredient.func_199802_a(Ingredient.java:189) ~[?:?]
	at vectorwing.farmersdelight.crafting.CuttingBoardRecipe$Serializer.fromJson(CuttingBoardRecipe.java:155) ~[farmersdelight:1.16.5-0.6.0]
	at vectorwing.farmersdelight.crafting.CuttingBoardRecipe$Serializer.func_199425_a_(CuttingBoardRecipe.java:144) ~[farmersdelight:1.16.5-0.6.0]
	at net.minecraft.item.crafting.RecipeManager.func_215377_a(RecipeManager.java:141) ~[?:?]
	at net.minecraft.item.crafting.RecipeManager.func_212853_a_(RecipeManager.java:61) ~[?:?]
	at net.minecraft.item.crafting.RecipeManager.func_212853_a_(RecipeManager.java:38) ~[?:?]
	at net.minecraft.client.resources.ReloadListener.func_215269_a(SourceFile:13) ~[?:?]
	at java.util.concurrent.CompletableFuture$UniAccept.tryFire(CompletableFuture.java:714) ~[?:?]
	at java.util.concurrent.CompletableFuture$Completion.run(CompletableFuture.java:478) ~[?:?]
	at net.minecraft.resources.AsyncReloader.func_219557_a(SourceFile:71) ~[?:?]
	at net.minecraft.resources.AsyncReloader.func_219560_a(SourceFile:70) ~[?:?]
	at java.util.concurrent.CompletableFuture$UniCompletion.claim(CompletableFuture.java:568) ~[?:?]
	at java.util.concurrent.CompletableFuture$UniAccept.tryFire(CompletableFuture.java:710) ~[?:?]
	at java.util.concurrent.CompletableFuture.postComplete(CompletableFuture.java:506) ~[?:?]
	at java.util.concurrent.CompletableFuture.postFire(CompletableFuture.java:610) ~[?:?]
	at java.util.concurrent.CompletableFuture$UniAccept.tryFire(CompletableFuture.java:722) ~[?:?]
	at java.util.concurrent.CompletableFuture$Completion.run(CompletableFuture.java:478) ~[?:?]
	at net.minecraft.resources.AsyncReloader.func_219557_a(SourceFile:71) ~[?:?]
	at net.minecraft.resources.AsyncReloader.func_219560_a(SourceFile:70) ~[?:?]
	at java.util.concurrent.CompletableFuture$UniCompletion.claim(CompletableFuture.java:568) ~[?:?]
	at java.util.concurrent.CompletableFuture$UniAccept.tryFire(CompletableFuture.java:710) ~[?:?]
	at java.util.concurrent.CompletableFuture.postComplete(CompletableFuture.java:506) ~[?:?]
	at java.util.concurrent.CompletableFuture.postFire(CompletableFuture.java:610) ~[?:?]
	at java.util.concurrent.CompletableFuture$UniAccept.tryFire(CompletableFuture.java:722) ~[?:?]
	at java.util.concurrent.CompletableFuture$Completion.run(CompletableFuture.java:478) ~[?:?]
	at net.minecraft.resources.AsyncReloader.func_219557_a(SourceFile:71) ~[?:?]
	at net.minecraft.resources.AsyncReloader.func_219560_a(SourceFile:70) ~[?:?]
	at java.util.concurrent.CompletableFuture$UniCompletion.claim(CompletableFuture.java:568) ~[?:?]
	at java.util.concurrent.CompletableFuture$UniAccept.tryFire(CompletableFuture.java:710) ~[?:?]
	at java.util.concurrent.CompletableFuture.postComplete(CompletableFuture.java:506) ~[?:?]
	at java.util.concurrent.CompletableFuture.postFire(CompletableFuture.java:610) ~[?:?]
	at java.util.concurrent.CompletableFuture$UniAccept.tryFire(CompletableFuture.java:722) ~[?:?]
	at java.util.concurrent.CompletableFuture$Completion.run(CompletableFuture.java:478) ~[?:?]
	at net.minecraft.resources.AsyncReloader.func_219557_a(SourceFile:71) ~[?:?]
	at net.minecraft.resources.AsyncReloader.func_219560_a(SourceFile:70) ~[?:?]
	at java.util.concurrent.CompletableFuture$UniCompletion.claim(CompletableFuture.java:568) ~[?:?]
	at java.util.concurrent.CompletableFuture$UniAccept.tryFire(CompletableFuture.java:710) ~[?:?]
	at java.util.concurrent.CompletableFuture.postComplete(CompletableFuture.java:506) ~[?:?]
	at java.util.concurrent.CompletableFuture.complete(CompletableFuture.java:2079) ~[?:?]
	at net.minecraft.resources.AsyncReloader$1.func_216873_a(SourceFile:53) ~[?:?]
	at net.minecraft.resources.AsyncReloader$1.func_216872_a(SourceFile:50) ~[?:?]
	at java.util.concurrent.CompletableFuture$UniCompose.tryFire(CompletableFuture.java:1072) [?:?]
	at java.util.concurrent.CompletableFuture.postComplete(CompletableFuture.java:506) [?:?]
	at java.util.concurrent.CompletableFuture$AsyncSupply.run(CompletableFuture.java:1705) [?:?]
	at java.util.concurrent.CompletableFuture$AsyncSupply.exec(CompletableFuture.java:1692) [?:?]
	at java.util.concurrent.ForkJoinTask.doExec(ForkJoinTask.java:290) [?:?]
	at java.util.concurrent.ForkJoinPool$WorkQueue.topLevelExec(ForkJoinPool.java:1020) [?:?]
	at java.util.concurrent.ForkJoinPool.scan(ForkJoinPool.java:1656) [?:?]
	at java.util.concurrent.ForkJoinPool.runWorker(ForkJoinPool.java:1594) [?:?]
	at java.util.concurrent.ForkJoinWorkerThread.run(ForkJoinWorkerThread.java:183) [?:?]
[20Apr2025 11:51:56.550] [Worker-Main-4/ERROR] [net.minecraft.item.crafting.RecipeManager/]: Parsing error loading recipe unusualend:chorus_slab_via_cutting
com.google.gson.JsonSyntaxException: Unknown ingredient type: farmersdelight:tool_action
	at net.minecraftforge.common.crafting.CraftingHelper.getIngredient(CraftingHelper.java:139) ~[forge:?]
	at net.minecraft.item.crafting.Ingredient.func_199802_a(Ingredient.java:189) ~[?:?]
	at vectorwing.farmersdelight.crafting.CuttingBoardRecipe$Serializer.fromJson(CuttingBoardRecipe.java:155) ~[farmersdelight:1.16.5-0.6.0]
	at vectorwing.farmersdelight.crafting.CuttingBoardRecipe$Serializer.func_199425_a_(CuttingBoardRecipe.java:144) ~[farmersdelight:1.16.5-0.6.0]
	at net.minecraft.item.crafting.RecipeManager.func_215377_a(RecipeManager.java:141) ~[?:?]
	at net.minecraft.item.crafting.RecipeManager.func_212853_a_(RecipeManager.java:61) ~[?:?]
	at net.minecraft.item.crafting.RecipeManager.func_212853_a_(RecipeManager.java:38) ~[?:?]
	at net.minecraft.client.resources.ReloadListener.func_215269_a(SourceFile:13) ~[?:?]
	at java.util.concurrent.CompletableFuture$UniAccept.tryFire(CompletableFuture.java:714) ~[?:?]
	at java.util.concurrent.CompletableFuture$Completion.run(CompletableFuture.java:478) ~[?:?]
	at net.minecraft.resources.AsyncReloader.func_219557_a(SourceFile:71) ~[?:?]
	at net.minecraft.resources.AsyncReloader.func_219560_a(SourceFile:70) ~[?:?]
	at java.util.concurrent.CompletableFuture$UniCompletion.claim(CompletableFuture.java:568) ~[?:?]
	at java.util.concurrent.CompletableFuture$UniAccept.tryFire(CompletableFuture.java:710) ~[?:?]
	at java.util.concurrent.CompletableFuture.postComplete(CompletableFuture.java:506) ~[?:?]
	at java.util.concurrent.CompletableFuture.postFire(CompletableFuture.java:610) ~[?:?]
	at java.util.concurrent.CompletableFuture$UniAccept.tryFire(CompletableFuture.java:722) ~[?:?]
	at java.util.concurrent.CompletableFuture$Completion.run(CompletableFuture.java:478) ~[?:?]
	at net.minecraft.resources.AsyncReloader.func_219557_a(SourceFile:71) ~[?:?]
	at net.minecraft.resources.AsyncReloader.func_219560_a(SourceFile:70) ~[?:?]
	at java.util.concurrent.CompletableFuture$UniCompletion.claim(CompletableFuture.java:568) ~[?:?]
	at java.util.concurrent.CompletableFuture$UniAccept.tryFire(CompletableFuture.java:710) ~[?:?]
	at java.util.concurrent.CompletableFuture.postComplete(CompletableFuture.java:506) ~[?:?]
	at java.util.concurrent.CompletableFuture.postFire(CompletableFuture.java:610) ~[?:?]
	at java.util.concurrent.CompletableFuture$UniAccept.tryFire(CompletableFuture.java:722) ~[?:?]
	at java.util.concurrent.CompletableFuture$Completion.run(CompletableFuture.java:478) ~[?:?]
	at net.minecraft.resources.AsyncReloader.func_219557_a(SourceFile:71) ~[?:?]
	at net.minecraft.resources.AsyncReloader.func_219560_a(SourceFile:70) ~[?:?]
	at java.util.concurrent.CompletableFuture$UniCompletion.claim(CompletableFuture.java:568) ~[?:?]
	at java.util.concurrent.CompletableFuture$UniAccept.tryFire(CompletableFuture.java:710) ~[?:?]
	at java.util.concurrent.CompletableFuture.postComplete(CompletableFuture.java:506) ~[?:?]
	at java.util.concurrent.CompletableFuture.postFire(CompletableFuture.java:610) ~[?:?]
	at java.util.concurrent.CompletableFuture$UniAccept.tryFire(CompletableFuture.java:722) ~[?:?]
	at java.util.concurrent.CompletableFuture$Completion.run(CompletableFuture.java:478) ~[?:?]
	at net.minecraft.resources.AsyncReloader.func_219557_a(SourceFile:71) ~[?:?]
	at net.minecraft.resources.AsyncReloader.func_219560_a(SourceFile:70) ~[?:?]
	at java.util.concurrent.CompletableFuture$UniCompletion.claim(CompletableFuture.java:568) ~[?:?]
	at java.util.concurrent.CompletableFuture$UniAccept.tryFire(CompletableFuture.java:710) ~[?:?]
	at java.util.concurrent.CompletableFuture.postComplete(CompletableFuture.java:506) ~[?:?]
	at java.util.concurrent.CompletableFuture.complete(CompletableFuture.java:2079) ~[?:?]
	at net.minecraft.resources.AsyncReloader$1.func_216873_a(SourceFile:53) ~[?:?]
	at net.minecraft.resources.AsyncReloader$1.func_216872_a(SourceFile:50) ~[?:?]
	at java.util.concurrent.CompletableFuture$UniCompose.tryFire(CompletableFuture.java:1072) [?:?]
	at java.util.concurrent.CompletableFuture.postComplete(CompletableFuture.java:506) [?:?]
	at java.util.concurrent.CompletableFuture$AsyncSupply.run(CompletableFuture.java:1705) [?:?]
	at java.util.concurrent.CompletableFuture$AsyncSupply.exec(CompletableFuture.java:1692) [?:?]
	at java.util.concurrent.ForkJoinTask.doExec(ForkJoinTask.java:290) [?:?]
	at java.util.concurrent.ForkJoinPool$WorkQueue.topLevelExec(ForkJoinPool.java:1020) [?:?]
	at java.util.concurrent.ForkJoinPool.scan(ForkJoinPool.java:1656) [?:?]
	at java.util.concurrent.ForkJoinPool.runWorker(ForkJoinPool.java:1594) [?:?]
	at java.util.concurrent.ForkJoinWorkerThread.run(ForkJoinWorkerThread.java:183) [?:?]
[20Apr2025 11:51:56.581] [Worker-Main-4/INFO] [net.minecraft.item.crafting.RecipeManager/]: Loaded 24 recipes
[20Apr2025 11:51:56.582] [Worker-Main-4/INFO] [com.minecraftabnormals.abnormals_core.core.AbnormalsCore/]: Advancement Modification Manager has loaded 0 sets of modifiers
[20Apr2025 11:51:56.968] [Worker-Main-4/ERROR] [net.minecraft.loot.LootTableManager/]: Couldn't parse loot table idas:chests/winter_wagon/winter_wagon_tools
com.google.gson.JsonSyntaxException: Unknown type 'minecraft:set_potion'
	at net.minecraft.loot.LootTypesManager$Serializer.deserialize(SourceFile:80) ~[?:?]
	at com.google.gson.internal.bind.TreeTypeAdapter.read(TreeTypeAdapter.java:69) ~[server-1.16.5-20210115.111550-extra.jar:?]
	at com.google.gson.internal.bind.TypeAdapterRuntimeTypeWrapper.read(TypeAdapterRuntimeTypeWrapper.java:41) ~[server-1.16.5-20210115.111550-extra.jar:?]
	at com.google.gson.internal.bind.ArrayTypeAdapter.read(ArrayTypeAdapter.java:72) ~[server-1.16.5-20210115.111550-extra.jar:?]
	at com.google.gson.Gson.fromJson(Gson.java:887) ~[server-1.16.5-20210115.111550-extra.jar:?]
	at com.google.gson.Gson.fromJson(Gson.java:952) ~[server-1.16.5-20210115.111550-extra.jar:?]
	at com.google.gson.internal.bind.TreeTypeAdapter$GsonContextImpl.deserialize(TreeTypeAdapter.java:162) ~[server-1.16.5-20210115.111550-extra.jar:?]
	at net.minecraft.util.JSONUtils.func_188179_a(SourceFile:440) ~[?:?]
	at net.minecraft.util.JSONUtils.func_188177_a(SourceFile:456) ~[?:?]
	at net.minecraft.loot.StandaloneLootEntry$Serializer.func_230421_b_(SourceFile:149) ~[?:?]
	at net.minecraft.loot.StandaloneLootEntry$Serializer.func_230421_b_(SourceFile:129) ~[?:?]
	at net.minecraft.loot.LootEntry$Serializer.func_230423_a_(SourceFile:86) ~[?:?]
	at net.minecraft.loot.LootEntry$Serializer.func_230423_a_(SourceFile:74) ~[?:?]
	at net.minecraft.loot.LootTypesManager$Serializer.deserialize(SourceFile:83) ~[?:?]
	at com.google.gson.internal.bind.TreeTypeAdapter.read(TreeTypeAdapter.java:69) ~[server-1.16.5-20210115.111550-extra.jar:?]
	at com.google.gson.internal.bind.TypeAdapterRuntimeTypeWrapper.read(TypeAdapterRuntimeTypeWrapper.java:41) ~[server-1.16.5-20210115.111550-extra.jar:?]
	at com.google.gson.internal.bind.ArrayTypeAdapter.read(ArrayTypeAdapter.java:72) ~[server-1.16.5-20210115.111550-extra.jar:?]
	at com.google.gson.Gson.fromJson(Gson.java:887) ~[server-1.16.5-20210115.111550-extra.jar:?]
	at com.google.gson.Gson.fromJson(Gson.java:952) ~[server-1.16.5-20210115.111550-extra.jar:?]
	at com.google.gson.internal.bind.TreeTypeAdapter$GsonContextImpl.deserialize(TreeTypeAdapter.java:162) ~[server-1.16.5-20210115.111550-extra.jar:?]
	at net.minecraft.util.JSONUtils.func_188179_a(SourceFile:440) ~[?:?]
	at net.minecraft.util.JSONUtils.func_188174_a(SourceFile:448) ~[?:?]
	at net.minecraft.loot.LootPool$Serializer.deserialize(LootPool.java:183) ~[?:?]
	at net.minecraft.loot.LootPool$Serializer.deserialize(LootPool.java:180) ~[?:?]
	at com.google.gson.internal.bind.TreeTypeAdapter.read(TreeTypeAdapter.java:69) ~[server-1.16.5-20210115.111550-extra.jar:?]
	at com.google.gson.internal.bind.TypeAdapterRuntimeTypeWrapper.read(TypeAdapterRuntimeTypeWrapper.java:41) ~[server-1.16.5-20210115.111550-extra.jar:?]
	at com.google.gson.internal.bind.ArrayTypeAdapter.read(ArrayTypeAdapter.java:72) ~[server-1.16.5-20210115.111550-extra.jar:?]
	at com.google.gson.Gson.fromJson(Gson.java:887) ~[server-1.16.5-20210115.111550-extra.jar:?]
	at com.google.gson.Gson.fromJson(Gson.java:952) ~[server-1.16.5-20210115.111550-extra.jar:?]
	at com.google.gson.internal.bind.TreeTypeAdapter$GsonContextImpl.deserialize(TreeTypeAdapter.java:162) ~[server-1.16.5-20210115.111550-extra.jar:?]
	at net.minecraft.util.JSONUtils.func_188179_a(SourceFile:440) ~[?:?]
	at net.minecraft.util.JSONUtils.func_188177_a(SourceFile:456) ~[?:?]
	at net.minecraft.loot.LootTable$Serializer.deserialize(LootTable.java:252) ~[?:?]
	at net.minecraft.loot.LootTable$Serializer.deserialize(LootTable.java:249) ~[?:?]
	at com.google.gson.internal.bind.TreeTypeAdapter.read(TreeTypeAdapter.java:69) ~[server-1.16.5-20210115.111550-extra.jar:?]
	at com.google.gson.Gson.fromJson(Gson.java:887) ~[server-1.16.5-20210115.111550-extra.jar:?]
	at com.google.gson.Gson.fromJson(Gson.java:952) ~[server-1.16.5-20210115.111550-extra.jar:?]
	at com.google.gson.Gson.fromJson(Gson.java:925) ~[server-1.16.5-20210115.111550-extra.jar:?]
	at net.minecraftforge.common.ForgeHooks.loadLootTable(ForgeHooks.java:874) ~[forge:?]
	at net.minecraft.loot.LootTableManager.lambda$apply$0(LootTableManager.java:40) ~[?:?]
	at java.util.HashMap.forEach(HashMap.java:1337) ~[?:?]
	at net.minecraft.loot.LootTableManager.func_212853_a_(LootTableManager.java:38) ~[?:?]
	at net.minecraft.loot.LootTableManager.func_212853_a_(LootTableManager.java:16) ~[?:?]
	at net.minecraft.client.resources.ReloadListener.func_215269_a(SourceFile:13) ~[?:?]
	at java.util.concurrent.CompletableFuture$UniAccept.tryFire(CompletableFuture.java:714) ~[?:?]
	at java.util.concurrent.CompletableFuture$Completion.run(CompletableFuture.java:478) ~[?:?]
	at net.minecraft.resources.AsyncReloader.func_219557_a(SourceFile:71) ~[?:?]
	at net.minecraft.resources.AsyncReloader.func_219560_a(SourceFile:70) ~[?:?]
	at java.util.concurrent.CompletableFuture$UniCompletion.claim(CompletableFuture.java:568) ~[?:?]
	at java.util.concurrent.CompletableFuture$UniAccept.tryFire(CompletableFuture.java:710) ~[?:?]
	at java.util.concurrent.CompletableFuture.postComplete(CompletableFuture.java:506) ~[?:?]
	at java.util.concurrent.CompletableFuture.postFire(CompletableFuture.java:610) ~[?:?]
	at java.util.concurrent.CompletableFuture$UniAccept.tryFire(CompletableFuture.java:722) ~[?:?]
	at java.util.concurrent.CompletableFuture$Completion.run(CompletableFuture.java:478) ~[?:?]
	at net.minecraft.resources.AsyncReloader.func_219557_a(SourceFile:71) ~[?:?]
	at net.minecraft.resources.AsyncReloader.func_219560_a(SourceFile:70) ~[?:?]
	at java.util.concurrent.CompletableFuture$UniCompletion.claim(CompletableFuture.java:568) ~[?:?]
	at java.util.concurrent.CompletableFuture$UniAccept.tryFire(CompletableFuture.java:710) ~[?:?]
	at java.util.concurrent.CompletableFuture.postComplete(CompletableFuture.java:506) ~[?:?]
	at java.util.concurrent.CompletableFuture.postFire(CompletableFuture.java:610) ~[?:?]
	at java.util.concurrent.CompletableFuture$UniAccept.tryFire(CompletableFuture.java:722) ~[?:?]
	at java.util.concurrent.CompletableFuture$Completion.run(CompletableFuture.java:478) ~[?:?]
	at net.minecraft.resources.AsyncReloader.func_219557_a(SourceFile:71) ~[?:?]
	at net.minecraft.resources.AsyncReloader.func_219560_a(SourceFile:70) ~[?:?]
	at java.util.concurrent.CompletableFuture$UniCompletion.claim(CompletableFuture.java:568) ~[?:?]
	at java.util.concurrent.CompletableFuture$UniAccept.tryFire(CompletableFuture.java:710) ~[?:?]
	at java.util.concurrent.CompletableFuture.postComplete(CompletableFuture.java:506) ~[?:?]
	at java.util.concurrent.CompletableFuture.postFire(CompletableFuture.java:610) ~[?:?]
	at java.util.concurrent.CompletableFuture$UniAccept.tryFire(CompletableFuture.java:722) ~[?:?]
	at java.util.concurrent.CompletableFuture$Completion.run(CompletableFuture.java:478) ~[?:?]
	at net.minecraft.resources.AsyncReloader.func_219557_a(SourceFile:71) ~[?:?]
	at net.minecraft.resources.AsyncReloader.func_219560_a(SourceFile:70) ~[?:?]
	at java.util.concurrent.CompletableFuture$UniCompletion.claim(CompletableFuture.java:568) ~[?:?]
	at java.util.concurrent.CompletableFuture$UniAccept.tryFire(CompletableFuture.java:710) ~[?:?]
	at java.util.concurrent.CompletableFuture.postComplete(CompletableFuture.java:506) ~[?:?]
	at java.util.concurrent.CompletableFuture.postFire(CompletableFuture.java:610) ~[?:?]
	at java.util.concurrent.CompletableFuture$UniAccept.tryFire(CompletableFuture.java:722) ~[?:?]
	at java.util.concurrent.CompletableFuture$Completion.run(CompletableFuture.java:478) ~[?:?]
	at net.minecraft.resources.AsyncReloader.func_219557_a(SourceFile:71) ~[?:?]
	at net.minecraft.resources.AsyncReloader.func_219560_a(SourceFile:70) ~[?:?]
	at java.util.concurrent.CompletableFuture$UniCompletion.claim(CompletableFuture.java:568) ~[?:?]
	at java.util.concurrent.CompletableFuture$UniAccept.tryFire(CompletableFuture.java:710) ~[?:?]
	at java.util.concurrent.CompletableFuture.postComplete(CompletableFuture.java:506) ~[?:?]
	at java.util.concurrent.CompletableFuture.postFire(CompletableFuture.java:610) ~[?:?]
	at java.util.concurrent.CompletableFuture$UniAccept.tryFire(CompletableFuture.java:722) ~[?:?]
	at java.util.concurrent.CompletableFuture$Completion.run(CompletableFuture.java:478) ~[?:?]
	at net.minecraft.resources.AsyncReloader.func_219557_a(SourceFile:71) ~[?:?]
	at net.minecraft.resources.AsyncReloader.func_219560_a(SourceFile:70) ~[?:?]
	at java.util.concurrent.CompletableFuture$UniCompletion.claim(CompletableFuture.java:568) ~[?:?]
	at java.util.concurrent.CompletableFuture$UniAccept.tryFire(CompletableFuture.java:710) ~[?:?]
	at java.util.concurrent.CompletableFuture.postComplete(CompletableFuture.java:506) ~[?:?]
	at java.util.concurrent.CompletableFuture.complete(CompletableFuture.java:2079) ~[?:?]
	at net.minecraft.resources.AsyncReloader$1.func_216873_a(SourceFile:53) ~[?:?]
	at net.minecraft.resources.AsyncReloader$1.func_216872_a(SourceFile:50) ~[?:?]
	at java.util.concurrent.CompletableFuture$UniCompose.tryFire(CompletableFuture.java:1072) [?:?]
	at java.util.concurrent.CompletableFuture.postComplete(CompletableFuture.java:506) [?:?]
	at java.util.concurrent.CompletableFuture$AsyncSupply.run(CompletableFuture.java:1705) [?:?]
	at java.util.concurrent.CompletableFuture$AsyncSupply.exec(CompletableFuture.java:1692) [?:?]
	at java.util.concurrent.ForkJoinTask.doExec(ForkJoinTask.java:290) [?:?]
	at java.util.concurrent.ForkJoinPool$WorkQueue.topLevelExec(ForkJoinPool.java:1020) [?:?]
	at java.util.concurrent.ForkJoinPool.scan(ForkJoinPool.java:1656) [?:?]
	at java.util.concurrent.ForkJoinPool.runWorker(ForkJoinPool.java:1594) [?:?]
	at java.util.concurrent.ForkJoinWorkerThread.run(ForkJoinWorkerThread.java:183) [?:?]
[20Apr2025 11:51:57.366] [Worker-Main-4/ERROR] [net.minecraft.loot.LootTableManager/]: Couldn't parse loot table idas:chests/hauntedhouse/bophauntedhouse
com.google.gson.JsonSyntaxException: Expected name to be an item, was unknown string 'biomesoplenty:hair'
	at net.minecraft.util.JSONUtils.func_219793_a(SourceFile:127) ~[?:?]
	at java.util.Optional.orElseThrow(Optional.java:408) ~[?:?]
	at net.minecraft.util.JSONUtils.func_188172_b(SourceFile:127) ~[?:?]
	at net.minecraft.util.JSONUtils.func_188180_i(SourceFile:135) ~[?:?]
	at net.minecraft.loot.ItemLootEntry$Serializer.func_212829_b_(SourceFile:55) ~[?:?]
	at net.minecraft.loot.ItemLootEntry$Serializer.func_212829_b_(SourceFile:40) ~[?:?]
	at net.minecraft.loot.StandaloneLootEntry$Serializer.func_230421_b_(SourceFile:151) ~[?:?]
	at net.minecraft.loot.StandaloneLootEntry$Serializer.func_230421_b_(SourceFile:129) ~[?:?]
	at net.minecraft.loot.LootEntry$Serializer.func_230423_a_(SourceFile:86) ~[?:?]
	at net.minecraft.loot.LootEntry$Serializer.func_230423_a_(SourceFile:74) ~[?:?]
	at net.minecraft.loot.LootTypesManager$Serializer.deserialize(SourceFile:83) ~[?:?]
	at com.google.gson.internal.bind.TreeTypeAdapter.read(TreeTypeAdapter.java:69) ~[server-1.16.5-20210115.111550-extra.jar:?]
	at com.google.gson.internal.bind.TypeAdapterRuntimeTypeWrapper.read(TypeAdapterRuntimeTypeWrapper.java:41) ~[server-1.16.5-20210115.111550-extra.jar:?]
	at com.google.gson.internal.bind.ArrayTypeAdapter.read(ArrayTypeAdapter.java:72) ~[server-1.16.5-20210115.111550-extra.jar:?]
	at com.google.gson.Gson.fromJson(Gson.java:887) ~[server-1.16.5-20210115.111550-extra.jar:?]
	at com.google.gson.Gson.fromJson(Gson.java:952) ~[server-1.16.5-20210115.111550-extra.jar:?]
	at com.google.gson.internal.bind.TreeTypeAdapter$GsonContextImpl.deserialize(TreeTypeAdapter.java:162) ~[server-1.16.5-20210115.111550-extra.jar:?]
	at net.minecraft.util.JSONUtils.func_188179_a(SourceFile:440) ~[?:?]
	at net.minecraft.util.JSONUtils.func_188174_a(SourceFile:448) ~[?:?]
	at net.minecraft.loot.LootPool$Serializer.deserialize(LootPool.java:183) ~[?:?]
	at net.minecraft.loot.LootPool$Serializer.deserialize(LootPool.java:180) ~[?:?]
	at com.google.gson.internal.bind.TreeTypeAdapter.read(TreeTypeAdapter.java:69) ~[server-1.16.5-20210115.111550-extra.jar:?]
	at com.google.gson.internal.bind.TypeAdapterRuntimeTypeWrapper.read(TypeAdapterRuntimeTypeWrapper.java:41) ~[server-1.16.5-20210115.111550-extra.jar:?]
	at com.google.gson.internal.bind.ArrayTypeAdapter.read(ArrayTypeAdapter.java:72) ~[server-1.16.5-20210115.111550-extra.jar:?]
	at com.google.gson.Gson.fromJson(Gson.java:887) ~[server-1.16.5-20210115.111550-extra.jar:?]
	at com.google.gson.Gson.fromJson(Gson.java:952) ~[server-1.16.5-20210115.111550-extra.jar:?]
	at com.google.gson.internal.bind.TreeTypeAdapter$GsonContextImpl.deserialize(TreeTypeAdapter.java:162) ~[server-1.16.5-20210115.111550-extra.jar:?]
	at net.minecraft.util.JSONUtils.func_188179_a(SourceFile:440) ~[?:?]
	at net.minecraft.util.JSONUtils.func_188177_a(SourceFile:456) ~[?:?]
	at net.minecraft.loot.LootTable$Serializer.deserialize(LootTable.java:252) ~[?:?]
	at net.minecraft.loot.LootTable$Serializer.deserialize(LootTable.java:249) ~[?:?]
	at com.google.gson.internal.bind.TreeTypeAdapter.read(TreeTypeAdapter.java:69) ~[server-1.16.5-20210115.111550-extra.jar:?]
	at com.google.gson.Gson.fromJson(Gson.java:887) ~[server-1.16.5-20210115.111550-extra.jar:?]
	at com.google.gson.Gson.fromJson(Gson.java:952) ~[server-1.16.5-20210115.111550-extra.jar:?]
	at com.google.gson.Gson.fromJson(Gson.java:925) ~[server-1.16.5-20210115.111550-extra.jar:?]
	at net.minecraftforge.common.ForgeHooks.loadLootTable(ForgeHooks.java:874) ~[forge:?]
	at net.minecraft.loot.LootTableManager.lambda$apply$0(LootTableManager.java:40) ~[?:?]
	at java.util.HashMap.forEach(HashMap.java:1337) ~[?:?]
	at net.minecraft.loot.LootTableManager.func_212853_a_(LootTableManager.java:38) ~[?:?]
	at net.minecraft.loot.LootTableManager.func_212853_a_(LootTableManager.java:16) ~[?:?]
	at net.minecraft.client.resources.ReloadListener.func_215269_a(SourceFile:13) ~[?:?]
	at java.util.concurrent.CompletableFuture$UniAccept.tryFire(CompletableFuture.java:714) ~[?:?]
	at java.util.concurrent.CompletableFuture$Completion.run(CompletableFuture.java:478) ~[?:?]
	at net.minecraft.resources.AsyncReloader.func_219557_a(SourceFile:71) ~[?:?]
	at net.minecraft.resources.AsyncReloader.func_219560_a(SourceFile:70) ~[?:?]
	at java.util.concurrent.CompletableFuture$UniCompletion.claim(CompletableFuture.java:568) ~[?:?]
	at java.util.concurrent.CompletableFuture$UniAccept.tryFire(CompletableFuture.java:710) ~[?:?]
	at java.util.concurrent.CompletableFuture.postComplete(CompletableFuture.java:506) ~[?:?]
	at java.util.concurrent.CompletableFuture.postFire(CompletableFuture.java:610) ~[?:?]
	at java.util.concurrent.CompletableFuture$UniAccept.tryFire(CompletableFuture.java:722) ~[?:?]
	at java.util.concurrent.CompletableFuture$Completion.run(CompletableFuture.java:478) ~[?:?]
	at net.minecraft.resources.AsyncReloader.func_219557_a(SourceFile:71) ~[?:?]
	at net.minecraft.resources.AsyncReloader.func_219560_a(SourceFile:70) ~[?:?]
	at java.util.concurrent.CompletableFuture$UniCompletion.claim(CompletableFuture.java:568) ~[?:?]
	at java.util.concurrent.CompletableFuture$UniAccept.tryFire(CompletableFuture.java:710) ~[?:?]
	at java.util.concurrent.CompletableFuture.postComplete(CompletableFuture.java:506) ~[?:?]
	at java.util.concurrent.CompletableFuture.postFire(CompletableFuture.java:610) ~[?:?]
	at java.util.concurrent.CompletableFuture$UniAccept.tryFire(CompletableFuture.java:722) ~[?:?]
	at java.util.concurrent.CompletableFuture$Completion.run(CompletableFuture.java:478) ~[?:?]
	at net.minecraft.resources.AsyncReloader.func_219557_a(SourceFile:71) ~[?:?]
	at net.minecraft.resources.AsyncReloader.func_219560_a(SourceFile:70) ~[?:?]
	at java.util.concurrent.CompletableFuture$UniCompletion.claim(CompletableFuture.java:568) ~[?:?]
	at java.util.concurrent.CompletableFuture$UniAccept.tryFire(CompletableFuture.java:710) ~[?:?]
	at java.util.concurrent.CompletableFuture.postComplete(CompletableFuture.java:506) ~[?:?]
	at java.util.concurrent.CompletableFuture.postFire(CompletableFuture.java:610) ~[?:?]
	at java.util.concurrent.CompletableFuture$UniAccept.tryFire(CompletableFuture.java:722) ~[?:?]
	at java.util.concurrent.CompletableFuture$Completion.run(CompletableFuture.java:478) ~[?:?]
	at net.minecraft.resources.AsyncReloader.func_219557_a(SourceFile:71) ~[?:?]
	at net.minecraft.resources.AsyncReloader.func_219560_a(SourceFile:70) ~[?:?]
	at java.util.concurrent.CompletableFuture$UniCompletion.claim(CompletableFuture.java:568) ~[?:?]
	at java.util.concurrent.CompletableFuture$UniAccept.tryFire(CompletableFuture.java:710) ~[?:?]
	at java.util.concurrent.CompletableFuture.postComplete(CompletableFuture.java:506) ~[?:?]
	at java.util.concurrent.CompletableFuture.postFire(CompletableFuture.java:610) ~[?:?]
	at java.util.concurrent.CompletableFuture$UniAccept.tryFire(CompletableFuture.java:722) ~[?:?]
	at java.util.concurrent.CompletableFuture$Completion.run(CompletableFuture.java:478) ~[?:?]
	at net.minecraft.resources.AsyncReloader.func_219557_a(SourceFile:71) ~[?:?]
	at net.minecraft.resources.AsyncReloader.func_219560_a(SourceFile:70) ~[?:?]
	at java.util.concurrent.CompletableFuture$UniCompletion.claim(CompletableFuture.java:568) ~[?:?]
	at java.util.concurrent.CompletableFuture$UniAccept.tryFire(CompletableFuture.java:710) ~[?:?]
	at java.util.concurrent.CompletableFuture.postComplete(CompletableFuture.java:506) ~[?:?]
	at java.util.concurrent.CompletableFuture.postFire(CompletableFuture.java:610) ~[?:?]
	at java.util.concurrent.CompletableFuture$UniAccept.tryFire(CompletableFuture.java:722) ~[?:?]
	at java.util.concurrent.CompletableFuture$Completion.run(CompletableFuture.java:478) ~[?:?]
	at net.minecraft.resources.AsyncReloader.func_219557_a(SourceFile:71) ~[?:?]
	at net.minecraft.resources.AsyncReloader.func_219560_a(SourceFile:70) ~[?:?]
	at java.util.concurrent.CompletableFuture$UniCompletion.claim(CompletableFuture.java:568) ~[?:?]
	at java.util.concurrent.CompletableFuture$UniAccept.tryFire(CompletableFuture.java:710) ~[?:?]
	at java.util.concurrent.CompletableFuture.postComplete(CompletableFuture.java:506) ~[?:?]
	at java.util.concurrent.CompletableFuture.complete(CompletableFuture.java:2079) ~[?:?]
	at net.minecraft.resources.AsyncReloader$1.func_216873_a(SourceFile:53) ~[?:?]
	at net.minecraft.resources.AsyncReloader$1.func_216872_a(SourceFile:50) ~[?:?]
	at java.util.concurrent.CompletableFuture$UniCompose.tryFire(CompletableFuture.java:1072) [?:?]
	at java.util.concurrent.CompletableFuture.postComplete(CompletableFuture.java:506) [?:?]
	at java.util.concurrent.CompletableFuture$AsyncSupply.run(CompletableFuture.java:1705) [?:?]
	at java.util.concurrent.CompletableFuture$AsyncSupply.exec(CompletableFuture.java:1692) [?:?]
	at java.util.concurrent.ForkJoinTask.doExec(ForkJoinTask.java:290) [?:?]
	at java.util.concurrent.ForkJoinPool$WorkQueue.topLevelExec(ForkJoinPool.java:1020) [?:?]
	at java.util.concurrent.ForkJoinPool.scan(ForkJoinPool.java:1656) [?:?]
	at java.util.concurrent.ForkJoinPool.runWorker(ForkJoinPool.java:1594) [?:?]
	at java.util.concurrent.ForkJoinWorkerThread.run(ForkJoinWorkerThread.java:183) [?:?]
[20Apr2025 11:51:57.379] [Worker-Main-4/ERROR] [net.minecraft.loot.LootTableManager/]: Couldn't parse loot table idas:chests/dread_citadel/dread_citadel
com.google.gson.JsonSyntaxException: Expected name to be an item, was unknown string 'iceandfire:dread_shard'
	at net.minecraft.util.JSONUtils.func_219793_a(SourceFile:127) ~[?:?]
	at java.util.Optional.orElseThrow(Optional.java:408) ~[?:?]
	at net.minecraft.util.JSONUtils.func_188172_b(SourceFile:127) ~[?:?]
	at net.minecraft.util.JSONUtils.func_188180_i(SourceFile:135) ~[?:?]
	at net.minecraft.loot.ItemLootEntry$Serializer.func_212829_b_(SourceFile:55) ~[?:?]
	at net.minecraft.loot.ItemLootEntry$Serializer.func_212829_b_(SourceFile:40) ~[?:?]
	at net.minecraft.loot.StandaloneLootEntry$Serializer.func_230421_b_(SourceFile:151) ~[?:?]
	at net.minecraft.loot.StandaloneLootEntry$Serializer.func_230421_b_(SourceFile:129) ~[?:?]
	at net.minecraft.loot.LootEntry$Serializer.func_230423_a_(SourceFile:86) ~[?:?]
	at net.minecraft.loot.LootEntry$Serializer.func_230423_a_(SourceFile:74) ~[?:?]
	at net.minecraft.loot.LootTypesManager$Serializer.deserialize(SourceFile:83) ~[?:?]
	at com.google.gson.internal.bind.TreeTypeAdapter.read(TreeTypeAdapter.java:69) ~[server-1.16.5-20210115.111550-extra.jar:?]
	at com.google.gson.internal.bind.TypeAdapterRuntimeTypeWrapper.read(TypeAdapterRuntimeTypeWrapper.java:41) ~[server-1.16.5-20210115.111550-extra.jar:?]
	at com.google.gson.internal.bind.ArrayTypeAdapter.read(ArrayTypeAdapter.java:72) ~[server-1.16.5-20210115.111550-extra.jar:?]
	at com.google.gson.Gson.fromJson(Gson.java:887) ~[server-1.16.5-20210115.111550-extra.jar:?]
	at com.google.gson.Gson.fromJson(Gson.java:952) ~[server-1.16.5-20210115.111550-extra.jar:?]
	at com.google.gson.internal.bind.TreeTypeAdapter$GsonContextImpl.deserialize(TreeTypeAdapter.java:162) ~[server-1.16.5-20210115.111550-extra.jar:?]
	at net.minecraft.util.JSONUtils.func_188179_a(SourceFile:440) ~[?:?]
	at net.minecraft.util.JSONUtils.func_188174_a(SourceFile:448) ~[?:?]
	at net.minecraft.loot.LootPool$Serializer.deserialize(LootPool.java:183) ~[?:?]
	at net.minecraft.loot.LootPool$Serializer.deserialize(LootPool.java:180) ~[?:?]
	at com.google.gson.internal.bind.TreeTypeAdapter.read(TreeTypeAdapter.java:69) ~[server-1.16.5-20210115.111550-extra.jar:?]
	at com.google.gson.internal.bind.TypeAdapterRuntimeTypeWrapper.read(TypeAdapterRuntimeTypeWrapper.java:41) ~[server-1.16.5-20210115.111550-extra.jar:?]
	at com.google.gson.internal.bind.ArrayTypeAdapter.read(ArrayTypeAdapter.java:72) ~[server-1.16.5-20210115.111550-extra.jar:?]
	at com.google.gson.Gson.fromJson(Gson.java:887) ~[server-1.16.5-20210115.111550-extra.jar:?]
	at com.google.gson.Gson.fromJson(Gson.java:952) ~[server-1.16.5-20210115.111550-extra.jar:?]
	at com.google.gson.internal.bind.TreeTypeAdapter$GsonContextImpl.deserialize(TreeTypeAdapter.java:162) ~[server-1.16.5-20210115.111550-extra.jar:?]
	at net.minecraft.util.JSONUtils.func_188179_a(SourceFile:440) ~[?:?]
	at net.minecraft.util.JSONUtils.func_188177_a(SourceFile:456) ~[?:?]
	at net.minecraft.loot.LootTable$Serializer.deserialize(LootTable.java:252) ~[?:?]
	at net.minecraft.loot.LootTable$Serializer.deserialize(LootTable.java:249) ~[?:?]
	at com.google.gson.internal.bind.TreeTypeAdapter.read(TreeTypeAdapter.java:69) ~[server-1.16.5-20210115.111550-extra.jar:?]
	at com.google.gson.Gson.fromJson(Gson.java:887) ~[server-1.16.5-20210115.111550-extra.jar:?]
	at com.google.gson.Gson.fromJson(Gson.java:952) ~[server-1.16.5-20210115.111550-extra.jar:?]
	at com.google.gson.Gson.fromJson(Gson.java:925) ~[server-1.16.5-20210115.111550-extra.jar:?]
	at net.minecraftforge.common.ForgeHooks.loadLootTable(ForgeHooks.java:874) ~[forge:?]
	at net.minecraft.loot.LootTableManager.lambda$apply$0(LootTableManager.java:40) ~[?:?]
	at java.util.HashMap.forEach(HashMap.java:1337) ~[?:?]
	at net.minecraft.loot.LootTableManager.func_212853_a_(LootTableManager.java:38) ~[?:?]
	at net.minecraft.loot.LootTableManager.func_212853_a_(LootTableManager.java:16) ~[?:?]
	at net.minecraft.client.resources.ReloadListener.func_215269_a(SourceFile:13) ~[?:?]
	at java.util.concurrent.CompletableFuture$UniAccept.tryFire(CompletableFuture.java:714) ~[?:?]
	at java.util.concurrent.CompletableFuture$Completion.run(CompletableFuture.java:478) ~[?:?]
	at net.minecraft.resources.AsyncReloader.func_219557_a(SourceFile:71) ~[?:?]
	at net.minecraft.resources.AsyncReloader.func_219560_a(SourceFile:70) ~[?:?]
	at java.util.concurrent.CompletableFuture$UniCompletion.claim(CompletableFuture.java:568) ~[?:?]
	at java.util.concurrent.CompletableFuture$UniAccept.tryFire(CompletableFuture.java:710) ~[?:?]
	at java.util.concurrent.CompletableFuture.postComplete(CompletableFuture.java:506) ~[?:?]
	at java.util.concurrent.CompletableFuture.postFire(CompletableFuture.java:610) ~[?:?]
	at java.util.concurrent.CompletableFuture$UniAccept.tryFire(CompletableFuture.java:722) ~[?:?]
	at java.util.concurrent.CompletableFuture$Completion.run(CompletableFuture.java:478) ~[?:?]
	at net.minecraft.resources.AsyncReloader.func_219557_a(SourceFile:71) ~[?:?]
	at net.minecraft.resources.AsyncReloader.func_219560_a(SourceFile:70) ~[?:?]
	at java.util.concurrent.CompletableFuture$UniCompletion.claim(CompletableFuture.java:568) ~[?:?]
	at java.util.concurrent.CompletableFuture$UniAccept.tryFire(CompletableFuture.java:710) ~[?:?]
	at java.util.concurrent.CompletableFuture.postComplete(CompletableFuture.java:506) ~[?:?]
	at java.util.concurrent.CompletableFuture.postFire(CompletableFuture.java:610) ~[?:?]
	at java.util.concurrent.CompletableFuture$UniAccept.tryFire(CompletableFuture.java:722) ~[?:?]
	at java.util.concurrent.CompletableFuture$Completion.run(CompletableFuture.java:478) ~[?:?]
	at net.minecraft.resources.AsyncReloader.func_219557_a(SourceFile:71) ~[?:?]
	at net.minecraft.resources.AsyncReloader.func_219560_a(SourceFile:70) ~[?:?]
	at java.util.concurrent.CompletableFuture$UniCompletion.claim(CompletableFuture.java:568) ~[?:?]
	at java.util.concurrent.CompletableFuture$UniAccept.tryFire(CompletableFuture.java:710) ~[?:?]
	at java.util.concurrent.CompletableFuture.postComplete(CompletableFuture.java:506) ~[?:?]
	at java.util.concurrent.CompletableFuture.postFire(CompletableFuture.java:610) ~[?:?]
	at java.util.concurrent.CompletableFuture$UniAccept.tryFire(CompletableFuture.java:722) ~[?:?]
	at java.util.concurrent.CompletableFuture$Completion.run(CompletableFuture.java:478) ~[?:?]
	at net.minecraft.resources.AsyncReloader.func_219557_a(SourceFile:71) ~[?:?]
	at net.minecraft.resources.AsyncReloader.func_219560_a(SourceFile:70) ~[?:?]
	at java.util.concurrent.CompletableFuture$UniCompletion.claim(CompletableFuture.java:568) ~[?:?]
	at java.util.concurrent.CompletableFuture$UniAccept.tryFire(CompletableFuture.java:710) ~[?:?]
	at java.util.concurrent.CompletableFuture.postComplete(CompletableFuture.java:506) ~[?:?]
	at java.util.concurrent.CompletableFuture.postFire(CompletableFuture.java:610) ~[?:?]
	at java.util.concurrent.CompletableFuture$UniAccept.tryFire(CompletableFuture.java:722) ~[?:?]
	at java.util.concurrent.CompletableFuture$Completion.run(CompletableFuture.java:478) ~[?:?]
	at net.minecraft.resources.AsyncReloader.func_219557_a(SourceFile:71) ~[?:?]
	at net.minecraft.resources.AsyncReloader.func_219560_a(SourceFile:70) ~[?:?]
	at java.util.concurrent.CompletableFuture$UniCompletion.claim(CompletableFuture.java:568) ~[?:?]
	at java.util.concurrent.CompletableFuture$UniAccept.tryFire(CompletableFuture.java:710) ~[?:?]
	at java.util.concurrent.CompletableFuture.postComplete(CompletableFuture.java:506) ~[?:?]
	at java.util.concurrent.CompletableFuture.postFire(CompletableFuture.java:610) ~[?:?]
	at java.util.concurrent.CompletableFuture$UniAccept.tryFire(CompletableFuture.java:722) ~[?:?]
	at java.util.concurrent.CompletableFuture$Completion.run(CompletableFuture.java:478) ~[?:?]
	at net.minecraft.resources.AsyncReloader.func_219557_a(SourceFile:71) ~[?:?]
	at net.minecraft.resources.AsyncReloader.func_219560_a(SourceFile:70) ~[?:?]
	at java.util.concurrent.CompletableFuture$UniCompletion.claim(CompletableFuture.java:568) ~[?:?]
	at java.util.concurrent.CompletableFuture$UniAccept.tryFire(CompletableFuture.java:710) ~[?:?]
	at java.util.concurrent.CompletableFuture.postComplete(CompletableFuture.java:506) ~[?:?]
	at java.util.concurrent.CompletableFuture.complete(CompletableFuture.java:2079) ~[?:?]
	at net.minecraft.resources.AsyncReloader$1.func_216873_a(SourceFile:53) ~[?:?]
	at net.minecraft.resources.AsyncReloader$1.func_216872_a(SourceFile:50) ~[?:?]
	at java.util.concurrent.CompletableFuture$UniCompose.tryFire(CompletableFuture.java:1072) [?:?]
	at java.util.concurrent.CompletableFuture.postComplete(CompletableFuture.java:506) [?:?]
	at java.util.concurrent.CompletableFuture$AsyncSupply.run(CompletableFuture.java:1705) [?:?]
	at java.util.concurrent.CompletableFuture$AsyncSupply.exec(CompletableFuture.java:1692) [?:?]
	at java.util.concurrent.ForkJoinTask.doExec(ForkJoinTask.java:290) [?:?]
	at java.util.concurrent.ForkJoinPool$WorkQueue.topLevelExec(ForkJoinPool.java:1020) [?:?]
	at java.util.concurrent.ForkJoinPool.scan(ForkJoinPool.java:1656) [?:?]
	at java.util.concurrent.ForkJoinPool.runWorker(ForkJoinPool.java:1594) [?:?]
	at java.util.concurrent.ForkJoinWorkerThread.run(ForkJoinWorkerThread.java:183) [?:?]
[20Apr2025 11:51:57.440] [Worker-Main-4/ERROR] [net.minecraft.loot.LootTableManager/]: Couldn't parse loot table idas:chests/necromancers_spire/necromancers_spire
com.google.gson.JsonSyntaxException: Unknown type 'minecraft:set_potion'
	at net.minecraft.loot.LootTypesManager$Serializer.deserialize(SourceFile:80) ~[?:?]
	at com.google.gson.internal.bind.TreeTypeAdapter.read(TreeTypeAdapter.java:69) ~[server-1.16.5-20210115.111550-extra.jar:?]
	at com.google.gson.internal.bind.TypeAdapterRuntimeTypeWrapper.read(TypeAdapterRuntimeTypeWrapper.java:41) ~[server-1.16.5-20210115.111550-extra.jar:?]
	at com.google.gson.internal.bind.ArrayTypeAdapter.read(ArrayTypeAdapter.java:72) ~[server-1.16.5-20210115.111550-extra.jar:?]
	at com.google.gson.Gson.fromJson(Gson.java:887) ~[server-1.16.5-20210115.111550-extra.jar:?]
	at com.google.gson.Gson.fromJson(Gson.java:952) ~[server-1.16.5-20210115.111550-extra.jar:?]
	at com.google.gson.internal.bind.TreeTypeAdapter$GsonContextImpl.deserialize(TreeTypeAdapter.java:162) ~[server-1.16.5-20210115.111550-extra.jar:?]
	at net.minecraft.util.JSONUtils.func_188179_a(SourceFile:440) ~[?:?]
	at net.minecraft.util.JSONUtils.func_188177_a(SourceFile:456) ~[?:?]
	at net.minecraft.loot.StandaloneLootEntry$Serializer.func_230421_b_(SourceFile:149) ~[?:?]
	at net.minecraft.loot.StandaloneLootEntry$Serializer.func_230421_b_(SourceFile:129) ~[?:?]
	at net.minecraft.loot.LootEntry$Serializer.func_230423_a_(SourceFile:86) ~[?:?]
	at net.minecraft.loot.LootEntry$Serializer.func_230423_a_(SourceFile:74) ~[?:?]
	at net.minecraft.loot.LootTypesManager$Serializer.deserialize(SourceFile:83) ~[?:?]
	at com.google.gson.internal.bind.TreeTypeAdapter.read(TreeTypeAdapter.java:69) ~[server-1.16.5-20210115.111550-extra.jar:?]
	at com.google.gson.internal.bind.TypeAdapterRuntimeTypeWrapper.read(TypeAdapterRuntimeTypeWrapper.java:41) ~[server-1.16.5-20210115.111550-extra.jar:?]
	at com.google.gson.internal.bind.ArrayTypeAdapter.read(ArrayTypeAdapter.java:72) ~[server-1.16.5-20210115.111550-extra.jar:?]
	at com.google.gson.Gson.fromJson(Gson.java:887) ~[server-1.16.5-20210115.111550-extra.jar:?]
	at com.google.gson.Gson.fromJson(Gson.java:952) ~[server-1.16.5-20210115.111550-extra.jar:?]
	at com.google.gson.internal.bind.TreeTypeAdapter$GsonContextImpl.deserialize(TreeTypeAdapter.java:162) ~[server-1.16.5-20210115.111550-extra.jar:?]
	at net.minecraft.util.JSONUtils.func_188179_a(SourceFile:440) ~[?:?]
	at net.minecraft.util.JSONUtils.func_188174_a(SourceFile:448) ~[?:?]
	at net.minecraft.loot.LootPool$Serializer.deserialize(LootPool.java:183) ~[?:?]
	at net.minecraft.loot.LootPool$Serializer.deserialize(LootPool.java:180) ~[?:?]
	at com.google.gson.internal.bind.TreeTypeAdapter.read(TreeTypeAdapter.java:69) ~[server-1.16.5-20210115.111550-extra.jar:?]
	at com.google.gson.internal.bind.TypeAdapterRuntimeTypeWrapper.read(TypeAdapterRuntimeTypeWrapper.java:41) ~[server-1.16.5-20210115.111550-extra.jar:?]
	at com.google.gson.internal.bind.ArrayTypeAdapter.read(ArrayTypeAdapter.java:72) ~[server-1.16.5-20210115.111550-extra.jar:?]
	at com.google.gson.Gson.fromJson(Gson.java:887) ~[server-1.16.5-20210115.111550-extra.jar:?]
	at com.google.gson.Gson.fromJson(Gson.java:952) ~[server-1.16.5-20210115.111550-extra.jar:?]
	at com.google.gson.internal.bind.TreeTypeAdapter$GsonContextImpl.deserialize(TreeTypeAdapter.java:162) ~[server-1.16.5-20210115.111550-extra.jar:?]
	at net.minecraft.util.JSONUtils.func_188179_a(SourceFile:440) ~[?:?]
	at net.minecraft.util.JSONUtils.func_188177_a(SourceFile:456) ~[?:?]
	at net.minecraft.loot.LootTable$Serializer.deserialize(LootTable.java:252) ~[?:?]
	at net.minecraft.loot.LootTable$Serializer.deserialize(LootTable.java:249) ~[?:?]
	at com.google.gson.internal.bind.TreeTypeAdapter.read(TreeTypeAdapter.java:69) ~[server-1.16.5-20210115.111550-extra.jar:?]
	at com.google.gson.Gson.fromJson(Gson.java:887) ~[server-1.16.5-20210115.111550-extra.jar:?]
	at com.google.gson.Gson.fromJson(Gson.java:952) ~[server-1.16.5-20210115.111550-extra.jar:?]
	at com.google.gson.Gson.fromJson(Gson.java:925) ~[server-1.16.5-20210115.111550-extra.jar:?]
	at net.minecraftforge.common.ForgeHooks.loadLootTable(ForgeHooks.java:874) ~[forge:?]
	at net.minecraft.loot.LootTableManager.lambda$apply$0(LootTableManager.java:40) ~[?:?]
	at java.util.HashMap.forEach(HashMap.java:1337) ~[?:?]
	at net.minecraft.loot.LootTableManager.func_212853_a_(LootTableManager.java:38) ~[?:?]
	at net.minecraft.loot.LootTableManager.func_212853_a_(LootTableManager.java:16) ~[?:?]
	at net.minecraft.client.resources.ReloadListener.func_215269_a(SourceFile:13) ~[?:?]
	at java.util.concurrent.CompletableFuture$UniAccept.tryFire(CompletableFuture.java:714) ~[?:?]
	at java.util.concurrent.CompletableFuture$Completion.run(CompletableFuture.java:478) ~[?:?]
	at net.minecraft.resources.AsyncReloader.func_219557_a(SourceFile:71) ~[?:?]
	at net.minecraft.resources.AsyncReloader.func_219560_a(SourceFile:70) ~[?:?]
	at java.util.concurrent.CompletableFuture$UniCompletion.claim(CompletableFuture.java:568) ~[?:?]
	at java.util.concurrent.CompletableFuture$UniAccept.tryFire(CompletableFuture.java:710) ~[?:?]
	at java.util.concurrent.CompletableFuture.postComplete(CompletableFuture.java:506) ~[?:?]
	at java.util.concurrent.CompletableFuture.postFire(CompletableFuture.java:610) ~[?:?]
	at java.util.concurrent.CompletableFuture$UniAccept.tryFire(CompletableFuture.java:722) ~[?:?]
	at java.util.concurrent.CompletableFuture$Completion.run(CompletableFuture.java:478) ~[?:?]
	at net.minecraft.resources.AsyncReloader.func_219557_a(SourceFile:71) ~[?:?]
	at net.minecraft.resources.AsyncReloader.func_219560_a(SourceFile:70) ~[?:?]
	at java.util.concurrent.CompletableFuture$UniCompletion.claim(CompletableFuture.java:568) ~[?:?]
	at java.util.concurrent.CompletableFuture$UniAccept.tryFire(CompletableFuture.java:710) ~[?:?]
	at java.util.concurrent.CompletableFuture.postComplete(CompletableFuture.java:506) ~[?:?]
	at java.util.concurrent.CompletableFuture.postFire(CompletableFuture.java:610) ~[?:?]
	at java.util.concurrent.CompletableFuture$UniAccept.tryFire(CompletableFuture.java:722) ~[?:?]
	at java.util.concurrent.CompletableFuture$Completion.run(CompletableFuture.java:478) ~[?:?]
	at net.minecraft.resources.AsyncReloader.func_219557_a(SourceFile:71) ~[?:?]
	at net.minecraft.resources.AsyncReloader.func_219560_a(SourceFile:70) ~[?:?]
	at java.util.concurrent.CompletableFuture$UniCompletion.claim(CompletableFuture.java:568) ~[?:?]
	at java.util.concurrent.CompletableFuture$UniAccept.tryFire(CompletableFuture.java:710) ~[?:?]
	at java.util.concurrent.CompletableFuture.postComplete(CompletableFuture.java:506) ~[?:?]
	at java.util.concurrent.CompletableFuture.postFire(CompletableFuture.java:610) ~[?:?]
	at java.util.concurrent.CompletableFuture$UniAccept.tryFire(CompletableFuture.java:722) ~[?:?]
	at java.util.concurrent.CompletableFuture$Completion.run(CompletableFuture.java:478) ~[?:?]
	at net.minecraft.resources.AsyncReloader.func_219557_a(SourceFile:71) ~[?:?]
	at net.minecraft.resources.AsyncReloader.func_219560_a(SourceFile:70) ~[?:?]
	at java.util.concurrent.CompletableFuture$UniCompletion.claim(CompletableFuture.java:568) ~[?:?]
	at java.util.concurrent.CompletableFuture$UniAccept.tryFire(CompletableFuture.java:710) ~[?:?]
	at java.util.concurrent.CompletableFuture.postComplete(CompletableFuture.java:506) ~[?:?]
	at java.util.concurrent.CompletableFuture.postFire(CompletableFuture.java:610) ~[?:?]
	at java.util.concurrent.CompletableFuture$UniAccept.tryFire(CompletableFuture.java:722) ~[?:?]
	at java.util.concurrent.CompletableFuture$Completion.run(CompletableFuture.java:478) ~[?:?]
	at net.minecraft.resources.AsyncReloader.func_219557_a(SourceFile:71) ~[?:?]
	at net.minecraft.resources.AsyncReloader.func_219560_a(SourceFile:70) ~[?:?]
	at java.util.concurrent.CompletableFuture$UniCompletion.claim(CompletableFuture.java:568) ~[?:?]
	at java.util.concurrent.CompletableFuture$UniAccept.tryFire(CompletableFuture.java:710) ~[?:?]
	at java.util.concurrent.CompletableFuture.postComplete(CompletableFuture.java:506) ~[?:?]
	at java.util.concurrent.CompletableFuture.postFire(CompletableFuture.java:610) ~[?:?]
	at java.util.concurrent.CompletableFuture$UniAccept.tryFire(CompletableFuture.java:722) ~[?:?]
	at java.util.concurrent.CompletableFuture$Completion.run(CompletableFuture.java:478) ~[?:?]
	at net.minecraft.resources.AsyncReloader.func_219557_a(SourceFile:71) ~[?:?]
	at net.minecraft.resources.AsyncReloader.func_219560_a(SourceFile:70) ~[?:?]
	at java.util.concurrent.CompletableFuture$UniCompletion.claim(CompletableFuture.java:568) ~[?:?]
	at java.util.concurrent.CompletableFuture$UniAccept.tryFire(CompletableFuture.java:710) ~[?:?]
	at java.util.concurrent.CompletableFuture.postComplete(CompletableFuture.java:506) ~[?:?]
	at java.util.concurrent.CompletableFuture.complete(CompletableFuture.java:2079) ~[?:?]
	at net.minecraft.resources.AsyncReloader$1.func_216873_a(SourceFile:53) ~[?:?]
	at net.minecraft.resources.AsyncReloader$1.func_216872_a(SourceFile:50) ~[?:?]
	at java.util.concurrent.CompletableFuture$UniCompose.tryFire(CompletableFuture.java:1072) [?:?]
	at java.util.concurrent.CompletableFuture.postComplete(CompletableFuture.java:506) [?:?]
	at java.util.concurrent.CompletableFuture$AsyncSupply.run(CompletableFuture.java:1705) [?:?]
	at java.util.concurrent.CompletableFuture$AsyncSupply.exec(CompletableFuture.java:1692) [?:?]
	at java.util.concurrent.ForkJoinTask.doExec(ForkJoinTask.java:290) [?:?]
	at java.util.concurrent.ForkJoinPool$WorkQueue.topLevelExec(ForkJoinPool.java:1020) [?:?]
	at java.util.concurrent.ForkJoinPool.scan(ForkJoinPool.java:1656) [?:?]
	at java.util.concurrent.ForkJoinPool.runWorker(ForkJoinPool.java:1594) [?:?]
	at java.util.concurrent.ForkJoinWorkerThread.run(ForkJoinWorkerThread.java:183) [?:?]
[20Apr2025 11:51:57.604] [Worker-Main-4/ERROR] [net.minecraft.loot.LootTableManager/]: Couldn't parse loot table idas:chests/labyrinth/labyrinth_library_if
com.google.gson.JsonSyntaxException: Expected name to be an item, was unknown string 'iceandfire:manuscript'
	at net.minecraft.util.JSONUtils.func_219793_a(SourceFile:127) ~[?:?]
	at java.util.Optional.orElseThrow(Optional.java:408) ~[?:?]
	at net.minecraft.util.JSONUtils.func_188172_b(SourceFile:127) ~[?:?]
	at net.minecraft.util.JSONUtils.func_188180_i(SourceFile:135) ~[?:?]
	at net.minecraft.loot.ItemLootEntry$Serializer.func_212829_b_(SourceFile:55) ~[?:?]
	at net.minecraft.loot.ItemLootEntry$Serializer.func_212829_b_(SourceFile:40) ~[?:?]
	at net.minecraft.loot.StandaloneLootEntry$Serializer.func_230421_b_(SourceFile:151) ~[?:?]
	at net.minecraft.loot.StandaloneLootEntry$Serializer.func_230421_b_(SourceFile:129) ~[?:?]
	at net.minecraft.loot.LootEntry$Serializer.func_230423_a_(SourceFile:86) ~[?:?]
	at net.minecraft.loot.LootEntry$Serializer.func_230423_a_(SourceFile:74) ~[?:?]
	at net.minecraft.loot.LootTypesManager$Serializer.deserialize(SourceFile:83) ~[?:?]
	at com.google.gson.internal.bind.TreeTypeAdapter.read(TreeTypeAdapter.java:69) ~[server-1.16.5-20210115.111550-extra.jar:?]
	at com.google.gson.internal.bind.TypeAdapterRuntimeTypeWrapper.read(TypeAdapterRuntimeTypeWrapper.java:41) ~[server-1.16.5-20210115.111550-extra.jar:?]
	at com.google.gson.internal.bind.ArrayTypeAdapter.read(ArrayTypeAdapter.java:72) ~[server-1.16.5-20210115.111550-extra.jar:?]
	at com.google.gson.Gson.fromJson(Gson.java:887) ~[server-1.16.5-20210115.111550-extra.jar:?]
	at com.google.gson.Gson.fromJson(Gson.java:952) ~[server-1.16.5-20210115.111550-extra.jar:?]
	at com.google.gson.internal.bind.TreeTypeAdapter$GsonContextImpl.deserialize(TreeTypeAdapter.java:162) ~[server-1.16.5-20210115.111550-extra.jar:?]
	at net.minecraft.util.JSONUtils.func_188179_a(SourceFile:440) ~[?:?]
	at net.minecraft.util.JSONUtils.func_188174_a(SourceFile:448) ~[?:?]
	at net.minecraft.loot.LootPool$Serializer.deserialize(LootPool.java:183) ~[?:?]
	at net.minecraft.loot.LootPool$Serializer.deserialize(LootPool.java:180) ~[?:?]
	at com.google.gson.internal.bind.TreeTypeAdapter.read(TreeTypeAdapter.java:69) ~[server-1.16.5-20210115.111550-extra.jar:?]
	at com.google.gson.internal.bind.TypeAdapterRuntimeTypeWrapper.read(TypeAdapterRuntimeTypeWrapper.java:41) ~[server-1.16.5-20210115.111550-extra.jar:?]
	at com.google.gson.internal.bind.ArrayTypeAdapter.read(ArrayTypeAdapter.java:72) ~[server-1.16.5-20210115.111550-extra.jar:?]
	at com.google.gson.Gson.fromJson(Gson.java:887) ~[server-1.16.5-20210115.111550-extra.jar:?]
	at com.google.gson.Gson.fromJson(Gson.java:952) ~[server-1.16.5-20210115.111550-extra.jar:?]
	at com.google.gson.internal.bind.TreeTypeAdapter$GsonContextImpl.deserialize(TreeTypeAdapter.java:162) ~[server-1.16.5-20210115.111550-extra.jar:?]
	at net.minecraft.util.JSONUtils.func_188179_a(SourceFile:440) ~[?:?]
	at net.minecraft.util.JSONUtils.func_188177_a(SourceFile:456) ~[?:?]
	at net.minecraft.loot.LootTable$Serializer.deserialize(LootTable.java:252) ~[?:?]
	at net.minecraft.loot.LootTable$Serializer.deserialize(LootTable.java:249) ~[?:?]
	at com.google.gson.internal.bind.TreeTypeAdapter.read(TreeTypeAdapter.java:69) ~[server-1.16.5-20210115.111550-extra.jar:?]
	at com.google.gson.Gson.fromJson(Gson.java:887) ~[server-1.16.5-20210115.111550-extra.jar:?]
	at com.google.gson.Gson.fromJson(Gson.java:952) ~[server-1.16.5-20210115.111550-extra.jar:?]
	at com.google.gson.Gson.fromJson(Gson.java:925) ~[server-1.16.5-20210115.111550-extra.jar:?]
	at net.minecraftforge.common.ForgeHooks.loadLootTable(ForgeHooks.java:874) ~[forge:?]
	at net.minecraft.loot.LootTableManager.lambda$apply$0(LootTableManager.java:40) ~[?:?]
	at java.util.HashMap.forEach(HashMap.java:1337) ~[?:?]
	at net.minecraft.loot.LootTableManager.func_212853_a_(LootTableManager.java:38) ~[?:?]
	at net.minecraft.loot.LootTableManager.func_212853_a_(LootTableManager.java:16) ~[?:?]
	at net.minecraft.client.resources.ReloadListener.func_215269_a(SourceFile:13) ~[?:?]
	at java.util.concurrent.CompletableFuture$UniAccept.tryFire(CompletableFuture.java:714) ~[?:?]
	at java.util.concurrent.CompletableFuture$Completion.run(CompletableFuture.java:478) ~[?:?]
	at net.minecraft.resources.AsyncReloader.func_219557_a(SourceFile:71) ~[?:?]
	at net.minecraft.resources.AsyncReloader.func_219560_a(SourceFile:70) ~[?:?]
	at java.util.concurrent.CompletableFuture$UniCompletion.claim(CompletableFuture.java:568) ~[?:?]
	at java.util.concurrent.CompletableFuture$UniAccept.tryFire(CompletableFuture.java:710) ~[?:?]
	at java.util.concurrent.CompletableFuture.postComplete(CompletableFuture.java:506) ~[?:?]
	at java.util.concurrent.CompletableFuture.postFire(CompletableFuture.java:610) ~[?:?]
	at java.util.concurrent.CompletableFuture$UniAccept.tryFire(CompletableFuture.java:722) ~[?:?]
	at java.util.concurrent.CompletableFuture$Completion.run(CompletableFuture.java:478) ~[?:?]
	at net.minecraft.resources.AsyncReloader.func_219557_a(SourceFile:71) ~[?:?]
	at net.minecraft.resources.AsyncReloader.func_219560_a(SourceFile:70) ~[?:?]
	at java.util.concurrent.CompletableFuture$UniCompletion.claim(CompletableFuture.java:568) ~[?:?]
	at java.util.concurrent.CompletableFuture$UniAccept.tryFire(CompletableFuture.java:710) ~[?:?]
	at java.util.concurrent.CompletableFuture.postComplete(CompletableFuture.java:506) ~[?:?]
	at java.util.concurrent.CompletableFuture.postFire(CompletableFuture.java:610) ~[?:?]
	at java.util.concurrent.CompletableFuture$UniAccept.tryFire(CompletableFuture.java:722) ~[?:?]
	at java.util.concurrent.CompletableFuture$Completion.run(CompletableFuture.java:478) ~[?:?]
	at net.minecraft.resources.AsyncReloader.func_219557_a(SourceFile:71) ~[?:?]
	at net.minecraft.resources.AsyncReloader.func_219560_a(SourceFile:70) ~[?:?]
	at java.util.concurrent.CompletableFuture$UniCompletion.claim(CompletableFuture.java:568) ~[?:?]
	at java.util.concurrent.CompletableFuture$UniAccept.tryFire(CompletableFuture.java:710) ~[?:?]
	at java.util.concurrent.CompletableFuture.postComplete(CompletableFuture.java:506) ~[?:?]
	at java.util.concurrent.CompletableFuture.postFire(CompletableFuture.java:610) ~[?:?]
	at java.util.concurrent.CompletableFuture$UniAccept.tryFire(CompletableFuture.java:722) ~[?:?]
	at java.util.concurrent.CompletableFuture$Completion.run(CompletableFuture.java:478) ~[?:?]
	at net.minecraft.resources.AsyncReloader.func_219557_a(SourceFile:71) ~[?:?]
	at net.minecraft.resources.AsyncReloader.func_219560_a(SourceFile:70) ~[?:?]
	at java.util.concurrent.CompletableFuture$UniCompletion.claim(CompletableFuture.java:568) ~[?:?]
	at java.util.concurrent.CompletableFuture$UniAccept.tryFire(CompletableFuture.java:710) ~[?:?]
	at java.util.concurrent.CompletableFuture.postComplete(CompletableFuture.java:506) ~[?:?]
	at java.util.concurrent.CompletableFuture.postFire(CompletableFuture.java:610) ~[?:?]
	at java.util.concurrent.CompletableFuture$UniAccept.tryFire(CompletableFuture.java:722) ~[?:?]
	at java.util.concurrent.CompletableFuture$Completion.run(CompletableFuture.java:478) ~[?:?]
	at net.minecraft.resources.AsyncReloader.func_219557_a(SourceFile:71) ~[?:?]
	at net.minecraft.resources.AsyncReloader.func_219560_a(SourceFile:70) ~[?:?]
	at java.util.concurrent.CompletableFuture$UniCompletion.claim(CompletableFuture.java:568) ~[?:?]
	at java.util.concurrent.CompletableFuture$UniAccept.tryFire(CompletableFuture.java:710) ~[?:?]
	at java.util.concurrent.CompletableFuture.postComplete(CompletableFuture.java:506) ~[?:?]
	at java.util.concurrent.CompletableFuture.postFire(CompletableFuture.java:610) ~[?:?]
	at java.util.concurrent.CompletableFuture$UniAccept.tryFire(CompletableFuture.java:722) ~[?:?]
	at java.util.concurrent.CompletableFuture$Completion.run(CompletableFuture.java:478) ~[?:?]
	at net.minecraft.resources.AsyncReloader.func_219557_a(SourceFile:71) ~[?:?]
	at net.minecraft.resources.AsyncReloader.func_219560_a(SourceFile:70) ~[?:?]
	at java.util.concurrent.CompletableFuture$UniCompletion.claim(CompletableFuture.java:568) ~[?:?]
	at java.util.concurrent.CompletableFuture$UniAccept.tryFire(CompletableFuture.java:710) ~[?:?]
	at java.util.concurrent.CompletableFuture.postComplete(CompletableFuture.java:506) ~[?:?]
	at java.util.concurrent.CompletableFuture.complete(CompletableFuture.java:2079) ~[?:?]
	at net.minecraft.resources.AsyncReloader$1.func_216873_a(SourceFile:53) ~[?:?]
	at net.minecraft.resources.AsyncReloader$1.func_216872_a(SourceFile:50) ~[?:?]
	at java.util.concurrent.CompletableFuture$UniCompose.tryFire(CompletableFuture.java:1072) [?:?]
	at java.util.concurrent.CompletableFuture.postComplete(CompletableFuture.java:506) [?:?]
	at java.util.concurrent.CompletableFuture$AsyncSupply.run(CompletableFuture.java:1705) [?:?]
	at java.util.concurrent.CompletableFuture$AsyncSupply.exec(CompletableFuture.java:1692) [?:?]
	at java.util.concurrent.ForkJoinTask.doExec(ForkJoinTask.java:290) [?:?]
	at java.util.concurrent.ForkJoinPool$WorkQueue.topLevelExec(ForkJoinPool.java:1020) [?:?]
	at java.util.concurrent.ForkJoinPool.scan(ForkJoinPool.java:1656) [?:?]
	at java.util.concurrent.ForkJoinPool.runWorker(ForkJoinPool.java:1594) [?:?]
	at java.util.concurrent.ForkJoinWorkerThread.run(ForkJoinWorkerThread.java:183) [?:?]
[20Apr2025 11:51:57.927] [Worker-Main-4/ERROR] [net.minecraft.loot.LootTableManager/]: Couldn't parse loot table idas:chests/dread_citadel/dread_citadel_throne
com.google.gson.JsonSyntaxException: Expected name to be an item, was unknown string 'iceandfire:dread_shard'
	at net.minecraft.util.JSONUtils.func_219793_a(SourceFile:127) ~[?:?]
	at java.util.Optional.orElseThrow(Optional.java:408) ~[?:?]
	at net.minecraft.util.JSONUtils.func_188172_b(SourceFile:127) ~[?:?]
	at net.minecraft.util.JSONUtils.func_188180_i(SourceFile:135) ~[?:?]
	at net.minecraft.loot.ItemLootEntry$Serializer.func_212829_b_(SourceFile:55) ~[?:?]
	at net.minecraft.loot.ItemLootEntry$Serializer.func_212829_b_(SourceFile:40) ~[?:?]
	at net.minecraft.loot.StandaloneLootEntry$Serializer.func_230421_b_(SourceFile:151) ~[?:?]
	at net.minecraft.loot.StandaloneLootEntry$Serializer.func_230421_b_(SourceFile:129) ~[?:?]
	at net.minecraft.loot.LootEntry$Serializer.func_230423_a_(SourceFile:86) ~[?:?]
	at net.minecraft.loot.LootEntry$Serializer.func_230423_a_(SourceFile:74) ~[?:?]
	at net.minecraft.loot.LootTypesManager$Serializer.deserialize(SourceFile:83) ~[?:?]
	at com.google.gson.internal.bind.TreeTypeAdapter.read(TreeTypeAdapter.java:69) ~[server-1.16.5-20210115.111550-extra.jar:?]
	at com.google.gson.internal.bind.TypeAdapterRuntimeTypeWrapper.read(TypeAdapterRuntimeTypeWrapper.java:41) ~[server-1.16.5-20210115.111550-extra.jar:?]
	at com.google.gson.internal.bind.ArrayTypeAdapter.read(ArrayTypeAdapter.java:72) ~[server-1.16.5-20210115.111550-extra.jar:?]
	at com.google.gson.Gson.fromJson(Gson.java:887) ~[server-1.16.5-20210115.111550-extra.jar:?]
	at com.google.gson.Gson.fromJson(Gson.java:952) ~[server-1.16.5-20210115.111550-extra.jar:?]
	at com.google.gson.internal.bind.TreeTypeAdapter$GsonContextImpl.deserialize(TreeTypeAdapter.java:162) ~[server-1.16.5-20210115.111550-extra.jar:?]
	at net.minecraft.util.JSONUtils.func_188179_a(SourceFile:440) ~[?:?]
	at net.minecraft.util.JSONUtils.func_188174_a(SourceFile:448) ~[?:?]
	at net.minecraft.loot.LootPool$Serializer.deserialize(LootPool.java:183) ~[?:?]
	at net.minecraft.loot.LootPool$Serializer.deserialize(LootPool.java:180) ~[?:?]
	at com.google.gson.internal.bind.TreeTypeAdapter.read(TreeTypeAdapter.java:69) ~[server-1.16.5-20210115.111550-extra.jar:?]
	at com.google.gson.internal.bind.TypeAdapterRuntimeTypeWrapper.read(TypeAdapterRuntimeTypeWrapper.java:41) ~[server-1.16.5-20210115.111550-extra.jar:?]
	at com.google.gson.internal.bind.ArrayTypeAdapter.read(ArrayTypeAdapter.java:72) ~[server-1.16.5-20210115.111550-extra.jar:?]
	at com.google.gson.Gson.fromJson(Gson.java:887) ~[server-1.16.5-20210115.111550-extra.jar:?]
	at com.google.gson.Gson.fromJson(Gson.java:952) ~[server-1.16.5-20210115.111550-extra.jar:?]
	at com.google.gson.internal.bind.TreeTypeAdapter$GsonContextImpl.deserialize(TreeTypeAdapter.java:162) ~[server-1.16.5-20210115.111550-extra.jar:?]
	at net.minecraft.util.JSONUtils.func_188179_a(SourceFile:440) ~[?:?]
	at net.minecraft.util.JSONUtils.func_188177_a(SourceFile:456) ~[?:?]
	at net.minecraft.loot.LootTable$Serializer.deserialize(LootTable.java:252) ~[?:?]
	at net.minecraft.loot.LootTable$Serializer.deserialize(LootTable.java:249) ~[?:?]
	at com.google.gson.internal.bind.TreeTypeAdapter.read(TreeTypeAdapter.java:69) ~[server-1.16.5-20210115.111550-extra.jar:?]
	at com.google.gson.Gson.fromJson(Gson.java:887) ~[server-1.16.5-20210115.111550-extra.jar:?]
	at com.google.gson.Gson.fromJson(Gson.java:952) ~[server-1.16.5-20210115.111550-extra.jar:?]
	at com.google.gson.Gson.fromJson(Gson.java:925) ~[server-1.16.5-20210115.111550-extra.jar:?]
	at net.minecraftforge.common.ForgeHooks.loadLootTable(ForgeHooks.java:874) ~[forge:?]
	at net.minecraft.loot.LootTableManager.lambda$apply$0(LootTableManager.java:40) ~[?:?]
	at java.util.HashMap.forEach(HashMap.java:1337) ~[?:?]
	at net.minecraft.loot.LootTableManager.func_212853_a_(LootTableManager.java:38) ~[?:?]
	at net.minecraft.loot.LootTableManager.func_212853_a_(LootTableManager.java:16) ~[?:?]
	at net.minecraft.client.resources.ReloadListener.func_215269_a(SourceFile:13) ~[?:?]
	at java.util.concurrent.CompletableFuture$UniAccept.tryFire(CompletableFuture.java:714) ~[?:?]
	at java.util.concurrent.CompletableFuture$Completion.run(CompletableFuture.java:478) ~[?:?]
	at net.minecraft.resources.AsyncReloader.func_219557_a(SourceFile:71) ~[?:?]
	at net.minecraft.resources.AsyncReloader.func_219560_a(SourceFile:70) ~[?:?]
	at java.util.concurrent.CompletableFuture$UniCompletion.claim(CompletableFuture.java:568) ~[?:?]
	at java.util.concurrent.CompletableFuture$UniAccept.tryFire(CompletableFuture.java:710) ~[?:?]
	at java.util.concurrent.CompletableFuture.postComplete(CompletableFuture.java:506) ~[?:?]
	at java.util.concurrent.CompletableFuture.postFire(CompletableFuture.java:610) ~[?:?]
	at java.util.concurrent.CompletableFuture$UniAccept.tryFire(CompletableFuture.java:722) ~[?:?]
	at java.util.concurrent.CompletableFuture$Completion.run(CompletableFuture.java:478) ~[?:?]
	at net.minecraft.resources.AsyncReloader.func_219557_a(SourceFile:71) ~[?:?]
	at net.minecraft.resources.AsyncReloader.func_219560_a(SourceFile:70) ~[?:?]
	at java.util.concurrent.CompletableFuture$UniCompletion.claim(CompletableFuture.java:568) ~[?:?]
	at java.util.concurrent.CompletableFuture$UniAccept.tryFire(CompletableFuture.java:710) ~[?:?]
	at java.util.concurrent.CompletableFuture.postComplete(CompletableFuture.java:506) ~[?:?]
	at java.util.concurrent.CompletableFuture.postFire(CompletableFuture.java:610) ~[?:?]
	at java.util.concurrent.CompletableFuture$UniAccept.tryFire(CompletableFuture.java:722) ~[?:?]
	at java.util.concurrent.CompletableFuture$Completion.run(CompletableFuture.java:478) ~[?:?]
	at net.minecraft.resources.AsyncReloader.func_219557_a(SourceFile:71) ~[?:?]
	at net.minecraft.resources.AsyncReloader.func_219560_a(SourceFile:70) ~[?:?]
	at java.util.concurrent.CompletableFuture$UniCompletion.claim(CompletableFuture.java:568) ~[?:?]
	at java.util.concurrent.CompletableFuture$UniAccept.tryFire(CompletableFuture.java:710) ~[?:?]
	at java.util.concurrent.CompletableFuture.postComplete(CompletableFuture.java:506) ~[?:?]
	at java.util.concurrent.CompletableFuture.postFire(CompletableFuture.java:610) ~[?:?]
	at java.util.concurrent.CompletableFuture$UniAccept.tryFire(CompletableFuture.java:722) ~[?:?]
	at java.util.concurrent.CompletableFuture$Completion.run(CompletableFuture.java:478) ~[?:?]
	at net.minecraft.resources.AsyncReloader.func_219557_a(SourceFile:71) ~[?:?]
	at net.minecraft.resources.AsyncReloader.func_219560_a(SourceFile:70) ~[?:?]
	at java.util.concurrent.CompletableFuture$UniCompletion.claim(CompletableFuture.java:568) ~[?:?]
	at java.util.concurrent.CompletableFuture$UniAccept.tryFire(CompletableFuture.java:710) ~[?:?]
	at java.util.concurrent.CompletableFuture.postComplete(CompletableFuture.java:506) ~[?:?]
	at java.util.concurrent.CompletableFuture.postFire(CompletableFuture.java:610) ~[?:?]
	at java.util.concurrent.CompletableFuture$UniAccept.tryFire(CompletableFuture.java:722) ~[?:?]
	at java.util.concurrent.CompletableFuture$Completion.run(CompletableFuture.java:478) ~[?:?]
	at net.minecraft.resources.AsyncReloader.func_219557_a(SourceFile:71) ~[?:?]
	at net.minecraft.resources.AsyncReloader.func_219560_a(SourceFile:70) ~[?:?]
	at java.util.concurrent.CompletableFuture$UniCompletion.claim(CompletableFuture.java:568) ~[?:?]
	at java.util.concurrent.CompletableFuture$UniAccept.tryFire(CompletableFuture.java:710) ~[?:?]
	at java.util.concurrent.CompletableFuture.postComplete(CompletableFuture.java:506) ~[?:?]
	at java.util.concurrent.CompletableFuture.postFire(CompletableFuture.java:610) ~[?:?]
	at java.util.concurrent.CompletableFuture$UniAccept.tryFire(CompletableFuture.java:722) ~[?:?]
	at java.util.concurrent.CompletableFuture$Completion.run(CompletableFuture.java:478) ~[?:?]
	at net.minecraft.resources.AsyncReloader.func_219557_a(SourceFile:71) ~[?:?]
	at net.minecraft.resources.AsyncReloader.func_219560_a(SourceFile:70) ~[?:?]
	at java.util.concurrent.CompletableFuture$UniCompletion.claim(CompletableFuture.java:568) ~[?:?]
	at java.util.concurrent.CompletableFuture$UniAccept.tryFire(CompletableFuture.java:710) ~[?:?]
	at java.util.concurrent.CompletableFuture.postComplete(CompletableFuture.java:506) ~[?:?]
	at java.util.concurrent.CompletableFuture.complete(CompletableFuture.java:2079) ~[?:?]
	at net.minecraft.resources.AsyncReloader$1.func_216873_a(SourceFile:53) ~[?:?]
	at net.minecraft.resources.AsyncReloader$1.func_216872_a(SourceFile:50) ~[?:?]
	at java.util.concurrent.CompletableFuture$UniCompose.tryFire(CompletableFuture.java:1072) [?:?]
	at java.util.concurrent.CompletableFuture.postComplete(CompletableFuture.java:506) [?:?]
	at java.util.concurrent.CompletableFuture$AsyncSupply.run(CompletableFuture.java:1705) [?:?]
	at java.util.concurrent.CompletableFuture$AsyncSupply.exec(CompletableFuture.java:1692) [?:?]
	at java.util.concurrent.ForkJoinTask.doExec(ForkJoinTask.java:290) [?:?]
	at java.util.concurrent.ForkJoinPool$WorkQueue.topLevelExec(ForkJoinPool.java:1020) [?:?]
	at java.util.concurrent.ForkJoinPool.scan(ForkJoinPool.java:1656) [?:?]
	at java.util.concurrent.ForkJoinPool.runWorker(ForkJoinPool.java:1594) [?:?]
	at java.util.concurrent.ForkJoinWorkerThread.run(ForkJoinWorkerThread.java:183) [?:?]
[20Apr2025 11:51:58.054] [Worker-Main-4/ERROR] [net.minecraft.loot.LootTableManager/]: Couldn't parse loot table idas:chests/haunted_manor/haunted_manor
com.google.gson.JsonSyntaxException: Expected name to be an item, was unknown string 'alexsmobs:elastic_tendon'
	at net.minecraft.util.JSONUtils.func_219793_a(SourceFile:127) ~[?:?]
	at java.util.Optional.orElseThrow(Optional.java:408) ~[?:?]
	at net.minecraft.util.JSONUtils.func_188172_b(SourceFile:127) ~[?:?]
	at net.minecraft.util.JSONUtils.func_188180_i(SourceFile:135) ~[?:?]
	at net.minecraft.loot.ItemLootEntry$Serializer.func_212829_b_(SourceFile:55) ~[?:?]
	at net.minecraft.loot.ItemLootEntry$Serializer.func_212829_b_(SourceFile:40) ~[?:?]
	at net.minecraft.loot.StandaloneLootEntry$Serializer.func_230421_b_(SourceFile:151) ~[?:?]
	at net.minecraft.loot.StandaloneLootEntry$Serializer.func_230421_b_(SourceFile:129) ~[?:?]
	at net.minecraft.loot.LootEntry$Serializer.func_230423_a_(SourceFile:86) ~[?:?]
	at net.minecraft.loot.LootEntry$Serializer.func_230423_a_(SourceFile:74) ~[?:?]
	at net.minecraft.loot.LootTypesManager$Serializer.deserialize(SourceFile:83) ~[?:?]
	at com.google.gson.internal.bind.TreeTypeAdapter.read(TreeTypeAdapter.java:69) ~[server-1.16.5-20210115.111550-extra.jar:?]
	at com.google.gson.internal.bind.TypeAdapterRuntimeTypeWrapper.read(TypeAdapterRuntimeTypeWrapper.java:41) ~[server-1.16.5-20210115.111550-extra.jar:?]
	at com.google.gson.internal.bind.ArrayTypeAdapter.read(ArrayTypeAdapter.java:72) ~[server-1.16.5-20210115.111550-extra.jar:?]
	at com.google.gson.Gson.fromJson(Gson.java:887) ~[server-1.16.5-20210115.111550-extra.jar:?]
	at com.google.gson.Gson.fromJson(Gson.java:952) ~[server-1.16.5-20210115.111550-extra.jar:?]
	at com.google.gson.internal.bind.TreeTypeAdapter$GsonContextImpl.deserialize(TreeTypeAdapter.java:162) ~[server-1.16.5-20210115.111550-extra.jar:?]
	at net.minecraft.util.JSONUtils.func_188179_a(SourceFile:440) ~[?:?]
	at net.minecraft.util.JSONUtils.func_188174_a(SourceFile:448) ~[?:?]
	at net.minecraft.loot.LootPool$Serializer.deserialize(LootPool.java:183) ~[?:?]
	at net.minecraft.loot.LootPool$Serializer.deserialize(LootPool.java:180) ~[?:?]
	at com.google.gson.internal.bind.TreeTypeAdapter.read(TreeTypeAdapter.java:69) ~[server-1.16.5-20210115.111550-extra.jar:?]
	at com.google.gson.internal.bind.TypeAdapterRuntimeTypeWrapper.read(TypeAdapterRuntimeTypeWrapper.java:41) ~[server-1.16.5-20210115.111550-extra.jar:?]
	at com.google.gson.internal.bind.ArrayTypeAdapter.read(ArrayTypeAdapter.java:72) ~[server-1.16.5-20210115.111550-extra.jar:?]
	at com.google.gson.Gson.fromJson(Gson.java:887) ~[server-1.16.5-20210115.111550-extra.jar:?]
	at com.google.gson.Gson.fromJson(Gson.java:952) ~[server-1.16.5-20210115.111550-extra.jar:?]
	at com.google.gson.internal.bind.TreeTypeAdapter$GsonContextImpl.deserialize(TreeTypeAdapter.java:162) ~[server-1.16.5-20210115.111550-extra.jar:?]
	at net.minecraft.util.JSONUtils.func_188179_a(SourceFile:440) ~[?:?]
	at net.minecraft.util.JSONUtils.func_188177_a(SourceFile:456) ~[?:?]
	at net.minecraft.loot.LootTable$Serializer.deserialize(LootTable.java:252) ~[?:?]
	at net.minecraft.loot.LootTable$Serializer.deserialize(LootTable.java:249) ~[?:?]
	at com.google.gson.internal.bind.TreeTypeAdapter.read(TreeTypeAdapter.java:69) ~[server-1.16.5-20210115.111550-extra.jar:?]
	at com.google.gson.Gson.fromJson(Gson.java:887) ~[server-1.16.5-20210115.111550-extra.jar:?]
	at com.google.gson.Gson.fromJson(Gson.java:952) ~[server-1.16.5-20210115.111550-extra.jar:?]
	at com.google.gson.Gson.fromJson(Gson.java:925) ~[server-1.16.5-20210115.111550-extra.jar:?]
	at net.minecraftforge.common.ForgeHooks.loadLootTable(ForgeHooks.java:874) ~[forge:?]
	at net.minecraft.loot.LootTableManager.lambda$apply$0(LootTableManager.java:40) ~[?:?]
	at java.util.HashMap.forEach(HashMap.java:1337) ~[?:?]
	at net.minecraft.loot.LootTableManager.func_212853_a_(LootTableManager.java:38) ~[?:?]
	at net.minecraft.loot.LootTableManager.func_212853_a_(LootTableManager.java:16) ~[?:?]
	at net.minecraft.client.resources.ReloadListener.func_215269_a(SourceFile:13) ~[?:?]
	at java.util.concurrent.CompletableFuture$UniAccept.tryFire(CompletableFuture.java:714) ~[?:?]
	at java.util.concurrent.CompletableFuture$Completion.run(CompletableFuture.java:478) ~[?:?]
	at net.minecraft.resources.AsyncReloader.func_219557_a(SourceFile:71) ~[?:?]
	at net.minecraft.resources.AsyncReloader.func_219560_a(SourceFile:70) ~[?:?]
	at java.util.concurrent.CompletableFuture$UniCompletion.claim(CompletableFuture.java:568) ~[?:?]
	at java.util.concurrent.CompletableFuture$UniAccept.tryFire(CompletableFuture.java:710) ~[?:?]
	at java.util.concurrent.CompletableFuture.postComplete(CompletableFuture.java:506) ~[?:?]
	at java.util.concurrent.CompletableFuture.postFire(CompletableFuture.java:610) ~[?:?]
	at java.util.concurrent.CompletableFuture$UniAccept.tryFire(CompletableFuture.java:722) ~[?:?]
	at java.util.concurrent.CompletableFuture$Completion.run(CompletableFuture.java:478) ~[?:?]
	at net.minecraft.resources.AsyncReloader.func_219557_a(SourceFile:71) ~[?:?]
	at net.minecraft.resources.AsyncReloader.func_219560_a(SourceFile:70) ~[?:?]
	at java.util.concurrent.CompletableFuture$UniCompletion.claim(CompletableFuture.java:568) ~[?:?]
	at java.util.concurrent.CompletableFuture$UniAccept.tryFire(CompletableFuture.java:710) ~[?:?]
	at java.util.concurrent.CompletableFuture.postComplete(CompletableFuture.java:506) ~[?:?]
	at java.util.concurrent.CompletableFuture.postFire(CompletableFuture.java:610) ~[?:?]
	at java.util.concurrent.CompletableFuture$UniAccept.tryFire(CompletableFuture.java:722) ~[?:?]
	at java.util.concurrent.CompletableFuture$Completion.run(CompletableFuture.java:478) ~[?:?]
	at net.minecraft.resources.AsyncReloader.func_219557_a(SourceFile:71) ~[?:?]
	at net.minecraft.resources.AsyncReloader.func_219560_a(SourceFile:70) ~[?:?]
	at java.util.concurrent.CompletableFuture$UniCompletion.claim(CompletableFuture.java:568) ~[?:?]
	at java.util.concurrent.CompletableFuture$UniAccept.tryFire(CompletableFuture.java:710) ~[?:?]
	at java.util.concurrent.CompletableFuture.postComplete(CompletableFuture.java:506) ~[?:?]
	at java.util.concurrent.CompletableFuture.postFire(CompletableFuture.java:610) ~[?:?]
	at java.util.concurrent.CompletableFuture$UniAccept.tryFire(CompletableFuture.java:722) ~[?:?]
	at java.util.concurrent.CompletableFuture$Completion.run(CompletableFuture.java:478) ~[?:?]
	at net.minecraft.resources.AsyncReloader.func_219557_a(SourceFile:71) ~[?:?]
	at net.minecraft.resources.AsyncReloader.func_219560_a(SourceFile:70) ~[?:?]
	at java.util.concurrent.CompletableFuture$UniCompletion.claim(CompletableFuture.java:568) ~[?:?]
	at java.util.concurrent.CompletableFuture$UniAccept.tryFire(CompletableFuture.java:710) ~[?:?]
	at java.util.concurrent.CompletableFuture.postComplete(CompletableFuture.java:506) ~[?:?]
	at java.util.concurrent.CompletableFuture.postFire(CompletableFuture.java:610) ~[?:?]
	at java.util.concurrent.CompletableFuture$UniAccept.tryFire(CompletableFuture.java:722) ~[?:?]
	at java.util.concurrent.CompletableFuture$Completion.run(CompletableFuture.java:478) ~[?:?]
	at net.minecraft.resources.AsyncReloader.func_219557_a(SourceFile:71) ~[?:?]
	at net.minecraft.resources.AsyncReloader.func_219560_a(SourceFile:70) ~[?:?]
	at java.util.concurrent.CompletableFuture$UniCompletion.claim(CompletableFuture.java:568) ~[?:?]
	at java.util.concurrent.CompletableFuture$UniAccept.tryFire(CompletableFuture.java:710) ~[?:?]
	at java.util.concurrent.CompletableFuture.postComplete(CompletableFuture.java:506) ~[?:?]
	at java.util.concurrent.CompletableFuture.postFire(CompletableFuture.java:610) ~[?:?]
	at java.util.concurrent.CompletableFuture$UniAccept.tryFire(CompletableFuture.java:722) ~[?:?]
	at java.util.concurrent.CompletableFuture$Completion.run(CompletableFuture.java:478) ~[?:?]
	at net.minecraft.resources.AsyncReloader.func_219557_a(SourceFile:71) ~[?:?]
	at net.minecraft.resources.AsyncReloader.func_219560_a(SourceFile:70) ~[?:?]
	at java.util.concurrent.CompletableFuture$UniCompletion.claim(CompletableFuture.java:568) ~[?:?]
	at java.util.concurrent.CompletableFuture$UniAccept.tryFire(CompletableFuture.java:710) ~[?:?]
	at java.util.concurrent.CompletableFuture.postComplete(CompletableFuture.java:506) ~[?:?]
	at java.util.concurrent.CompletableFuture.complete(CompletableFuture.java:2079) ~[?:?]
	at net.minecraft.resources.AsyncReloader$1.func_216873_a(SourceFile:53) ~[?:?]
	at net.minecraft.resources.AsyncReloader$1.func_216872_a(SourceFile:50) ~[?:?]
	at java.util.concurrent.CompletableFuture$UniCompose.tryFire(CompletableFuture.java:1072) [?:?]
	at java.util.concurrent.CompletableFuture.postComplete(CompletableFuture.java:506) [?:?]
	at java.util.concurrent.CompletableFuture$AsyncSupply.run(CompletableFuture.java:1705) [?:?]
	at java.util.concurrent.CompletableFuture$AsyncSupply.exec(CompletableFuture.java:1692) [?:?]
	at java.util.concurrent.ForkJoinTask.doExec(ForkJoinTask.java:290) [?:?]
	at java.util.concurrent.ForkJoinPool$WorkQueue.topLevelExec(ForkJoinPool.java:1020) [?:?]
	at java.util.concurrent.ForkJoinPool.scan(ForkJoinPool.java:1656) [?:?]
	at java.util.concurrent.ForkJoinPool.runWorker(ForkJoinPool.java:1594) [?:?]
	at java.util.concurrent.ForkJoinWorkerThread.run(ForkJoinWorkerThread.java:183) [?:?]
[20Apr2025 11:51:58.059] [Worker-Main-4/ERROR] [net.minecraft.loot.LootTableManager/]: Couldn't parse loot table parcool:grant_parcool_guide
com.google.gson.JsonSyntaxException: Expected name to be an item, was unknown string 'patchouli:guide_book'
	at net.minecraft.util.JSONUtils.func_219793_a(SourceFile:127) ~[?:?]
	at java.util.Optional.orElseThrow(Optional.java:408) ~[?:?]
	at net.minecraft.util.JSONUtils.func_188172_b(SourceFile:127) ~[?:?]
	at net.minecraft.util.JSONUtils.func_188180_i(SourceFile:135) ~[?:?]
	at net.minecraft.loot.ItemLootEntry$Serializer.func_212829_b_(SourceFile:55) ~[?:?]
	at net.minecraft.loot.ItemLootEntry$Serializer.func_212829_b_(SourceFile:40) ~[?:?]
	at net.minecraft.loot.StandaloneLootEntry$Serializer.func_230421_b_(SourceFile:151) ~[?:?]
	at net.minecraft.loot.StandaloneLootEntry$Serializer.func_230421_b_(SourceFile:129) ~[?:?]
	at net.minecraft.loot.LootEntry$Serializer.func_230423_a_(SourceFile:86) ~[?:?]
	at net.minecraft.loot.LootEntry$Serializer.func_230423_a_(SourceFile:74) ~[?:?]
	at net.minecraft.loot.LootTypesManager$Serializer.deserialize(SourceFile:83) ~[?:?]
	at com.google.gson.internal.bind.TreeTypeAdapter.read(TreeTypeAdapter.java:69) ~[server-1.16.5-20210115.111550-extra.jar:?]
	at com.google.gson.internal.bind.TypeAdapterRuntimeTypeWrapper.read(TypeAdapterRuntimeTypeWrapper.java:41) ~[server-1.16.5-20210115.111550-extra.jar:?]
	at com.google.gson.internal.bind.ArrayTypeAdapter.read(ArrayTypeAdapter.java:72) ~[server-1.16.5-20210115.111550-extra.jar:?]
	at com.google.gson.Gson.fromJson(Gson.java:887) ~[server-1.16.5-20210115.111550-extra.jar:?]
	at com.google.gson.Gson.fromJson(Gson.java:952) ~[server-1.16.5-20210115.111550-extra.jar:?]
	at com.google.gson.internal.bind.TreeTypeAdapter$GsonContextImpl.deserialize(TreeTypeAdapter.java:162) ~[server-1.16.5-20210115.111550-extra.jar:?]
	at net.minecraft.util.JSONUtils.func_188179_a(SourceFile:440) ~[?:?]
	at net.minecraft.util.JSONUtils.func_188174_a(SourceFile:448) ~[?:?]
	at net.minecraft.loot.LootPool$Serializer.deserialize(LootPool.java:183) ~[?:?]
	at net.minecraft.loot.LootPool$Serializer.deserialize(LootPool.java:180) ~[?:?]
	at com.google.gson.internal.bind.TreeTypeAdapter.read(TreeTypeAdapter.java:69) ~[server-1.16.5-20210115.111550-extra.jar:?]
	at com.google.gson.internal.bind.TypeAdapterRuntimeTypeWrapper.read(TypeAdapterRuntimeTypeWrapper.java:41) ~[server-1.16.5-20210115.111550-extra.jar:?]
	at com.google.gson.internal.bind.ArrayTypeAdapter.read(ArrayTypeAdapter.java:72) ~[server-1.16.5-20210115.111550-extra.jar:?]
	at com.google.gson.Gson.fromJson(Gson.java:887) ~[server-1.16.5-20210115.111550-extra.jar:?]
	at com.google.gson.Gson.fromJson(Gson.java:952) ~[server-1.16.5-20210115.111550-extra.jar:?]
	at com.google.gson.internal.bind.TreeTypeAdapter$GsonContextImpl.deserialize(TreeTypeAdapter.java:162) ~[server-1.16.5-20210115.111550-extra.jar:?]
	at net.minecraft.util.JSONUtils.func_188179_a(SourceFile:440) ~[?:?]
	at net.minecraft.util.JSONUtils.func_188177_a(SourceFile:456) ~[?:?]
	at net.minecraft.loot.LootTable$Serializer.deserialize(LootTable.java:252) ~[?:?]
	at net.minecraft.loot.LootTable$Serializer.deserialize(LootTable.java:249) ~[?:?]
	at com.google.gson.internal.bind.TreeTypeAdapter.read(TreeTypeAdapter.java:69) ~[server-1.16.5-20210115.111550-extra.jar:?]
	at com.google.gson.Gson.fromJson(Gson.java:887) ~[server-1.16.5-20210115.111550-extra.jar:?]
	at com.google.gson.Gson.fromJson(Gson.java:952) ~[server-1.16.5-20210115.111550-extra.jar:?]
	at com.google.gson.Gson.fromJson(Gson.java:925) ~[server-1.16.5-20210115.111550-extra.jar:?]
	at net.minecraftforge.common.ForgeHooks.loadLootTable(ForgeHooks.java:874) ~[forge:?]
	at net.minecraft.loot.LootTableManager.lambda$apply$0(LootTableManager.java:40) ~[?:?]
	at java.util.HashMap.forEach(HashMap.java:1337) ~[?:?]
	at net.minecraft.loot.LootTableManager.func_212853_a_(LootTableManager.java:38) ~[?:?]
	at net.minecraft.loot.LootTableManager.func_212853_a_(LootTableManager.java:16) ~[?:?]
	at net.minecraft.client.resources.ReloadListener.func_215269_a(SourceFile:13) ~[?:?]
	at java.util.concurrent.CompletableFuture$UniAccept.tryFire(CompletableFuture.java:714) ~[?:?]
	at java.util.concurrent.CompletableFuture$Completion.run(CompletableFuture.java:478) ~[?:?]
	at net.minecraft.resources.AsyncReloader.func_219557_a(SourceFile:71) ~[?:?]
	at net.minecraft.resources.AsyncReloader.func_219560_a(SourceFile:70) ~[?:?]
	at java.util.concurrent.CompletableFuture$UniCompletion.claim(CompletableFuture.java:568) ~[?:?]
	at java.util.concurrent.CompletableFuture$UniAccept.tryFire(CompletableFuture.java:710) ~[?:?]
	at java.util.concurrent.CompletableFuture.postComplete(CompletableFuture.java:506) ~[?:?]
	at java.util.concurrent.CompletableFuture.postFire(CompletableFuture.java:610) ~[?:?]
	at java.util.concurrent.CompletableFuture$UniAccept.tryFire(CompletableFuture.java:722) ~[?:?]
	at java.util.concurrent.CompletableFuture$Completion.run(CompletableFuture.java:478) ~[?:?]
	at net.minecraft.resources.AsyncReloader.func_219557_a(SourceFile:71) ~[?:?]
	at net.minecraft.resources.AsyncReloader.func_219560_a(SourceFile:70) ~[?:?]
	at java.util.concurrent.CompletableFuture$UniCompletion.claim(CompletableFuture.java:568) ~[?:?]
	at java.util.concurrent.CompletableFuture$UniAccept.tryFire(CompletableFuture.java:710) ~[?:?]
	at java.util.concurrent.CompletableFuture.postComplete(CompletableFuture.java:506) ~[?:?]
	at java.util.concurrent.CompletableFuture.postFire(CompletableFuture.java:610) ~[?:?]
	at java.util.concurrent.CompletableFuture$UniAccept.tryFire(CompletableFuture.java:722) ~[?:?]
	at java.util.concurrent.CompletableFuture$Completion.run(CompletableFuture.java:478) ~[?:?]
	at net.minecraft.resources.AsyncReloader.func_219557_a(SourceFile:71) ~[?:?]
	at net.minecraft.resources.AsyncReloader.func_219560_a(SourceFile:70) ~[?:?]
	at java.util.concurrent.CompletableFuture$UniCompletion.claim(CompletableFuture.java:568) ~[?:?]
	at java.util.concurrent.CompletableFuture$UniAccept.tryFire(CompletableFuture.java:710) ~[?:?]
	at java.util.concurrent.CompletableFuture.postComplete(CompletableFuture.java:506) ~[?:?]
	at java.util.concurrent.CompletableFuture.postFire(CompletableFuture.java:610) ~[?:?]
	at java.util.concurrent.CompletableFuture$UniAccept.tryFire(CompletableFuture.java:722) ~[?:?]
	at java.util.concurrent.CompletableFuture$Completion.run(CompletableFuture.java:478) ~[?:?]
	at net.minecraft.resources.AsyncReloader.func_219557_a(SourceFile:71) ~[?:?]
	at net.minecraft.resources.AsyncReloader.func_219560_a(SourceFile:70) ~[?:?]
	at java.util.concurrent.CompletableFuture$UniCompletion.claim(CompletableFuture.java:568) ~[?:?]
	at java.util.concurrent.CompletableFuture$UniAccept.tryFire(CompletableFuture.java:710) ~[?:?]
	at java.util.concurrent.CompletableFuture.postComplete(CompletableFuture.java:506) ~[?:?]
	at java.util.concurrent.CompletableFuture.postFire(CompletableFuture.java:610) ~[?:?]
	at java.util.concurrent.CompletableFuture$UniAccept.tryFire(CompletableFuture.java:722) ~[?:?]
	at java.util.concurrent.CompletableFuture$Completion.run(CompletableFuture.java:478) ~[?:?]
	at net.minecraft.resources.AsyncReloader.func_219557_a(SourceFile:71) ~[?:?]
	at net.minecraft.resources.AsyncReloader.func_219560_a(SourceFile:70) ~[?:?]
	at java.util.concurrent.CompletableFuture$UniCompletion.claim(CompletableFuture.java:568) ~[?:?]
	at java.util.concurrent.CompletableFuture$UniAccept.tryFire(CompletableFuture.java:710) ~[?:?]
	at java.util.concurrent.CompletableFuture.postComplete(CompletableFuture.java:506) ~[?:?]
	at java.util.concurrent.CompletableFuture.postFire(CompletableFuture.java:610) ~[?:?]
	at java.util.concurrent.CompletableFuture$UniAccept.tryFire(CompletableFuture.java:722) ~[?:?]
	at java.util.concurrent.CompletableFuture$Completion.run(CompletableFuture.java:478) ~[?:?]
	at net.minecraft.resources.AsyncReloader.func_219557_a(SourceFile:71) ~[?:?]
	at net.minecraft.resources.AsyncReloader.func_219560_a(SourceFile:70) ~[?:?]
	at java.util.concurrent.CompletableFuture$UniCompletion.claim(CompletableFuture.java:568) ~[?:?]
	at java.util.concurrent.CompletableFuture$UniAccept.tryFire(CompletableFuture.java:710) ~[?:?]
	at java.util.concurrent.CompletableFuture.postComplete(CompletableFuture.java:506) ~[?:?]
	at java.util.concurrent.CompletableFuture.complete(CompletableFuture.java:2079) ~[?:?]
	at net.minecraft.resources.AsyncReloader$1.func_216873_a(SourceFile:53) ~[?:?]
	at net.minecraft.resources.AsyncReloader$1.func_216872_a(SourceFile:50) ~[?:?]
	at java.util.concurrent.CompletableFuture$UniCompose.tryFire(CompletableFuture.java:1072) [?:?]
	at java.util.concurrent.CompletableFuture.postComplete(CompletableFuture.java:506) [?:?]
	at java.util.concurrent.CompletableFuture$AsyncSupply.run(CompletableFuture.java:1705) [?:?]
	at java.util.concurrent.CompletableFuture$AsyncSupply.exec(CompletableFuture.java:1692) [?:?]
	at java.util.concurrent.ForkJoinTask.doExec(ForkJoinTask.java:290) [?:?]
	at java.util.concurrent.ForkJoinPool$WorkQueue.topLevelExec(ForkJoinPool.java:1020) [?:?]
	at java.util.concurrent.ForkJoinPool.scan(ForkJoinPool.java:1656) [?:?]
	at java.util.concurrent.ForkJoinPool.runWorker(ForkJoinPool.java:1594) [?:?]
	at java.util.concurrent.ForkJoinWorkerThread.run(ForkJoinWorkerThread.java:183) [?:?]
[20Apr2025 11:51:58.199] [Worker-Main-4/ERROR] [net.minecraft.loot.LootTableManager/]: Couldn't parse loot table idas:chests/dread_citadel/dread_citadel_library
com.google.gson.JsonSyntaxException: Expected name to be an item, was unknown string 'iceandfire:dread_shard'
	at net.minecraft.util.JSONUtils.func_219793_a(SourceFile:127) ~[?:?]
	at java.util.Optional.orElseThrow(Optional.java:408) ~[?:?]
	at net.minecraft.util.JSONUtils.func_188172_b(SourceFile:127) ~[?:?]
	at net.minecraft.util.JSONUtils.func_188180_i(SourceFile:135) ~[?:?]
	at net.minecraft.loot.ItemLootEntry$Serializer.func_212829_b_(SourceFile:55) ~[?:?]
	at net.minecraft.loot.ItemLootEntry$Serializer.func_212829_b_(SourceFile:40) ~[?:?]
	at net.minecraft.loot.StandaloneLootEntry$Serializer.func_230421_b_(SourceFile:151) ~[?:?]
	at net.minecraft.loot.StandaloneLootEntry$Serializer.func_230421_b_(SourceFile:129) ~[?:?]
	at net.minecraft.loot.LootEntry$Serializer.func_230423_a_(SourceFile:86) ~[?:?]
	at net.minecraft.loot.LootEntry$Serializer.func_230423_a_(SourceFile:74) ~[?:?]
	at net.minecraft.loot.LootTypesManager$Serializer.deserialize(SourceFile:83) ~[?:?]
	at com.google.gson.internal.bind.TreeTypeAdapter.read(TreeTypeAdapter.java:69) ~[server-1.16.5-20210115.111550-extra.jar:?]
	at com.google.gson.internal.bind.TypeAdapterRuntimeTypeWrapper.read(TypeAdapterRuntimeTypeWrapper.java:41) ~[server-1.16.5-20210115.111550-extra.jar:?]
	at com.google.gson.internal.bind.ArrayTypeAdapter.read(ArrayTypeAdapter.java:72) ~[server-1.16.5-20210115.111550-extra.jar:?]
	at com.google.gson.Gson.fromJson(Gson.java:887) ~[server-1.16.5-20210115.111550-extra.jar:?]
	at com.google.gson.Gson.fromJson(Gson.java:952) ~[server-1.16.5-20210115.111550-extra.jar:?]
	at com.google.gson.internal.bind.TreeTypeAdapter$GsonContextImpl.deserialize(TreeTypeAdapter.java:162) ~[server-1.16.5-20210115.111550-extra.jar:?]
	at net.minecraft.util.JSONUtils.func_188179_a(SourceFile:440) ~[?:?]
	at net.minecraft.util.JSONUtils.func_188174_a(SourceFile:448) ~[?:?]
	at net.minecraft.loot.LootPool$Serializer.deserialize(LootPool.java:183) ~[?:?]
	at net.minecraft.loot.LootPool$Serializer.deserialize(LootPool.java:180) ~[?:?]
	at com.google.gson.internal.bind.TreeTypeAdapter.read(TreeTypeAdapter.java:69) ~[server-1.16.5-20210115.111550-extra.jar:?]
	at com.google.gson.internal.bind.TypeAdapterRuntimeTypeWrapper.read(TypeAdapterRuntimeTypeWrapper.java:41) ~[server-1.16.5-20210115.111550-extra.jar:?]
	at com.google.gson.internal.bind.ArrayTypeAdapter.read(ArrayTypeAdapter.java:72) ~[server-1.16.5-20210115.111550-extra.jar:?]
	at com.google.gson.Gson.fromJson(Gson.java:887) ~[server-1.16.5-20210115.111550-extra.jar:?]
	at com.google.gson.Gson.fromJson(Gson.java:952) ~[server-1.16.5-20210115.111550-extra.jar:?]
	at com.google.gson.internal.bind.TreeTypeAdapter$GsonContextImpl.deserialize(TreeTypeAdapter.java:162) ~[server-1.16.5-20210115.111550-extra.jar:?]
	at net.minecraft.util.JSONUtils.func_188179_a(SourceFile:440) ~[?:?]
	at net.minecraft.util.JSONUtils.func_188177_a(SourceFile:456) ~[?:?]
	at net.minecraft.loot.LootTable$Serializer.deserialize(LootTable.java:252) ~[?:?]
	at net.minecraft.loot.LootTable$Serializer.deserialize(LootTable.java:249) ~[?:?]
	at com.google.gson.internal.bind.TreeTypeAdapter.read(TreeTypeAdapter.java:69) ~[server-1.16.5-20210115.111550-extra.jar:?]
	at com.google.gson.Gson.fromJson(Gson.java:887) ~[server-1.16.5-20210115.111550-extra.jar:?]
	at com.google.gson.Gson.fromJson(Gson.java:952) ~[server-1.16.5-20210115.111550-extra.jar:?]
	at com.google.gson.Gson.fromJson(Gson.java:925) ~[server-1.16.5-20210115.111550-extra.jar:?]
	at net.minecraftforge.common.ForgeHooks.loadLootTable(ForgeHooks.java:874) ~[forge:?]
	at net.minecraft.loot.LootTableManager.lambda$apply$0(LootTableManager.java:40) ~[?:?]
	at java.util.HashMap.forEach(HashMap.java:1337) ~[?:?]
	at net.minecraft.loot.LootTableManager.func_212853_a_(LootTableManager.java:38) ~[?:?]
	at net.minecraft.loot.LootTableManager.func_212853_a_(LootTableManager.java:16) ~[?:?]
	at net.minecraft.client.resources.ReloadListener.func_215269_a(SourceFile:13) ~[?:?]
	at java.util.concurrent.CompletableFuture$UniAccept.tryFire(CompletableFuture.java:714) ~[?:?]
	at java.util.concurrent.CompletableFuture$Completion.run(CompletableFuture.java:478) ~[?:?]
	at net.minecraft.resources.AsyncReloader.func_219557_a(SourceFile:71) ~[?:?]
	at net.minecraft.resources.AsyncReloader.func_219560_a(SourceFile:70) ~[?:?]
	at java.util.concurrent.CompletableFuture$UniCompletion.claim(CompletableFuture.java:568) ~[?:?]
	at java.util.concurrent.CompletableFuture$UniAccept.tryFire(CompletableFuture.java:710) ~[?:?]
	at java.util.concurrent.CompletableFuture.postComplete(CompletableFuture.java:506) ~[?:?]
	at java.util.concurrent.CompletableFuture.postFire(CompletableFuture.java:610) ~[?:?]
	at java.util.concurrent.CompletableFuture$UniAccept.tryFire(CompletableFuture.java:722) ~[?:?]
	at java.util.concurrent.CompletableFuture$Completion.run(CompletableFuture.java:478) ~[?:?]
	at net.minecraft.resources.AsyncReloader.func_219557_a(SourceFile:71) ~[?:?]
	at net.minecraft.resources.AsyncReloader.func_219560_a(SourceFile:70) ~[?:?]
	at java.util.concurrent.CompletableFuture$UniCompletion.claim(CompletableFuture.java:568) ~[?:?]
	at java.util.concurrent.CompletableFuture$UniAccept.tryFire(CompletableFuture.java:710) ~[?:?]
	at java.util.concurrent.CompletableFuture.postComplete(CompletableFuture.java:506) ~[?:?]
	at java.util.concurrent.CompletableFuture.postFire(CompletableFuture.java:610) ~[?:?]
	at java.util.concurrent.CompletableFuture$UniAccept.tryFire(CompletableFuture.java:722) ~[?:?]
	at java.util.concurrent.CompletableFuture$Completion.run(CompletableFuture.java:478) ~[?:?]
	at net.minecraft.resources.AsyncReloader.func_219557_a(SourceFile:71) ~[?:?]
	at net.minecraft.resources.AsyncReloader.func_219560_a(SourceFile:70) ~[?:?]
	at java.util.concurrent.CompletableFuture$UniCompletion.claim(CompletableFuture.java:568) ~[?:?]
	at java.util.concurrent.CompletableFuture$UniAccept.tryFire(CompletableFuture.java:710) ~[?:?]
	at java.util.concurrent.CompletableFuture.postComplete(CompletableFuture.java:506) ~[?:?]
	at java.util.concurrent.CompletableFuture.postFire(CompletableFuture.java:610) ~[?:?]
	at java.util.concurrent.CompletableFuture$UniAccept.tryFire(CompletableFuture.java:722) ~[?:?]
	at java.util.concurrent.CompletableFuture$Completion.run(CompletableFuture.java:478) ~[?:?]
	at net.minecraft.resources.AsyncReloader.func_219557_a(SourceFile:71) ~[?:?]
	at net.minecraft.resources.AsyncReloader.func_219560_a(SourceFile:70) ~[?:?]
	at java.util.concurrent.CompletableFuture$UniCompletion.claim(CompletableFuture.java:568) ~[?:?]
	at java.util.concurrent.CompletableFuture$UniAccept.tryFire(CompletableFuture.java:710) ~[?:?]
	at java.util.concurrent.CompletableFuture.postComplete(CompletableFuture.java:506) ~[?:?]
	at java.util.concurrent.CompletableFuture.postFire(CompletableFuture.java:610) ~[?:?]
	at java.util.concurrent.CompletableFuture$UniAccept.tryFire(CompletableFuture.java:722) ~[?:?]
	at java.util.concurrent.CompletableFuture$Completion.run(CompletableFuture.java:478) ~[?:?]
	at net.minecraft.resources.AsyncReloader.func_219557_a(SourceFile:71) ~[?:?]
	at net.minecraft.resources.AsyncReloader.func_219560_a(SourceFile:70) ~[?:?]
	at java.util.concurrent.CompletableFuture$UniCompletion.claim(CompletableFuture.java:568) ~[?:?]
	at java.util.concurrent.CompletableFuture$UniAccept.tryFire(CompletableFuture.java:710) ~[?:?]
	at java.util.concurrent.CompletableFuture.postComplete(CompletableFuture.java:506) ~[?:?]
	at java.util.concurrent.CompletableFuture.postFire(CompletableFuture.java:610) ~[?:?]
	at java.util.concurrent.CompletableFuture$UniAccept.tryFire(CompletableFuture.java:722) ~[?:?]
	at java.util.concurrent.CompletableFuture$Completion.run(CompletableFuture.java:478) ~[?:?]
	at net.minecraft.resources.AsyncReloader.func_219557_a(SourceFile:71) ~[?:?]
	at net.minecraft.resources.AsyncReloader.func_219560_a(SourceFile:70) ~[?:?]
	at java.util.concurrent.CompletableFuture$UniCompletion.claim(CompletableFuture.java:568) ~[?:?]
	at java.util.concurrent.CompletableFuture$UniAccept.tryFire(CompletableFuture.java:710) ~[?:?]
	at java.util.concurrent.CompletableFuture.postComplete(CompletableFuture.java:506) ~[?:?]
	at java.util.concurrent.CompletableFuture.complete(CompletableFuture.java:2079) ~[?:?]
	at net.minecraft.resources.AsyncReloader$1.func_216873_a(SourceFile:53) ~[?:?]
	at net.minecraft.resources.AsyncReloader$1.func_216872_a(SourceFile:50) ~[?:?]
	at java.util.concurrent.CompletableFuture$UniCompose.tryFire(CompletableFuture.java:1072) [?:?]
	at java.util.concurrent.CompletableFuture.postComplete(CompletableFuture.java:506) [?:?]
	at java.util.concurrent.CompletableFuture$AsyncSupply.run(CompletableFuture.java:1705) [?:?]
	at java.util.concurrent.CompletableFuture$AsyncSupply.exec(CompletableFuture.java:1692) [?:?]
	at java.util.concurrent.ForkJoinTask.doExec(ForkJoinTask.java:290) [?:?]
	at java.util.concurrent.ForkJoinPool$WorkQueue.topLevelExec(ForkJoinPool.java:1020) [?:?]
	at java.util.concurrent.ForkJoinPool.scan(ForkJoinPool.java:1656) [?:?]
	at java.util.concurrent.ForkJoinPool.runWorker(ForkJoinPool.java:1594) [?:?]
	at java.util.concurrent.ForkJoinWorkerThread.run(ForkJoinWorkerThread.java:183) [?:?]
[20Apr2025 11:51:58.329] [Worker-Main-4/ERROR] [net.minecraft.loot.LootTableManager/]: Couldn't parse loot table idas:chests/fishermans_lodge/fishermans_lodge_tools
com.google.gson.JsonSyntaxException: Unknown type 'minecraft:set_potion'
	at net.minecraft.loot.LootTypesManager$Serializer.deserialize(SourceFile:80) ~[?:?]
	at com.google.gson.internal.bind.TreeTypeAdapter.read(TreeTypeAdapter.java:69) ~[server-1.16.5-20210115.111550-extra.jar:?]
	at com.google.gson.internal.bind.TypeAdapterRuntimeTypeWrapper.read(TypeAdapterRuntimeTypeWrapper.java:41) ~[server-1.16.5-20210115.111550-extra.jar:?]
	at com.google.gson.internal.bind.ArrayTypeAdapter.read(ArrayTypeAdapter.java:72) ~[server-1.16.5-20210115.111550-extra.jar:?]
	at com.google.gson.Gson.fromJson(Gson.java:887) ~[server-1.16.5-20210115.111550-extra.jar:?]
	at com.google.gson.Gson.fromJson(Gson.java:952) ~[server-1.16.5-20210115.111550-extra.jar:?]
	at com.google.gson.internal.bind.TreeTypeAdapter$GsonContextImpl.deserialize(TreeTypeAdapter.java:162) ~[server-1.16.5-20210115.111550-extra.jar:?]
	at net.minecraft.util.JSONUtils.func_188179_a(SourceFile:440) ~[?:?]
	at net.minecraft.util.JSONUtils.func_188177_a(SourceFile:456) ~[?:?]
	at net.minecraft.loot.StandaloneLootEntry$Serializer.func_230421_b_(SourceFile:149) ~[?:?]
	at net.minecraft.loot.StandaloneLootEntry$Serializer.func_230421_b_(SourceFile:129) ~[?:?]
	at net.minecraft.loot.LootEntry$Serializer.func_230423_a_(SourceFile:86) ~[?:?]
	at net.minecraft.loot.LootEntry$Serializer.func_230423_a_(SourceFile:74) ~[?:?]
	at net.minecraft.loot.LootTypesManager$Serializer.deserialize(SourceFile:83) ~[?:?]
	at com.google.gson.internal.bind.TreeTypeAdapter.read(TreeTypeAdapter.java:69) ~[server-1.16.5-20210115.111550-extra.jar:?]
	at com.google.gson.internal.bind.TypeAdapterRuntimeTypeWrapper.read(TypeAdapterRuntimeTypeWrapper.java:41) ~[server-1.16.5-20210115.111550-extra.jar:?]
	at com.google.gson.internal.bind.ArrayTypeAdapter.read(ArrayTypeAdapter.java:72) ~[server-1.16.5-20210115.111550-extra.jar:?]
	at com.google.gson.Gson.fromJson(Gson.java:887) ~[server-1.16.5-20210115.111550-extra.jar:?]
	at com.google.gson.Gson.fromJson(Gson.java:952) ~[server-1.16.5-20210115.111550-extra.jar:?]
	at com.google.gson.internal.bind.TreeTypeAdapter$GsonContextImpl.deserialize(TreeTypeAdapter.java:162) ~[server-1.16.5-20210115.111550-extra.jar:?]
	at net.minecraft.util.JSONUtils.func_188179_a(SourceFile:440) ~[?:?]
	at net.minecraft.util.JSONUtils.func_188174_a(SourceFile:448) ~[?:?]
	at net.minecraft.loot.LootPool$Serializer.deserialize(LootPool.java:183) ~[?:?]
	at net.minecraft.loot.LootPool$Serializer.deserialize(LootPool.java:180) ~[?:?]
	at com.google.gson.internal.bind.TreeTypeAdapter.read(TreeTypeAdapter.java:69) ~[server-1.16.5-20210115.111550-extra.jar:?]
	at com.google.gson.internal.bind.TypeAdapterRuntimeTypeWrapper.read(TypeAdapterRuntimeTypeWrapper.java:41) ~[server-1.16.5-20210115.111550-extra.jar:?]
	at com.google.gson.internal.bind.ArrayTypeAdapter.read(ArrayTypeAdapter.java:72) ~[server-1.16.5-20210115.111550-extra.jar:?]
	at com.google.gson.Gson.fromJson(Gson.java:887) ~[server-1.16.5-20210115.111550-extra.jar:?]
	at com.google.gson.Gson.fromJson(Gson.java:952) ~[server-1.16.5-20210115.111550-extra.jar:?]
	at com.google.gson.internal.bind.TreeTypeAdapter$GsonContextImpl.deserialize(TreeTypeAdapter.java:162) ~[server-1.16.5-20210115.111550-extra.jar:?]
	at net.minecraft.util.JSONUtils.func_188179_a(SourceFile:440) ~[?:?]
	at net.minecraft.util.JSONUtils.func_188177_a(SourceFile:456) ~[?:?]
	at net.minecraft.loot.LootTable$Serializer.deserialize(LootTable.java:252) ~[?:?]
	at net.minecraft.loot.LootTable$Serializer.deserialize(LootTable.java:249) ~[?:?]
	at com.google.gson.internal.bind.TreeTypeAdapter.read(TreeTypeAdapter.java:69) ~[server-1.16.5-20210115.111550-extra.jar:?]
	at com.google.gson.Gson.fromJson(Gson.java:887) ~[server-1.16.5-20210115.111550-extra.jar:?]
	at com.google.gson.Gson.fromJson(Gson.java:952) ~[server-1.16.5-20210115.111550-extra.jar:?]
	at com.google.gson.Gson.fromJson(Gson.java:925) ~[server-1.16.5-20210115.111550-extra.jar:?]
	at net.minecraftforge.common.ForgeHooks.loadLootTable(ForgeHooks.java:874) ~[forge:?]
	at net.minecraft.loot.LootTableManager.lambda$apply$0(LootTableManager.java:40) ~[?:?]
	at java.util.HashMap.forEach(HashMap.java:1337) ~[?:?]
	at net.minecraft.loot.LootTableManager.func_212853_a_(LootTableManager.java:38) ~[?:?]
	at net.minecraft.loot.LootTableManager.func_212853_a_(LootTableManager.java:16) ~[?:?]
	at net.minecraft.client.resources.ReloadListener.func_215269_a(SourceFile:13) ~[?:?]
	at java.util.concurrent.CompletableFuture$UniAccept.tryFire(CompletableFuture.java:714) ~[?:?]
	at java.util.concurrent.CompletableFuture$Completion.run(CompletableFuture.java:478) ~[?:?]
	at net.minecraft.resources.AsyncReloader.func_219557_a(SourceFile:71) ~[?:?]
	at net.minecraft.resources.AsyncReloader.func_219560_a(SourceFile:70) ~[?:?]
	at java.util.concurrent.CompletableFuture$UniCompletion.claim(CompletableFuture.java:568) ~[?:?]
	at java.util.concurrent.CompletableFuture$UniAccept.tryFire(CompletableFuture.java:710) ~[?:?]
	at java.util.concurrent.CompletableFuture.postComplete(CompletableFuture.java:506) ~[?:?]
	at java.util.concurrent.CompletableFuture.postFire(CompletableFuture.java:610) ~[?:?]
	at java.util.concurrent.CompletableFuture$UniAccept.tryFire(CompletableFuture.java:722) ~[?:?]
	at java.util.concurrent.CompletableFuture$Completion.run(CompletableFuture.java:478) ~[?:?]
	at net.minecraft.resources.AsyncReloader.func_219557_a(SourceFile:71) ~[?:?]
	at net.minecraft.resources.AsyncReloader.func_219560_a(SourceFile:70) ~[?:?]
	at java.util.concurrent.CompletableFuture$UniCompletion.claim(CompletableFuture.java:568) ~[?:?]
	at java.util.concurrent.CompletableFuture$UniAccept.tryFire(CompletableFuture.java:710) ~[?:?]
	at java.util.concurrent.CompletableFuture.postComplete(CompletableFuture.java:506) ~[?:?]
	at java.util.concurrent.CompletableFuture.postFire(CompletableFuture.java:610) ~[?:?]
	at java.util.concurrent.CompletableFuture$UniAccept.tryFire(CompletableFuture.java:722) ~[?:?]
	at java.util.concurrent.CompletableFuture$Completion.run(CompletableFuture.java:478) ~[?:?]
	at net.minecraft.resources.AsyncReloader.func_219557_a(SourceFile:71) ~[?:?]
	at net.minecraft.resources.AsyncReloader.func_219560_a(SourceFile:70) ~[?:?]
	at java.util.concurrent.CompletableFuture$UniCompletion.claim(CompletableFuture.java:568) ~[?:?]
	at java.util.concurrent.CompletableFuture$UniAccept.tryFire(CompletableFuture.java:710) ~[?:?]
	at java.util.concurrent.CompletableFuture.postComplete(CompletableFuture.java:506) ~[?:?]
	at java.util.concurrent.CompletableFuture.postFire(CompletableFuture.java:610) ~[?:?]
	at java.util.concurrent.CompletableFuture$UniAccept.tryFire(CompletableFuture.java:722) ~[?:?]
	at java.util.concurrent.CompletableFuture$Completion.run(CompletableFuture.java:478) ~[?:?]
	at net.minecraft.resources.AsyncReloader.func_219557_a(SourceFile:71) ~[?:?]
	at net.minecraft.resources.AsyncReloader.func_219560_a(SourceFile:70) ~[?:?]
	at java.util.concurrent.CompletableFuture$UniCompletion.claim(CompletableFuture.java:568) ~[?:?]
	at java.util.concurrent.CompletableFuture$UniAccept.tryFire(CompletableFuture.java:710) ~[?:?]
	at java.util.concurrent.CompletableFuture.postComplete(CompletableFuture.java:506) ~[?:?]
	at java.util.concurrent.CompletableFuture.postFire(CompletableFuture.java:610) ~[?:?]
	at java.util.concurrent.CompletableFuture$UniAccept.tryFire(CompletableFuture.java:722) ~[?:?]
	at java.util.concurrent.CompletableFuture$Completion.run(CompletableFuture.java:478) ~[?:?]
	at net.minecraft.resources.AsyncReloader.func_219557_a(SourceFile:71) ~[?:?]
	at net.minecraft.resources.AsyncReloader.func_219560_a(SourceFile:70) ~[?:?]
	at java.util.concurrent.CompletableFuture$UniCompletion.claim(CompletableFuture.java:568) ~[?:?]
	at java.util.concurrent.CompletableFuture$UniAccept.tryFire(CompletableFuture.java:710) ~[?:?]
	at java.util.concurrent.CompletableFuture.postComplete(CompletableFuture.java:506) ~[?:?]
	at java.util.concurrent.CompletableFuture.postFire(CompletableFuture.java:610) ~[?:?]
	at java.util.concurrent.CompletableFuture$UniAccept.tryFire(CompletableFuture.java:722) ~[?:?]
	at java.util.concurrent.CompletableFuture$Completion.run(CompletableFuture.java:478) ~[?:?]
	at net.minecraft.resources.AsyncReloader.func_219557_a(SourceFile:71) ~[?:?]
	at net.minecraft.resources.AsyncReloader.func_219560_a(SourceFile:70) ~[?:?]
	at java.util.concurrent.CompletableFuture$UniCompletion.claim(CompletableFuture.java:568) ~[?:?]
	at java.util.concurrent.CompletableFuture$UniAccept.tryFire(CompletableFuture.java:710) ~[?:?]
	at java.util.concurrent.CompletableFuture.postComplete(CompletableFuture.java:506) ~[?:?]
	at java.util.concurrent.CompletableFuture.complete(CompletableFuture.java:2079) ~[?:?]
	at net.minecraft.resources.AsyncReloader$1.func_216873_a(SourceFile:53) ~[?:?]
	at net.minecraft.resources.AsyncReloader$1.func_216872_a(SourceFile:50) ~[?:?]
	at java.util.concurrent.CompletableFuture$UniCompose.tryFire(CompletableFuture.java:1072) [?:?]
	at java.util.concurrent.CompletableFuture.postComplete(CompletableFuture.java:506) [?:?]
	at java.util.concurrent.CompletableFuture$AsyncSupply.run(CompletableFuture.java:1705) [?:?]
	at java.util.concurrent.CompletableFuture$AsyncSupply.exec(CompletableFuture.java:1692) [?:?]
	at java.util.concurrent.ForkJoinTask.doExec(ForkJoinTask.java:290) [?:?]
	at java.util.concurrent.ForkJoinPool$WorkQueue.topLevelExec(ForkJoinPool.java:1020) [?:?]
	at java.util.concurrent.ForkJoinPool.scan(ForkJoinPool.java:1656) [?:?]
	at java.util.concurrent.ForkJoinPool.runWorker(ForkJoinPool.java:1594) [?:?]
	at java.util.concurrent.ForkJoinWorkerThread.run(ForkJoinWorkerThread.java:183) [?:?]
[20Apr2025 11:51:58.463] [Worker-Main-4/ERROR] [net.minecraft.loot.LootTableManager/]: Couldn't parse loot table idas:chests/labyrinth/labyrinth_tomb_if
com.google.gson.JsonSyntaxException: Expected name to be an item, was unknown string 'iceandfire:dragonbone'
	at net.minecraft.util.JSONUtils.func_219793_a(SourceFile:127) ~[?:?]
	at java.util.Optional.orElseThrow(Optional.java:408) ~[?:?]
	at net.minecraft.util.JSONUtils.func_188172_b(SourceFile:127) ~[?:?]
	at net.minecraft.util.JSONUtils.func_188180_i(SourceFile:135) ~[?:?]
	at net.minecraft.loot.ItemLootEntry$Serializer.func_212829_b_(SourceFile:55) ~[?:?]
	at net.minecraft.loot.ItemLootEntry$Serializer.func_212829_b_(SourceFile:40) ~[?:?]
	at net.minecraft.loot.StandaloneLootEntry$Serializer.func_230421_b_(SourceFile:151) ~[?:?]
	at net.minecraft.loot.StandaloneLootEntry$Serializer.func_230421_b_(SourceFile:129) ~[?:?]
	at net.minecraft.loot.LootEntry$Serializer.func_230423_a_(SourceFile:86) ~[?:?]
	at net.minecraft.loot.LootEntry$Serializer.func_230423_a_(SourceFile:74) ~[?:?]
	at net.minecraft.loot.LootTypesManager$Serializer.deserialize(SourceFile:83) ~[?:?]
	at com.google.gson.internal.bind.TreeTypeAdapter.read(TreeTypeAdapter.java:69) ~[server-1.16.5-20210115.111550-extra.jar:?]
	at com.google.gson.internal.bind.TypeAdapterRuntimeTypeWrapper.read(TypeAdapterRuntimeTypeWrapper.java:41) ~[server-1.16.5-20210115.111550-extra.jar:?]
	at com.google.gson.internal.bind.ArrayTypeAdapter.read(ArrayTypeAdapter.java:72) ~[server-1.16.5-20210115.111550-extra.jar:?]
	at com.google.gson.Gson.fromJson(Gson.java:887) ~[server-1.16.5-20210115.111550-extra.jar:?]
	at com.google.gson.Gson.fromJson(Gson.java:952) ~[server-1.16.5-20210115.111550-extra.jar:?]
	at com.google.gson.internal.bind.TreeTypeAdapter$GsonContextImpl.deserialize(TreeTypeAdapter.java:162) ~[server-1.16.5-20210115.111550-extra.jar:?]
	at net.minecraft.util.JSONUtils.func_188179_a(SourceFile:440) ~[?:?]
	at net.minecraft.util.JSONUtils.func_188174_a(SourceFile:448) ~[?:?]
	at net.minecraft.loot.LootPool$Serializer.deserialize(LootPool.java:183) ~[?:?]
	at net.minecraft.loot.LootPool$Serializer.deserialize(LootPool.java:180) ~[?:?]
	at com.google.gson.internal.bind.TreeTypeAdapter.read(TreeTypeAdapter.java:69) ~[server-1.16.5-20210115.111550-extra.jar:?]
	at com.google.gson.internal.bind.TypeAdapterRuntimeTypeWrapper.read(TypeAdapterRuntimeTypeWrapper.java:41) ~[server-1.16.5-20210115.111550-extra.jar:?]
	at com.google.gson.internal.bind.ArrayTypeAdapter.read(ArrayTypeAdapter.java:72) ~[server-1.16.5-20210115.111550-extra.jar:?]
	at com.google.gson.Gson.fromJson(Gson.java:887) ~[server-1.16.5-20210115.111550-extra.jar:?]
	at com.google.gson.Gson.fromJson(Gson.java:952) ~[server-1.16.5-20210115.111550-extra.jar:?]
	at com.google.gson.internal.bind.TreeTypeAdapter$GsonContextImpl.deserialize(TreeTypeAdapter.java:162) ~[server-1.16.5-20210115.111550-extra.jar:?]
	at net.minecraft.util.JSONUtils.func_188179_a(SourceFile:440) ~[?:?]
	at net.minecraft.util.JSONUtils.func_188177_a(SourceFile:456) ~[?:?]
	at net.minecraft.loot.LootTable$Serializer.deserialize(LootTable.java:252) ~[?:?]
	at net.minecraft.loot.LootTable$Serializer.deserialize(LootTable.java:249) ~[?:?]
	at com.google.gson.internal.bind.TreeTypeAdapter.read(TreeTypeAdapter.java:69) ~[server-1.16.5-20210115.111550-extra.jar:?]
	at com.google.gson.Gson.fromJson(Gson.java:887) ~[server-1.16.5-20210115.111550-extra.jar:?]
	at com.google.gson.Gson.fromJson(Gson.java:952) ~[server-1.16.5-20210115.111550-extra.jar:?]
	at com.google.gson.Gson.fromJson(Gson.java:925) ~[server-1.16.5-20210115.111550-extra.jar:?]
	at net.minecraftforge.common.ForgeHooks.loadLootTable(ForgeHooks.java:874) ~[forge:?]
	at net.minecraft.loot.LootTableManager.lambda$apply$0(LootTableManager.java:40) ~[?:?]
	at java.util.HashMap.forEach(HashMap.java:1337) ~[?:?]
	at net.minecraft.loot.LootTableManager.func_212853_a_(LootTableManager.java:38) ~[?:?]
	at net.minecraft.loot.LootTableManager.func_212853_a_(LootTableManager.java:16) ~[?:?]
	at net.minecraft.client.resources.ReloadListener.func_215269_a(SourceFile:13) ~[?:?]
	at java.util.concurrent.CompletableFuture$UniAccept.tryFire(CompletableFuture.java:714) ~[?:?]
	at java.util.concurrent.CompletableFuture$Completion.run(CompletableFuture.java:478) ~[?:?]
	at net.minecraft.resources.AsyncReloader.func_219557_a(SourceFile:71) ~[?:?]
	at net.minecraft.resources.AsyncReloader.func_219560_a(SourceFile:70) ~[?:?]
	at java.util.concurrent.CompletableFuture$UniCompletion.claim(CompletableFuture.java:568) ~[?:?]
	at java.util.concurrent.CompletableFuture$UniAccept.tryFire(CompletableFuture.java:710) ~[?:?]
	at java.util.concurrent.CompletableFuture.postComplete(CompletableFuture.java:506) ~[?:?]
	at java.util.concurrent.CompletableFuture.postFire(CompletableFuture.java:610) ~[?:?]
	at java.util.concurrent.CompletableFuture$UniAccept.tryFire(CompletableFuture.java:722) ~[?:?]
	at java.util.concurrent.CompletableFuture$Completion.run(CompletableFuture.java:478) ~[?:?]
	at net.minecraft.resources.AsyncReloader.func_219557_a(SourceFile:71) ~[?:?]
	at net.minecraft.resources.AsyncReloader.func_219560_a(SourceFile:70) ~[?:?]
	at java.util.concurrent.CompletableFuture$UniCompletion.claim(CompletableFuture.java:568) ~[?:?]
	at java.util.concurrent.CompletableFuture$UniAccept.tryFire(CompletableFuture.java:710) ~[?:?]
	at java.util.concurrent.CompletableFuture.postComplete(CompletableFuture.java:506) ~[?:?]
	at java.util.concurrent.CompletableFuture.postFire(CompletableFuture.java:610) ~[?:?]
	at java.util.concurrent.CompletableFuture$UniAccept.tryFire(CompletableFuture.java:722) ~[?:?]
	at java.util.concurrent.CompletableFuture$Completion.run(CompletableFuture.java:478) ~[?:?]
	at net.minecraft.resources.AsyncReloader.func_219557_a(SourceFile:71) ~[?:?]
	at net.minecraft.resources.AsyncReloader.func_219560_a(SourceFile:70) ~[?:?]
	at java.util.concurrent.CompletableFuture$UniCompletion.claim(CompletableFuture.java:568) ~[?:?]
	at java.util.concurrent.CompletableFuture$UniAccept.tryFire(CompletableFuture.java:710) ~[?:?]
	at java.util.concurrent.CompletableFuture.postComplete(CompletableFuture.java:506) ~[?:?]
	at java.util.concurrent.CompletableFuture.postFire(CompletableFuture.java:610) ~[?:?]
	at java.util.concurrent.CompletableFuture$UniAccept.tryFire(CompletableFuture.java:722) ~[?:?]
	at java.util.concurrent.CompletableFuture$Completion.run(CompletableFuture.java:478) ~[?:?]
	at net.minecraft.resources.AsyncReloader.func_219557_a(SourceFile:71) ~[?:?]
	at net.minecraft.resources.AsyncReloader.func_219560_a(SourceFile:70) ~[?:?]
	at java.util.concurrent.CompletableFuture$UniCompletion.claim(CompletableFuture.java:568) ~[?:?]
	at java.util.concurrent.CompletableFuture$UniAccept.tryFire(CompletableFuture.java:710) ~[?:?]
	at java.util.concurrent.CompletableFuture.postComplete(CompletableFuture.java:506) ~[?:?]
	at java.util.concurrent.CompletableFuture.postFire(CompletableFuture.java:610) ~[?:?]
	at java.util.concurrent.CompletableFuture$UniAccept.tryFire(CompletableFuture.java:722) ~[?:?]
	at java.util.concurrent.CompletableFuture$Completion.run(CompletableFuture.java:478) ~[?:?]
	at net.minecraft.resources.AsyncReloader.func_219557_a(SourceFile:71) ~[?:?]
	at net.minecraft.resources.AsyncReloader.func_219560_a(SourceFile:70) ~[?:?]
	at java.util.concurrent.CompletableFuture$UniCompletion.claim(CompletableFuture.java:568) ~[?:?]
	at java.util.concurrent.CompletableFuture$UniAccept.tryFire(CompletableFuture.java:710) ~[?:?]
	at java.util.concurrent.CompletableFuture.postComplete(CompletableFuture.java:506) ~[?:?]
	at java.util.concurrent.CompletableFuture.postFire(CompletableFuture.java:610) ~[?:?]
	at java.util.concurrent.CompletableFuture$UniAccept.tryFire(CompletableFuture.java:722) ~[?:?]
	at java.util.concurrent.CompletableFuture$Completion.run(CompletableFuture.java:478) ~[?:?]
	at net.minecraft.resources.AsyncReloader.func_219557_a(SourceFile:71) ~[?:?]
	at net.minecraft.resources.AsyncReloader.func_219560_a(SourceFile:70) ~[?:?]
	at java.util.concurrent.CompletableFuture$UniCompletion.claim(CompletableFuture.java:568) ~[?:?]
	at java.util.concurrent.CompletableFuture$UniAccept.tryFire(CompletableFuture.java:710) ~[?:?]
	at java.util.concurrent.CompletableFuture.postComplete(CompletableFuture.java:506) ~[?:?]
	at java.util.concurrent.CompletableFuture.complete(CompletableFuture.java:2079) ~[?:?]
	at net.minecraft.resources.AsyncReloader$1.func_216873_a(SourceFile:53) ~[?:?]
	at net.minecraft.resources.AsyncReloader$1.func_216872_a(SourceFile:50) ~[?:?]
	at java.util.concurrent.CompletableFuture$UniCompose.tryFire(CompletableFuture.java:1072) [?:?]
	at java.util.concurrent.CompletableFuture.postComplete(CompletableFuture.java:506) [?:?]
	at java.util.concurrent.CompletableFuture$AsyncSupply.run(CompletableFuture.java:1705) [?:?]
	at java.util.concurrent.CompletableFuture$AsyncSupply.exec(CompletableFuture.java:1692) [?:?]
	at java.util.concurrent.ForkJoinTask.doExec(ForkJoinTask.java:290) [?:?]
	at java.util.concurrent.ForkJoinPool$WorkQueue.topLevelExec(ForkJoinPool.java:1020) [?:?]
	at java.util.concurrent.ForkJoinPool.scan(ForkJoinPool.java:1656) [?:?]
	at java.util.concurrent.ForkJoinPool.runWorker(ForkJoinPool.java:1594) [?:?]
	at java.util.concurrent.ForkJoinWorkerThread.run(ForkJoinWorkerThread.java:183) [?:?]
[20Apr2025 11:51:58.499] [Worker-Main-4/ERROR] [net.minecraft.loot.LootTableManager/]: Couldn't parse loot table mineminenomi:blocks/moss
com.google.gson.JsonSyntaxException: Expected name to be an item, was unknown string 'mineminenomi:moss'
	at net.minecraft.util.JSONUtils.func_219793_a(SourceFile:127) ~[?:?]
	at java.util.Optional.orElseThrow(Optional.java:408) ~[?:?]
	at net.minecraft.util.JSONUtils.func_188172_b(SourceFile:127) ~[?:?]
	at net.minecraft.util.JSONUtils.func_188180_i(SourceFile:135) ~[?:?]
	at net.minecraft.loot.ItemLootEntry$Serializer.func_212829_b_(SourceFile:55) ~[?:?]
	at net.minecraft.loot.ItemLootEntry$Serializer.func_212829_b_(SourceFile:40) ~[?:?]
	at net.minecraft.loot.StandaloneLootEntry$Serializer.func_230421_b_(SourceFile:151) ~[?:?]
	at net.minecraft.loot.StandaloneLootEntry$Serializer.func_230421_b_(SourceFile:129) ~[?:?]
	at net.minecraft.loot.LootEntry$Serializer.func_230423_a_(SourceFile:86) ~[?:?]
	at net.minecraft.loot.LootEntry$Serializer.func_230423_a_(SourceFile:74) ~[?:?]
	at net.minecraft.loot.LootTypesManager$Serializer.deserialize(SourceFile:83) ~[?:?]
	at com.google.gson.internal.bind.TreeTypeAdapter.read(TreeTypeAdapter.java:69) ~[server-1.16.5-20210115.111550-extra.jar:?]
	at com.google.gson.internal.bind.TypeAdapterRuntimeTypeWrapper.read(TypeAdapterRuntimeTypeWrapper.java:41) ~[server-1.16.5-20210115.111550-extra.jar:?]
	at com.google.gson.internal.bind.ArrayTypeAdapter.read(ArrayTypeAdapter.java:72) ~[server-1.16.5-20210115.111550-extra.jar:?]
	at com.google.gson.Gson.fromJson(Gson.java:887) ~[server-1.16.5-20210115.111550-extra.jar:?]
	at com.google.gson.Gson.fromJson(Gson.java:952) ~[server-1.16.5-20210115.111550-extra.jar:?]
	at com.google.gson.internal.bind.TreeTypeAdapter$GsonContextImpl.deserialize(TreeTypeAdapter.java:162) ~[server-1.16.5-20210115.111550-extra.jar:?]
	at net.minecraft.util.JSONUtils.func_188179_a(SourceFile:440) ~[?:?]
	at net.minecraft.util.JSONUtils.func_188174_a(SourceFile:448) ~[?:?]
	at net.minecraft.loot.LootPool$Serializer.deserialize(LootPool.java:183) ~[?:?]
	at net.minecraft.loot.LootPool$Serializer.deserialize(LootPool.java:180) ~[?:?]
	at com.google.gson.internal.bind.TreeTypeAdapter.read(TreeTypeAdapter.java:69) ~[server-1.16.5-20210115.111550-extra.jar:?]
	at com.google.gson.internal.bind.TypeAdapterRuntimeTypeWrapper.read(TypeAdapterRuntimeTypeWrapper.java:41) ~[server-1.16.5-20210115.111550-extra.jar:?]
	at com.google.gson.internal.bind.ArrayTypeAdapter.read(ArrayTypeAdapter.java:72) ~[server-1.16.5-20210115.111550-extra.jar:?]
	at com.google.gson.Gson.fromJson(Gson.java:887) ~[server-1.16.5-20210115.111550-extra.jar:?]
	at com.google.gson.Gson.fromJson(Gson.java:952) ~[server-1.16.5-20210115.111550-extra.jar:?]
	at com.google.gson.internal.bind.TreeTypeAdapter$GsonContextImpl.deserialize(TreeTypeAdapter.java:162) ~[server-1.16.5-20210115.111550-extra.jar:?]
	at net.minecraft.util.JSONUtils.func_188179_a(SourceFile:440) ~[?:?]
	at net.minecraft.util.JSONUtils.func_188177_a(SourceFile:456) ~[?:?]
	at net.minecraft.loot.LootTable$Serializer.deserialize(LootTable.java:252) ~[?:?]
	at net.minecraft.loot.LootTable$Serializer.deserialize(LootTable.java:249) ~[?:?]
	at com.google.gson.internal.bind.TreeTypeAdapter.read(TreeTypeAdapter.java:69) ~[server-1.16.5-20210115.111550-extra.jar:?]
	at com.google.gson.Gson.fromJson(Gson.java:887) ~[server-1.16.5-20210115.111550-extra.jar:?]
	at com.google.gson.Gson.fromJson(Gson.java:952) ~[server-1.16.5-20210115.111550-extra.jar:?]
	at com.google.gson.Gson.fromJson(Gson.java:925) ~[server-1.16.5-20210115.111550-extra.jar:?]
	at net.minecraftforge.common.ForgeHooks.loadLootTable(ForgeHooks.java:874) ~[forge:?]
	at net.minecraft.loot.LootTableManager.lambda$apply$0(LootTableManager.java:40) ~[?:?]
	at java.util.HashMap.forEach(HashMap.java:1337) ~[?:?]
	at net.minecraft.loot.LootTableManager.func_212853_a_(LootTableManager.java:38) ~[?:?]
	at net.minecraft.loot.LootTableManager.func_212853_a_(LootTableManager.java:16) ~[?:?]
	at net.minecraft.client.resources.ReloadListener.func_215269_a(SourceFile:13) ~[?:?]
	at java.util.concurrent.CompletableFuture$UniAccept.tryFire(CompletableFuture.java:714) ~[?:?]
	at java.util.concurrent.CompletableFuture$Completion.run(CompletableFuture.java:478) ~[?:?]
	at net.minecraft.resources.AsyncReloader.func_219557_a(SourceFile:71) ~[?:?]
	at net.minecraft.resources.AsyncReloader.func_219560_a(SourceFile:70) ~[?:?]
	at java.util.concurrent.CompletableFuture$UniCompletion.claim(CompletableFuture.java:568) ~[?:?]
	at java.util.concurrent.CompletableFuture$UniAccept.tryFire(CompletableFuture.java:710) ~[?:?]
	at java.util.concurrent.CompletableFuture.postComplete(CompletableFuture.java:506) ~[?:?]
	at java.util.concurrent.CompletableFuture.postFire(CompletableFuture.java:610) ~[?:?]
	at java.util.concurrent.CompletableFuture$UniAccept.tryFire(CompletableFuture.java:722) ~[?:?]
	at java.util.concurrent.CompletableFuture$Completion.run(CompletableFuture.java:478) ~[?:?]
	at net.minecraft.resources.AsyncReloader.func_219557_a(SourceFile:71) ~[?:?]
	at net.minecraft.resources.AsyncReloader.func_219560_a(SourceFile:70) ~[?:?]
	at java.util.concurrent.CompletableFuture$UniCompletion.claim(CompletableFuture.java:568) ~[?:?]
	at java.util.concurrent.CompletableFuture$UniAccept.tryFire(CompletableFuture.java:710) ~[?:?]
	at java.util.concurrent.CompletableFuture.postComplete(CompletableFuture.java:506) ~[?:?]
	at java.util.concurrent.CompletableFuture.postFire(CompletableFuture.java:610) ~[?:?]
	at java.util.concurrent.CompletableFuture$UniAccept.tryFire(CompletableFuture.java:722) ~[?:?]
	at java.util.concurrent.CompletableFuture$Completion.run(CompletableFuture.java:478) ~[?:?]
	at net.minecraft.resources.AsyncReloader.func_219557_a(SourceFile:71) ~[?:?]
	at net.minecraft.resources.AsyncReloader.func_219560_a(SourceFile:70) ~[?:?]
	at java.util.concurrent.CompletableFuture$UniCompletion.claim(CompletableFuture.java:568) ~[?:?]
	at java.util.concurrent.CompletableFuture$UniAccept.tryFire(CompletableFuture.java:710) ~[?:?]
	at java.util.concurrent.CompletableFuture.postComplete(CompletableFuture.java:506) ~[?:?]
	at java.util.concurrent.CompletableFuture.postFire(CompletableFuture.java:610) ~[?:?]
	at java.util.concurrent.CompletableFuture$UniAccept.tryFire(CompletableFuture.java:722) ~[?:?]
	at java.util.concurrent.CompletableFuture$Completion.run(CompletableFuture.java:478) ~[?:?]
	at net.minecraft.resources.AsyncReloader.func_219557_a(SourceFile:71) ~[?:?]
	at net.minecraft.resources.AsyncReloader.func_219560_a(SourceFile:70) ~[?:?]
	at java.util.concurrent.CompletableFuture$UniCompletion.claim(CompletableFuture.java:568) ~[?:?]
	at java.util.concurrent.CompletableFuture$UniAccept.tryFire(CompletableFuture.java:710) ~[?:?]
	at java.util.concurrent.CompletableFuture.postComplete(CompletableFuture.java:506) ~[?:?]
	at java.util.concurrent.CompletableFuture.postFire(CompletableFuture.java:610) ~[?:?]
	at java.util.concurrent.CompletableFuture$UniAccept.tryFire(CompletableFuture.java:722) ~[?:?]
	at java.util.concurrent.CompletableFuture$Completion.run(CompletableFuture.java:478) ~[?:?]
	at net.minecraft.resources.AsyncReloader.func_219557_a(SourceFile:71) ~[?:?]
	at net.minecraft.resources.AsyncReloader.func_219560_a(SourceFile:70) ~[?:?]
	at java.util.concurrent.CompletableFuture$UniCompletion.claim(CompletableFuture.java:568) ~[?:?]
	at java.util.concurrent.CompletableFuture$UniAccept.tryFire(CompletableFuture.java:710) ~[?:?]
	at java.util.concurrent.CompletableFuture.postComplete(CompletableFuture.java:506) ~[?:?]
	at java.util.concurrent.CompletableFuture.postFire(CompletableFuture.java:610) ~[?:?]
	at java.util.concurrent.CompletableFuture$UniAccept.tryFire(CompletableFuture.java:722) ~[?:?]
	at java.util.concurrent.CompletableFuture$Completion.run(CompletableFuture.java:478) ~[?:?]
	at net.minecraft.resources.AsyncReloader.func_219557_a(SourceFile:71) ~[?:?]
	at net.minecraft.resources.AsyncReloader.func_219560_a(SourceFile:70) ~[?:?]
	at java.util.concurrent.CompletableFuture$UniCompletion.claim(CompletableFuture.java:568) ~[?:?]
	at java.util.concurrent.CompletableFuture$UniAccept.tryFire(CompletableFuture.java:710) ~[?:?]
	at java.util.concurrent.CompletableFuture.postComplete(CompletableFuture.java:506) ~[?:?]
	at java.util.concurrent.CompletableFuture.complete(CompletableFuture.java:2079) ~[?:?]
	at net.minecraft.resources.AsyncReloader$1.func_216873_a(SourceFile:53) ~[?:?]
	at net.minecraft.resources.AsyncReloader$1.func_216872_a(SourceFile:50) ~[?:?]
	at java.util.concurrent.CompletableFuture$UniCompose.tryFire(CompletableFuture.java:1072) [?:?]
	at java.util.concurrent.CompletableFuture.postComplete(CompletableFuture.java:506) [?:?]
	at java.util.concurrent.CompletableFuture$AsyncSupply.run(CompletableFuture.java:1705) [?:?]
	at java.util.concurrent.CompletableFuture$AsyncSupply.exec(CompletableFuture.java:1692) [?:?]
	at java.util.concurrent.ForkJoinTask.doExec(ForkJoinTask.java:290) [?:?]
	at java.util.concurrent.ForkJoinPool$WorkQueue.topLevelExec(ForkJoinPool.java:1020) [?:?]
	at java.util.concurrent.ForkJoinPool.scan(ForkJoinPool.java:1656) [?:?]
	at java.util.concurrent.ForkJoinPool.runWorker(ForkJoinPool.java:1594) [?:?]
	at java.util.concurrent.ForkJoinWorkerThread.run(ForkJoinWorkerThread.java:183) [?:?]
[20Apr2025 11:51:58.684] [Worker-Main-4/ERROR] [net.minecraft.loot.LootTableManager/]: Couldn't parse loot table idas:chests/bazaar/bazaar_tools
com.google.gson.JsonSyntaxException: Unknown type 'minecraft:set_potion'
	at net.minecraft.loot.LootTypesManager$Serializer.deserialize(SourceFile:80) ~[?:?]
	at com.google.gson.internal.bind.TreeTypeAdapter.read(TreeTypeAdapter.java:69) ~[server-1.16.5-20210115.111550-extra.jar:?]
	at com.google.gson.internal.bind.TypeAdapterRuntimeTypeWrapper.read(TypeAdapterRuntimeTypeWrapper.java:41) ~[server-1.16.5-20210115.111550-extra.jar:?]
	at com.google.gson.internal.bind.ArrayTypeAdapter.read(ArrayTypeAdapter.java:72) ~[server-1.16.5-20210115.111550-extra.jar:?]
	at com.google.gson.Gson.fromJson(Gson.java:887) ~[server-1.16.5-20210115.111550-extra.jar:?]
	at com.google.gson.Gson.fromJson(Gson.java:952) ~[server-1.16.5-20210115.111550-extra.jar:?]
	at com.google.gson.internal.bind.TreeTypeAdapter$GsonContextImpl.deserialize(TreeTypeAdapter.java:162) ~[server-1.16.5-20210115.111550-extra.jar:?]
	at net.minecraft.util.JSONUtils.func_188179_a(SourceFile:440) ~[?:?]
	at net.minecraft.util.JSONUtils.func_188177_a(SourceFile:456) ~[?:?]
	at net.minecraft.loot.StandaloneLootEntry$Serializer.func_230421_b_(SourceFile:149) ~[?:?]
	at net.minecraft.loot.StandaloneLootEntry$Serializer.func_230421_b_(SourceFile:129) ~[?:?]
	at net.minecraft.loot.LootEntry$Serializer.func_230423_a_(SourceFile:86) ~[?:?]
	at net.minecraft.loot.LootEntry$Serializer.func_230423_a_(SourceFile:74) ~[?:?]
	at net.minecraft.loot.LootTypesManager$Serializer.deserialize(SourceFile:83) ~[?:?]
	at com.google.gson.internal.bind.TreeTypeAdapter.read(TreeTypeAdapter.java:69) ~[server-1.16.5-20210115.111550-extra.jar:?]
	at com.google.gson.internal.bind.TypeAdapterRuntimeTypeWrapper.read(TypeAdapterRuntimeTypeWrapper.java:41) ~[server-1.16.5-20210115.111550-extra.jar:?]
	at com.google.gson.internal.bind.ArrayTypeAdapter.read(ArrayTypeAdapter.java:72) ~[server-1.16.5-20210115.111550-extra.jar:?]
	at com.google.gson.Gson.fromJson(Gson.java:887) ~[server-1.16.5-20210115.111550-extra.jar:?]
	at com.google.gson.Gson.fromJson(Gson.java:952) ~[server-1.16.5-20210115.111550-extra.jar:?]
	at com.google.gson.internal.bind.TreeTypeAdapter$GsonContextImpl.deserialize(TreeTypeAdapter.java:162) ~[server-1.16.5-20210115.111550-extra.jar:?]
	at net.minecraft.util.JSONUtils.func_188179_a(SourceFile:440) ~[?:?]
	at net.minecraft.util.JSONUtils.func_188174_a(SourceFile:448) ~[?:?]
	at net.minecraft.loot.LootPool$Serializer.deserialize(LootPool.java:183) ~[?:?]
	at net.minecraft.loot.LootPool$Serializer.deserialize(LootPool.java:180) ~[?:?]
	at com.google.gson.internal.bind.TreeTypeAdapter.read(TreeTypeAdapter.java:69) ~[server-1.16.5-20210115.111550-extra.jar:?]
	at com.google.gson.internal.bind.TypeAdapterRuntimeTypeWrapper.read(TypeAdapterRuntimeTypeWrapper.java:41) ~[server-1.16.5-20210115.111550-extra.jar:?]
	at com.google.gson.internal.bind.ArrayTypeAdapter.read(ArrayTypeAdapter.java:72) ~[server-1.16.5-20210115.111550-extra.jar:?]
	at com.google.gson.Gson.fromJson(Gson.java:887) ~[server-1.16.5-20210115.111550-extra.jar:?]
	at com.google.gson.Gson.fromJson(Gson.java:952) ~[server-1.16.5-20210115.111550-extra.jar:?]
	at com.google.gson.internal.bind.TreeTypeAdapter$GsonContextImpl.deserialize(TreeTypeAdapter.java:162) ~[server-1.16.5-20210115.111550-extra.jar:?]
	at net.minecraft.util.JSONUtils.func_188179_a(SourceFile:440) ~[?:?]
	at net.minecraft.util.JSONUtils.func_188177_a(SourceFile:456) ~[?:?]
	at net.minecraft.loot.LootTable$Serializer.deserialize(LootTable.java:252) ~[?:?]
	at net.minecraft.loot.LootTable$Serializer.deserialize(LootTable.java:249) ~[?:?]
	at com.google.gson.internal.bind.TreeTypeAdapter.read(TreeTypeAdapter.java:69) ~[server-1.16.5-20210115.111550-extra.jar:?]
	at com.google.gson.Gson.fromJson(Gson.java:887) ~[server-1.16.5-20210115.111550-extra.jar:?]
	at com.google.gson.Gson.fromJson(Gson.java:952) ~[server-1.16.5-20210115.111550-extra.jar:?]
	at com.google.gson.Gson.fromJson(Gson.java:925) ~[server-1.16.5-20210115.111550-extra.jar:?]
	at net.minecraftforge.common.ForgeHooks.loadLootTable(ForgeHooks.java:874) ~[forge:?]
	at net.minecraft.loot.LootTableManager.lambda$apply$0(LootTableManager.java:40) ~[?:?]
	at java.util.HashMap.forEach(HashMap.java:1337) ~[?:?]
	at net.minecraft.loot.LootTableManager.func_212853_a_(LootTableManager.java:38) ~[?:?]
	at net.minecraft.loot.LootTableManager.func_212853_a_(LootTableManager.java:16) ~[?:?]
	at net.minecraft.client.resources.ReloadListener.func_215269_a(SourceFile:13) ~[?:?]
	at java.util.concurrent.CompletableFuture$UniAccept.tryFire(CompletableFuture.java:714) ~[?:?]
	at java.util.concurrent.CompletableFuture$Completion.run(CompletableFuture.java:478) ~[?:?]
	at net.minecraft.resources.AsyncReloader.func_219557_a(SourceFile:71) ~[?:?]
	at net.minecraft.resources.AsyncReloader.func_219560_a(SourceFile:70) ~[?:?]
	at java.util.concurrent.CompletableFuture$UniCompletion.claim(CompletableFuture.java:568) ~[?:?]
	at java.util.concurrent.CompletableFuture$UniAccept.tryFire(CompletableFuture.java:710) ~[?:?]
	at java.util.concurrent.CompletableFuture.postComplete(CompletableFuture.java:506) ~[?:?]
	at java.util.concurrent.CompletableFuture.postFire(CompletableFuture.java:610) ~[?:?]
	at java.util.concurrent.CompletableFuture$UniAccept.tryFire(CompletableFuture.java:722) ~[?:?]
	at java.util.concurrent.CompletableFuture$Completion.run(CompletableFuture.java:478) ~[?:?]
	at net.minecraft.resources.AsyncReloader.func_219557_a(SourceFile:71) ~[?:?]
	at net.minecraft.resources.AsyncReloader.func_219560_a(SourceFile:70) ~[?:?]
	at java.util.concurrent.CompletableFuture$UniCompletion.claim(CompletableFuture.java:568) ~[?:?]
	at java.util.concurrent.CompletableFuture$UniAccept.tryFire(CompletableFuture.java:710) ~[?:?]
	at java.util.concurrent.CompletableFuture.postComplete(CompletableFuture.java:506) ~[?:?]
	at java.util.concurrent.CompletableFuture.postFire(CompletableFuture.java:610) ~[?:?]
	at java.util.concurrent.CompletableFuture$UniAccept.tryFire(CompletableFuture.java:722) ~[?:?]
	at java.util.concurrent.CompletableFuture$Completion.run(CompletableFuture.java:478) ~[?:?]
	at net.minecraft.resources.AsyncReloader.func_219557_a(SourceFile:71) ~[?:?]
	at net.minecraft.resources.AsyncReloader.func_219560_a(SourceFile:70) ~[?:?]
	at java.util.concurrent.CompletableFuture$UniCompletion.claim(CompletableFuture.java:568) ~[?:?]
	at java.util.concurrent.CompletableFuture$UniAccept.tryFire(CompletableFuture.java:710) ~[?:?]
	at java.util.concurrent.CompletableFuture.postComplete(CompletableFuture.java:506) ~[?:?]
	at java.util.concurrent.CompletableFuture.postFire(CompletableFuture.java:610) ~[?:?]
	at java.util.concurrent.CompletableFuture$UniAccept.tryFire(CompletableFuture.java:722) ~[?:?]
	at java.util.concurrent.CompletableFuture$Completion.run(CompletableFuture.java:478) ~[?:?]
	at net.minecraft.resources.AsyncReloader.func_219557_a(SourceFile:71) ~[?:?]
	at net.minecraft.resources.AsyncReloader.func_219560_a(SourceFile:70) ~[?:?]
	at java.util.concurrent.CompletableFuture$UniCompletion.claim(CompletableFuture.java:568) ~[?:?]
	at java.util.concurrent.CompletableFuture$UniAccept.tryFire(CompletableFuture.java:710) ~[?:?]
	at java.util.concurrent.CompletableFuture.postComplete(CompletableFuture.java:506) ~[?:?]
	at java.util.concurrent.CompletableFuture.postFire(CompletableFuture.java:610) ~[?:?]
	at java.util.concurrent.CompletableFuture$UniAccept.tryFire(CompletableFuture.java:722) ~[?:?]
	at java.util.concurrent.CompletableFuture$Completion.run(CompletableFuture.java:478) ~[?:?]
	at net.minecraft.resources.AsyncReloader.func_219557_a(SourceFile:71) ~[?:?]
	at net.minecraft.resources.AsyncReloader.func_219560_a(SourceFile:70) ~[?:?]
	at java.util.concurrent.CompletableFuture$UniCompletion.claim(CompletableFuture.java:568) ~[?:?]
	at java.util.concurrent.CompletableFuture$UniAccept.tryFire(CompletableFuture.java:710) ~[?:?]
	at java.util.concurrent.CompletableFuture.postComplete(CompletableFuture.java:506) ~[?:?]
	at java.util.concurrent.CompletableFuture.postFire(CompletableFuture.java:610) ~[?:?]
	at java.util.concurrent.CompletableFuture$UniAccept.tryFire(CompletableFuture.java:722) ~[?:?]
	at java.util.concurrent.CompletableFuture$Completion.run(CompletableFuture.java:478) ~[?:?]
	at net.minecraft.resources.AsyncReloader.func_219557_a(SourceFile:71) ~[?:?]
	at net.minecraft.resources.AsyncReloader.func_219560_a(SourceFile:70) ~[?:?]
	at java.util.concurrent.CompletableFuture$UniCompletion.claim(CompletableFuture.java:568) ~[?:?]
	at java.util.concurrent.CompletableFuture$UniAccept.tryFire(CompletableFuture.java:710) ~[?:?]
	at java.util.concurrent.CompletableFuture.postComplete(CompletableFuture.java:506) ~[?:?]
	at java.util.concurrent.CompletableFuture.complete(CompletableFuture.java:2079) ~[?:?]
	at net.minecraft.resources.AsyncReloader$1.func_216873_a(SourceFile:53) ~[?:?]
	at net.minecraft.resources.AsyncReloader$1.func_216872_a(SourceFile:50) ~[?:?]
	at java.util.concurrent.CompletableFuture$UniCompose.tryFire(CompletableFuture.java:1072) [?:?]
	at java.util.concurrent.CompletableFuture.postComplete(CompletableFuture.java:506) [?:?]
	at java.util.concurrent.CompletableFuture$AsyncSupply.run(CompletableFuture.java:1705) [?:?]
	at java.util.concurrent.CompletableFuture$AsyncSupply.exec(CompletableFuture.java:1692) [?:?]
	at java.util.concurrent.ForkJoinTask.doExec(ForkJoinTask.java:290) [?:?]
	at java.util.concurrent.ForkJoinPool$WorkQueue.topLevelExec(ForkJoinPool.java:1020) [?:?]
	at java.util.concurrent.ForkJoinPool.scan(ForkJoinPool.java:1656) [?:?]
	at java.util.concurrent.ForkJoinPool.runWorker(ForkJoinPool.java:1594) [?:?]
	at java.util.concurrent.ForkJoinWorkerThread.run(ForkJoinWorkerThread.java:183) [?:?]
[20Apr2025 11:51:58.796] [Worker-Main-4/ERROR] [net.minecraft.loot.LootTableManager/]: Couldn't parse loot table culturaldelights:blocks/avocado_leaf_carpet
com.google.gson.JsonSyntaxException: Expected name to be an item, was unknown string 'culturaldelights:avocado_leaf_carpet'
	at net.minecraft.util.JSONUtils.func_219793_a(SourceFile:127) ~[?:?]
	at java.util.Optional.orElseThrow(Optional.java:408) ~[?:?]
	at net.minecraft.util.JSONUtils.func_188172_b(SourceFile:127) ~[?:?]
	at net.minecraft.util.JSONUtils.func_188180_i(SourceFile:135) ~[?:?]
	at net.minecraft.loot.ItemLootEntry$Serializer.func_212829_b_(SourceFile:55) ~[?:?]
	at net.minecraft.loot.ItemLootEntry$Serializer.func_212829_b_(SourceFile:40) ~[?:?]
	at net.minecraft.loot.StandaloneLootEntry$Serializer.func_230421_b_(SourceFile:151) ~[?:?]
	at net.minecraft.loot.StandaloneLootEntry$Serializer.func_230421_b_(SourceFile:129) ~[?:?]
	at net.minecraft.loot.LootEntry$Serializer.func_230423_a_(SourceFile:86) ~[?:?]
	at net.minecraft.loot.LootEntry$Serializer.func_230423_a_(SourceFile:74) ~[?:?]
	at net.minecraft.loot.LootTypesManager$Serializer.deserialize(SourceFile:83) ~[?:?]
	at com.google.gson.internal.bind.TreeTypeAdapter.read(TreeTypeAdapter.java:69) ~[server-1.16.5-20210115.111550-extra.jar:?]
	at com.google.gson.internal.bind.TypeAdapterRuntimeTypeWrapper.read(TypeAdapterRuntimeTypeWrapper.java:41) ~[server-1.16.5-20210115.111550-extra.jar:?]
	at com.google.gson.internal.bind.ArrayTypeAdapter.read(ArrayTypeAdapter.java:72) ~[server-1.16.5-20210115.111550-extra.jar:?]
	at com.google.gson.Gson.fromJson(Gson.java:887) ~[server-1.16.5-20210115.111550-extra.jar:?]
	at com.google.gson.Gson.fromJson(Gson.java:952) ~[server-1.16.5-20210115.111550-extra.jar:?]
	at com.google.gson.internal.bind.TreeTypeAdapter$GsonContextImpl.deserialize(TreeTypeAdapter.java:162) ~[server-1.16.5-20210115.111550-extra.jar:?]
	at net.minecraft.util.JSONUtils.func_188179_a(SourceFile:440) ~[?:?]
	at net.minecraft.util.JSONUtils.func_188174_a(SourceFile:448) ~[?:?]
	at net.minecraft.loot.LootPool$Serializer.deserialize(LootPool.java:183) ~[?:?]
	at net.minecraft.loot.LootPool$Serializer.deserialize(LootPool.java:180) ~[?:?]
	at com.google.gson.internal.bind.TreeTypeAdapter.read(TreeTypeAdapter.java:69) ~[server-1.16.5-20210115.111550-extra.jar:?]
	at com.google.gson.internal.bind.TypeAdapterRuntimeTypeWrapper.read(TypeAdapterRuntimeTypeWrapper.java:41) ~[server-1.16.5-20210115.111550-extra.jar:?]
	at com.google.gson.internal.bind.ArrayTypeAdapter.read(ArrayTypeAdapter.java:72) ~[server-1.16.5-20210115.111550-extra.jar:?]
	at com.google.gson.Gson.fromJson(Gson.java:887) ~[server-1.16.5-20210115.111550-extra.jar:?]
	at com.google.gson.Gson.fromJson(Gson.java:952) ~[server-1.16.5-20210115.111550-extra.jar:?]
	at com.google.gson.internal.bind.TreeTypeAdapter$GsonContextImpl.deserialize(TreeTypeAdapter.java:162) ~[server-1.16.5-20210115.111550-extra.jar:?]
	at net.minecraft.util.JSONUtils.func_188179_a(SourceFile:440) ~[?:?]
	at net.minecraft.util.JSONUtils.func_188177_a(SourceFile:456) ~[?:?]
	at net.minecraft.loot.LootTable$Serializer.deserialize(LootTable.java:252) ~[?:?]
	at net.minecraft.loot.LootTable$Serializer.deserialize(LootTable.java:249) ~[?:?]
	at com.google.gson.internal.bind.TreeTypeAdapter.read(TreeTypeAdapter.java:69) ~[server-1.16.5-20210115.111550-extra.jar:?]
	at com.google.gson.Gson.fromJson(Gson.java:887) ~[server-1.16.5-20210115.111550-extra.jar:?]
	at com.google.gson.Gson.fromJson(Gson.java:952) ~[server-1.16.5-20210115.111550-extra.jar:?]
	at com.google.gson.Gson.fromJson(Gson.java:925) ~[server-1.16.5-20210115.111550-extra.jar:?]
	at net.minecraftforge.common.ForgeHooks.loadLootTable(ForgeHooks.java:874) ~[forge:?]
	at net.minecraft.loot.LootTableManager.lambda$apply$0(LootTableManager.java:40) ~[?:?]
	at java.util.HashMap.forEach(HashMap.java:1337) ~[?:?]
	at net.minecraft.loot.LootTableManager.func_212853_a_(LootTableManager.java:38) ~[?:?]
	at net.minecraft.loot.LootTableManager.func_212853_a_(LootTableManager.java:16) ~[?:?]
	at net.minecraft.client.resources.ReloadListener.func_215269_a(SourceFile:13) ~[?:?]
	at java.util.concurrent.CompletableFuture$UniAccept.tryFire(CompletableFuture.java:714) ~[?:?]
	at java.util.concurrent.CompletableFuture$Completion.run(CompletableFuture.java:478) ~[?:?]
	at net.minecraft.resources.AsyncReloader.func_219557_a(SourceFile:71) ~[?:?]
	at net.minecraft.resources.AsyncReloader.func_219560_a(SourceFile:70) ~[?:?]
	at java.util.concurrent.CompletableFuture$UniCompletion.claim(CompletableFuture.java:568) ~[?:?]
	at java.util.concurrent.CompletableFuture$UniAccept.tryFire(CompletableFuture.java:710) ~[?:?]
	at java.util.concurrent.CompletableFuture.postComplete(CompletableFuture.java:506) ~[?:?]
	at java.util.concurrent.CompletableFuture.postFire(CompletableFuture.java:610) ~[?:?]
	at java.util.concurrent.CompletableFuture$UniAccept.tryFire(CompletableFuture.java:722) ~[?:?]
	at java.util.concurrent.CompletableFuture$Completion.run(CompletableFuture.java:478) ~[?:?]
	at net.minecraft.resources.AsyncReloader.func_219557_a(SourceFile:71) ~[?:?]
	at net.minecraft.resources.AsyncReloader.func_219560_a(SourceFile:70) ~[?:?]
	at java.util.concurrent.CompletableFuture$UniCompletion.claim(CompletableFuture.java:568) ~[?:?]
	at java.util.concurrent.CompletableFuture$UniAccept.tryFire(CompletableFuture.java:710) ~[?:?]
	at java.util.concurrent.CompletableFuture.postComplete(CompletableFuture.java:506) ~[?:?]
	at java.util.concurrent.CompletableFuture.postFire(CompletableFuture.java:610) ~[?:?]
	at java.util.concurrent.CompletableFuture$UniAccept.tryFire(CompletableFuture.java:722) ~[?:?]
	at java.util.concurrent.CompletableFuture$Completion.run(CompletableFuture.java:478) ~[?:?]
	at net.minecraft.resources.AsyncReloader.func_219557_a(SourceFile:71) ~[?:?]
	at net.minecraft.resources.AsyncReloader.func_219560_a(SourceFile:70) ~[?:?]
	at java.util.concurrent.CompletableFuture$UniCompletion.claim(CompletableFuture.java:568) ~[?:?]
	at java.util.concurrent.CompletableFuture$UniAccept.tryFire(CompletableFuture.java:710) ~[?:?]
	at java.util.concurrent.CompletableFuture.postComplete(CompletableFuture.java:506) ~[?:?]
	at java.util.concurrent.CompletableFuture.postFire(CompletableFuture.java:610) ~[?:?]
	at java.util.concurrent.CompletableFuture$UniAccept.tryFire(CompletableFuture.java:722) ~[?:?]
	at java.util.concurrent.CompletableFuture$Completion.run(CompletableFuture.java:478) ~[?:?]
	at net.minecraft.resources.AsyncReloader.func_219557_a(SourceFile:71) ~[?:?]
	at net.minecraft.resources.AsyncReloader.func_219560_a(SourceFile:70) ~[?:?]
	at java.util.concurrent.CompletableFuture$UniCompletion.claim(CompletableFuture.java:568) ~[?:?]
	at java.util.concurrent.CompletableFuture$UniAccept.tryFire(CompletableFuture.java:710) ~[?:?]
	at java.util.concurrent.CompletableFuture.postComplete(CompletableFuture.java:506) ~[?:?]
	at java.util.concurrent.CompletableFuture.postFire(CompletableFuture.java:610) ~[?:?]
	at java.util.concurrent.CompletableFuture$UniAccept.tryFire(CompletableFuture.java:722) ~[?:?]
	at java.util.concurrent.CompletableFuture$Completion.run(CompletableFuture.java:478) ~[?:?]
	at net.minecraft.resources.AsyncReloader.func_219557_a(SourceFile:71) ~[?:?]
	at net.minecraft.resources.AsyncReloader.func_219560_a(SourceFile:70) ~[?:?]
	at java.util.concurrent.CompletableFuture$UniCompletion.claim(CompletableFuture.java:568) ~[?:?]
	at java.util.concurrent.CompletableFuture$UniAccept.tryFire(CompletableFuture.java:710) ~[?:?]
	at java.util.concurrent.CompletableFuture.postComplete(CompletableFuture.java:506) ~[?:?]
	at java.util.concurrent.CompletableFuture.postFire(CompletableFuture.java:610) ~[?:?]
	at java.util.concurrent.CompletableFuture$UniAccept.tryFire(CompletableFuture.java:722) ~[?:?]
	at java.util.concurrent.CompletableFuture$Completion.run(CompletableFuture.java:478) ~[?:?]
	at net.minecraft.resources.AsyncReloader.func_219557_a(SourceFile:71) ~[?:?]
	at net.minecraft.resources.AsyncReloader.func_219560_a(SourceFile:70) ~[?:?]
	at java.util.concurrent.CompletableFuture$UniCompletion.claim(CompletableFuture.java:568) ~[?:?]
	at java.util.concurrent.CompletableFuture$UniAccept.tryFire(CompletableFuture.java:710) ~[?:?]
	at java.util.concurrent.CompletableFuture.postComplete(CompletableFuture.java:506) ~[?:?]
	at java.util.concurrent.CompletableFuture.complete(CompletableFuture.java:2079) ~[?:?]
	at net.minecraft.resources.AsyncReloader$1.func_216873_a(SourceFile:53) ~[?:?]
	at net.minecraft.resources.AsyncReloader$1.func_216872_a(SourceFile:50) ~[?:?]
	at java.util.concurrent.CompletableFuture$UniCompose.tryFire(CompletableFuture.java:1072) [?:?]
	at java.util.concurrent.CompletableFuture.postComplete(CompletableFuture.java:506) [?:?]
	at java.util.concurrent.CompletableFuture$AsyncSupply.run(CompletableFuture.java:1705) [?:?]
	at java.util.concurrent.CompletableFuture$AsyncSupply.exec(CompletableFuture.java:1692) [?:?]
	at java.util.concurrent.ForkJoinTask.doExec(ForkJoinTask.java:290) [?:?]
	at java.util.concurrent.ForkJoinPool$WorkQueue.topLevelExec(ForkJoinPool.java:1020) [?:?]
	at java.util.concurrent.ForkJoinPool.scan(ForkJoinPool.java:1656) [?:?]
	at java.util.concurrent.ForkJoinPool.runWorker(ForkJoinPool.java:1594) [?:?]
	at java.util.concurrent.ForkJoinWorkerThread.run(ForkJoinWorkerThread.java:183) [?:?]
[20Apr2025 11:51:58.950] [Worker-Main-4/ERROR] [net.minecraft.loot.LootTableManager/]: Couldn't parse loot table idas:chests/haunted_manor/haunted_manor_tools
com.google.gson.JsonSyntaxException: Unknown type 'minecraft:set_potion'
	at net.minecraft.loot.LootTypesManager$Serializer.deserialize(SourceFile:80) ~[?:?]
	at com.google.gson.internal.bind.TreeTypeAdapter.read(TreeTypeAdapter.java:69) ~[server-1.16.5-20210115.111550-extra.jar:?]
	at com.google.gson.internal.bind.TypeAdapterRuntimeTypeWrapper.read(TypeAdapterRuntimeTypeWrapper.java:41) ~[server-1.16.5-20210115.111550-extra.jar:?]
	at com.google.gson.internal.bind.ArrayTypeAdapter.read(ArrayTypeAdapter.java:72) ~[server-1.16.5-20210115.111550-extra.jar:?]
	at com.google.gson.Gson.fromJson(Gson.java:887) ~[server-1.16.5-20210115.111550-extra.jar:?]
	at com.google.gson.Gson.fromJson(Gson.java:952) ~[server-1.16.5-20210115.111550-extra.jar:?]
	at com.google.gson.internal.bind.TreeTypeAdapter$GsonContextImpl.deserialize(TreeTypeAdapter.java:162) ~[server-1.16.5-20210115.111550-extra.jar:?]
	at net.minecraft.util.JSONUtils.func_188179_a(SourceFile:440) ~[?:?]
	at net.minecraft.util.JSONUtils.func_188177_a(SourceFile:456) ~[?:?]
	at net.minecraft.loot.StandaloneLootEntry$Serializer.func_230421_b_(SourceFile:149) ~[?:?]
	at net.minecraft.loot.StandaloneLootEntry$Serializer.func_230421_b_(SourceFile:129) ~[?:?]
	at net.minecraft.loot.LootEntry$Serializer.func_230423_a_(SourceFile:86) ~[?:?]
	at net.minecraft.loot.LootEntry$Serializer.func_230423_a_(SourceFile:74) ~[?:?]
	at net.minecraft.loot.LootTypesManager$Serializer.deserialize(SourceFile:83) ~[?:?]
	at com.google.gson.internal.bind.TreeTypeAdapter.read(TreeTypeAdapter.java:69) ~[server-1.16.5-20210115.111550-extra.jar:?]
	at com.google.gson.internal.bind.TypeAdapterRuntimeTypeWrapper.read(TypeAdapterRuntimeTypeWrapper.java:41) ~[server-1.16.5-20210115.111550-extra.jar:?]
	at com.google.gson.internal.bind.ArrayTypeAdapter.read(ArrayTypeAdapter.java:72) ~[server-1.16.5-20210115.111550-extra.jar:?]
	at com.google.gson.Gson.fromJson(Gson.java:887) ~[server-1.16.5-20210115.111550-extra.jar:?]
	at com.google.gson.Gson.fromJson(Gson.java:952) ~[server-1.16.5-20210115.111550-extra.jar:?]
	at com.google.gson.internal.bind.TreeTypeAdapter$GsonContextImpl.deserialize(TreeTypeAdapter.java:162) ~[server-1.16.5-20210115.111550-extra.jar:?]
	at net.minecraft.util.JSONUtils.func_188179_a(SourceFile:440) ~[?:?]
	at net.minecraft.util.JSONUtils.func_188174_a(SourceFile:448) ~[?:?]
	at net.minecraft.loot.LootPool$Serializer.deserialize(LootPool.java:183) ~[?:?]
	at net.minecraft.loot.LootPool$Serializer.deserialize(LootPool.java:180) ~[?:?]
	at com.google.gson.internal.bind.TreeTypeAdapter.read(TreeTypeAdapter.java:69) ~[server-1.16.5-20210115.111550-extra.jar:?]
	at com.google.gson.internal.bind.TypeAdapterRuntimeTypeWrapper.read(TypeAdapterRuntimeTypeWrapper.java:41) ~[server-1.16.5-20210115.111550-extra.jar:?]
	at com.google.gson.internal.bind.ArrayTypeAdapter.read(ArrayTypeAdapter.java:72) ~[server-1.16.5-20210115.111550-extra.jar:?]
	at com.google.gson.Gson.fromJson(Gson.java:887) ~[server-1.16.5-20210115.111550-extra.jar:?]
	at com.google.gson.Gson.fromJson(Gson.java:952) ~[server-1.16.5-20210115.111550-extra.jar:?]
	at com.google.gson.internal.bind.TreeTypeAdapter$GsonContextImpl.deserialize(TreeTypeAdapter.java:162) ~[server-1.16.5-20210115.111550-extra.jar:?]
	at net.minecraft.util.JSONUtils.func_188179_a(SourceFile:440) ~[?:?]
	at net.minecraft.util.JSONUtils.func_188177_a(SourceFile:456) ~[?:?]
	at net.minecraft.loot.LootTable$Serializer.deserialize(LootTable.java:252) ~[?:?]
	at net.minecraft.loot.LootTable$Serializer.deserialize(LootTable.java:249) ~[?:?]
	at com.google.gson.internal.bind.TreeTypeAdapter.read(TreeTypeAdapter.java:69) ~[server-1.16.5-20210115.111550-extra.jar:?]
	at com.google.gson.Gson.fromJson(Gson.java:887) ~[server-1.16.5-20210115.111550-extra.jar:?]
	at com.google.gson.Gson.fromJson(Gson.java:952) ~[server-1.16.5-20210115.111550-extra.jar:?]
	at com.google.gson.Gson.fromJson(Gson.java:925) ~[server-1.16.5-20210115.111550-extra.jar:?]
	at net.minecraftforge.common.ForgeHooks.loadLootTable(ForgeHooks.java:874) ~[forge:?]
	at net.minecraft.loot.LootTableManager.lambda$apply$0(LootTableManager.java:40) ~[?:?]
	at java.util.HashMap.forEach(HashMap.java:1337) ~[?:?]
	at net.minecraft.loot.LootTableManager.func_212853_a_(LootTableManager.java:38) ~[?:?]
	at net.minecraft.loot.LootTableManager.func_212853_a_(LootTableManager.java:16) ~[?:?]
	at net.minecraft.client.resources.ReloadListener.func_215269_a(SourceFile:13) ~[?:?]
	at java.util.concurrent.CompletableFuture$UniAccept.tryFire(CompletableFuture.java:714) ~[?:?]
	at java.util.concurrent.CompletableFuture$Completion.run(CompletableFuture.java:478) ~[?:?]
	at net.minecraft.resources.AsyncReloader.func_219557_a(SourceFile:71) ~[?:?]
	at net.minecraft.resources.AsyncReloader.func_219560_a(SourceFile:70) ~[?:?]
	at java.util.concurrent.CompletableFuture$UniCompletion.claim(CompletableFuture.java:568) ~[?:?]
	at java.util.concurrent.CompletableFuture$UniAccept.tryFire(CompletableFuture.java:710) ~[?:?]
	at java.util.concurrent.CompletableFuture.postComplete(CompletableFuture.java:506) ~[?:?]
	at java.util.concurrent.CompletableFuture.postFire(CompletableFuture.java:610) ~[?:?]
	at java.util.concurrent.CompletableFuture$UniAccept.tryFire(CompletableFuture.java:722) ~[?:?]
	at java.util.concurrent.CompletableFuture$Completion.run(CompletableFuture.java:478) ~[?:?]
	at net.minecraft.resources.AsyncReloader.func_219557_a(SourceFile:71) ~[?:?]
	at net.minecraft.resources.AsyncReloader.func_219560_a(SourceFile:70) ~[?:?]
	at java.util.concurrent.CompletableFuture$UniCompletion.claim(CompletableFuture.java:568) ~[?:?]
	at java.util.concurrent.CompletableFuture$UniAccept.tryFire(CompletableFuture.java:710) ~[?:?]
	at java.util.concurrent.CompletableFuture.postComplete(CompletableFuture.java:506) ~[?:?]
	at java.util.concurrent.CompletableFuture.postFire(CompletableFuture.java:610) ~[?:?]
	at java.util.concurrent.CompletableFuture$UniAccept.tryFire(CompletableFuture.java:722) ~[?:?]
	at java.util.concurrent.CompletableFuture$Completion.run(CompletableFuture.java:478) ~[?:?]
	at net.minecraft.resources.AsyncReloader.func_219557_a(SourceFile:71) ~[?:?]
	at net.minecraft.resources.AsyncReloader.func_219560_a(SourceFile:70) ~[?:?]
	at java.util.concurrent.CompletableFuture$UniCompletion.claim(CompletableFuture.java:568) ~[?:?]
	at java.util.concurrent.CompletableFuture$UniAccept.tryFire(CompletableFuture.java:710) ~[?:?]
	at java.util.concurrent.CompletableFuture.postComplete(CompletableFuture.java:506) ~[?:?]
	at java.util.concurrent.CompletableFuture.postFire(CompletableFuture.java:610) ~[?:?]
	at java.util.concurrent.CompletableFuture$UniAccept.tryFire(CompletableFuture.java:722) ~[?:?]
	at java.util.concurrent.CompletableFuture$Completion.run(CompletableFuture.java:478) ~[?:?]
	at net.minecraft.resources.AsyncReloader.func_219557_a(SourceFile:71) ~[?:?]
	at net.minecraft.resources.AsyncReloader.func_219560_a(SourceFile:70) ~[?:?]
	at java.util.concurrent.CompletableFuture$UniCompletion.claim(CompletableFuture.java:568) ~[?:?]
	at java.util.concurrent.CompletableFuture$UniAccept.tryFire(CompletableFuture.java:710) ~[?:?]
	at java.util.concurrent.CompletableFuture.postComplete(CompletableFuture.java:506) ~[?:?]
	at java.util.concurrent.CompletableFuture.postFire(CompletableFuture.java:610) ~[?:?]
	at java.util.concurrent.CompletableFuture$UniAccept.tryFire(CompletableFuture.java:722) ~[?:?]
	at java.util.concurrent.CompletableFuture$Completion.run(CompletableFuture.java:478) ~[?:?]
	at net.minecraft.resources.AsyncReloader.func_219557_a(SourceFile:71) ~[?:?]
	at net.minecraft.resources.AsyncReloader.func_219560_a(SourceFile:70) ~[?:?]
	at java.util.concurrent.CompletableFuture$UniCompletion.claim(CompletableFuture.java:568) ~[?:?]
	at java.util.concurrent.CompletableFuture$UniAccept.tryFire(CompletableFuture.java:710) ~[?:?]
	at java.util.concurrent.CompletableFuture.postComplete(CompletableFuture.java:506) ~[?:?]
	at java.util.concurrent.CompletableFuture.postFire(CompletableFuture.java:610) ~[?:?]
	at java.util.concurrent.CompletableFuture$UniAccept.tryFire(CompletableFuture.java:722) ~[?:?]
	at java.util.concurrent.CompletableFuture$Completion.run(CompletableFuture.java:478) ~[?:?]
	at net.minecraft.resources.AsyncReloader.func_219557_a(SourceFile:71) ~[?:?]
	at net.minecraft.resources.AsyncReloader.func_219560_a(SourceFile:70) ~[?:?]
	at java.util.concurrent.CompletableFuture$UniCompletion.claim(CompletableFuture.java:568) ~[?:?]
	at java.util.concurrent.CompletableFuture$UniAccept.tryFire(CompletableFuture.java:710) ~[?:?]
	at java.util.concurrent.CompletableFuture.postComplete(CompletableFuture.java:506) ~[?:?]
	at java.util.concurrent.CompletableFuture.complete(CompletableFuture.java:2079) ~[?:?]
	at net.minecraft.resources.AsyncReloader$1.func_216873_a(SourceFile:53) ~[?:?]
	at net.minecraft.resources.AsyncReloader$1.func_216872_a(SourceFile:50) ~[?:?]
	at java.util.concurrent.CompletableFuture$UniCompose.tryFire(CompletableFuture.java:1072) [?:?]
	at java.util.concurrent.CompletableFuture.postComplete(CompletableFuture.java:506) [?:?]
	at java.util.concurrent.CompletableFuture$AsyncSupply.run(CompletableFuture.java:1705) [?:?]
	at java.util.concurrent.CompletableFuture$AsyncSupply.exec(CompletableFuture.java:1692) [?:?]
	at java.util.concurrent.ForkJoinTask.doExec(ForkJoinTask.java:290) [?:?]
	at java.util.concurrent.ForkJoinPool$WorkQueue.topLevelExec(ForkJoinPool.java:1020) [?:?]
	at java.util.concurrent.ForkJoinPool.scan(ForkJoinPool.java:1656) [?:?]
	at java.util.concurrent.ForkJoinPool.runWorker(ForkJoinPool.java:1594) [?:?]
	at java.util.concurrent.ForkJoinWorkerThread.run(ForkJoinWorkerThread.java:183) [?:?]
[20Apr2025 11:51:58.963] [Worker-Main-4/ERROR] [net.minecraft.loot.LootTableManager/]: Couldn't parse loot table outer_end:blocks/azure_beehive
com.google.gson.JsonSyntaxException: Expected name to be an item, was unknown string 'outer_end:azure_beehive'
	at net.minecraft.util.JSONUtils.func_219793_a(SourceFile:127) ~[?:?]
	at java.util.Optional.orElseThrow(Optional.java:408) ~[?:?]
	at net.minecraft.util.JSONUtils.func_188172_b(SourceFile:127) ~[?:?]
	at net.minecraft.util.JSONUtils.func_188180_i(SourceFile:135) ~[?:?]
	at net.minecraft.loot.ItemLootEntry$Serializer.func_212829_b_(SourceFile:55) ~[?:?]
	at net.minecraft.loot.ItemLootEntry$Serializer.func_212829_b_(SourceFile:40) ~[?:?]
	at net.minecraft.loot.StandaloneLootEntry$Serializer.func_230421_b_(SourceFile:151) ~[?:?]
	at net.minecraft.loot.StandaloneLootEntry$Serializer.func_230421_b_(SourceFile:129) ~[?:?]
	at net.minecraft.loot.LootEntry$Serializer.func_230423_a_(SourceFile:86) ~[?:?]
	at net.minecraft.loot.LootEntry$Serializer.func_230423_a_(SourceFile:74) ~[?:?]
	at net.minecraft.loot.LootTypesManager$Serializer.deserialize(SourceFile:83) ~[?:?]
	at com.google.gson.internal.bind.TreeTypeAdapter.read(TreeTypeAdapter.java:69) ~[server-1.16.5-20210115.111550-extra.jar:?]
	at com.google.gson.internal.bind.TypeAdapterRuntimeTypeWrapper.read(TypeAdapterRuntimeTypeWrapper.java:41) ~[server-1.16.5-20210115.111550-extra.jar:?]
	at com.google.gson.internal.bind.ArrayTypeAdapter.read(ArrayTypeAdapter.java:72) ~[server-1.16.5-20210115.111550-extra.jar:?]
	at com.google.gson.Gson.fromJson(Gson.java:887) ~[server-1.16.5-20210115.111550-extra.jar:?]
	at com.google.gson.Gson.fromJson(Gson.java:952) ~[server-1.16.5-20210115.111550-extra.jar:?]
	at com.google.gson.internal.bind.TreeTypeAdapter$GsonContextImpl.deserialize(TreeTypeAdapter.java:162) ~[server-1.16.5-20210115.111550-extra.jar:?]
	at net.minecraft.util.JSONUtils.func_188179_a(SourceFile:440) ~[?:?]
	at net.minecraft.util.JSONUtils.func_188174_a(SourceFile:448) ~[?:?]
	at net.minecraft.loot.LootPool$Serializer.deserialize(LootPool.java:183) ~[?:?]
	at net.minecraft.loot.LootPool$Serializer.deserialize(LootPool.java:180) ~[?:?]
	at com.google.gson.internal.bind.TreeTypeAdapter.read(TreeTypeAdapter.java:69) ~[server-1.16.5-20210115.111550-extra.jar:?]
	at com.google.gson.internal.bind.TypeAdapterRuntimeTypeWrapper.read(TypeAdapterRuntimeTypeWrapper.java:41) ~[server-1.16.5-20210115.111550-extra.jar:?]
	at com.google.gson.internal.bind.ArrayTypeAdapter.read(ArrayTypeAdapter.java:72) ~[server-1.16.5-20210115.111550-extra.jar:?]
	at com.google.gson.Gson.fromJson(Gson.java:887) ~[server-1.16.5-20210115.111550-extra.jar:?]
	at com.google.gson.Gson.fromJson(Gson.java:952) ~[server-1.16.5-20210115.111550-extra.jar:?]
	at com.google.gson.internal.bind.TreeTypeAdapter$GsonContextImpl.deserialize(TreeTypeAdapter.java:162) ~[server-1.16.5-20210115.111550-extra.jar:?]
	at net.minecraft.util.JSONUtils.func_188179_a(SourceFile:440) ~[?:?]
	at net.minecraft.util.JSONUtils.func_188177_a(SourceFile:456) ~[?:?]
	at net.minecraft.loot.LootTable$Serializer.deserialize(LootTable.java:252) ~[?:?]
	at net.minecraft.loot.LootTable$Serializer.deserialize(LootTable.java:249) ~[?:?]
	at com.google.gson.internal.bind.TreeTypeAdapter.read(TreeTypeAdapter.java:69) ~[server-1.16.5-20210115.111550-extra.jar:?]
	at com.google.gson.Gson.fromJson(Gson.java:887) ~[server-1.16.5-20210115.111550-extra.jar:?]
	at com.google.gson.Gson.fromJson(Gson.java:952) ~[server-1.16.5-20210115.111550-extra.jar:?]
	at com.google.gson.Gson.fromJson(Gson.java:925) ~[server-1.16.5-20210115.111550-extra.jar:?]
	at net.minecraftforge.common.ForgeHooks.loadLootTable(ForgeHooks.java:874) ~[forge:?]
	at net.minecraft.loot.LootTableManager.lambda$apply$0(LootTableManager.java:40) ~[?:?]
	at java.util.HashMap.forEach(HashMap.java:1337) ~[?:?]
	at net.minecraft.loot.LootTableManager.func_212853_a_(LootTableManager.java:38) ~[?:?]
	at net.minecraft.loot.LootTableManager.func_212853_a_(LootTableManager.java:16) ~[?:?]
	at net.minecraft.client.resources.ReloadListener.func_215269_a(SourceFile:13) ~[?:?]
	at java.util.concurrent.CompletableFuture$UniAccept.tryFire(CompletableFuture.java:714) ~[?:?]
	at java.util.concurrent.CompletableFuture$Completion.run(CompletableFuture.java:478) ~[?:?]
	at net.minecraft.resources.AsyncReloader.func_219557_a(SourceFile:71) ~[?:?]
	at net.minecraft.resources.AsyncReloader.func_219560_a(SourceFile:70) ~[?:?]
	at java.util.concurrent.CompletableFuture$UniCompletion.claim(CompletableFuture.java:568) ~[?:?]
	at java.util.concurrent.CompletableFuture$UniAccept.tryFire(CompletableFuture.java:710) ~[?:?]
	at java.util.concurrent.CompletableFuture.postComplete(CompletableFuture.java:506) ~[?:?]
	at java.util.concurrent.CompletableFuture.postFire(CompletableFuture.java:610) ~[?:?]
	at java.util.concurrent.CompletableFuture$UniAccept.tryFire(CompletableFuture.java:722) ~[?:?]
	at java.util.concurrent.CompletableFuture$Completion.run(CompletableFuture.java:478) ~[?:?]
	at net.minecraft.resources.AsyncReloader.func_219557_a(SourceFile:71) ~[?:?]
	at net.minecraft.resources.AsyncReloader.func_219560_a(SourceFile:70) ~[?:?]
	at java.util.concurrent.CompletableFuture$UniCompletion.claim(CompletableFuture.java:568) ~[?:?]
	at java.util.concurrent.CompletableFuture$UniAccept.tryFire(CompletableFuture.java:710) ~[?:?]
	at java.util.concurrent.CompletableFuture.postComplete(CompletableFuture.java:506) ~[?:?]
	at java.util.concurrent.CompletableFuture.postFire(CompletableFuture.java:610) ~[?:?]
	at java.util.concurrent.CompletableFuture$UniAccept.tryFire(CompletableFuture.java:722) ~[?:?]
	at java.util.concurrent.CompletableFuture$Completion.run(CompletableFuture.java:478) ~[?:?]
	at net.minecraft.resources.AsyncReloader.func_219557_a(SourceFile:71) ~[?:?]
	at net.minecraft.resources.AsyncReloader.func_219560_a(SourceFile:70) ~[?:?]
	at java.util.concurrent.CompletableFuture$UniCompletion.claim(CompletableFuture.java:568) ~[?:?]
	at java.util.concurrent.CompletableFuture$UniAccept.tryFire(CompletableFuture.java:710) ~[?:?]
	at java.util.concurrent.CompletableFuture.postComplete(CompletableFuture.java:506) ~[?:?]
	at java.util.concurrent.CompletableFuture.postFire(CompletableFuture.java:610) ~[?:?]
	at java.util.concurrent.CompletableFuture$UniAccept.tryFire(CompletableFuture.java:722) ~[?:?]
	at java.util.concurrent.CompletableFuture$Completion.run(CompletableFuture.java:478) ~[?:?]
	at net.minecraft.resources.AsyncReloader.func_219557_a(SourceFile:71) ~[?:?]
	at net.minecraft.resources.AsyncReloader.func_219560_a(SourceFile:70) ~[?:?]
	at java.util.concurrent.CompletableFuture$UniCompletion.claim(CompletableFuture.java:568) ~[?:?]
	at java.util.concurrent.CompletableFuture$UniAccept.tryFire(CompletableFuture.java:710) ~[?:?]
	at java.util.concurrent.CompletableFuture.postComplete(CompletableFuture.java:506) ~[?:?]
	at java.util.concurrent.CompletableFuture.postFire(CompletableFuture.java:610) ~[?:?]
	at java.util.concurrent.CompletableFuture$UniAccept.tryFire(CompletableFuture.java:722) ~[?:?]
	at java.util.concurrent.CompletableFuture$Completion.run(CompletableFuture.java:478) ~[?:?]
	at net.minecraft.resources.AsyncReloader.func_219557_a(SourceFile:71) ~[?:?]
	at net.minecraft.resources.AsyncReloader.func_219560_a(SourceFile:70) ~[?:?]
	at java.util.concurrent.CompletableFuture$UniCompletion.claim(CompletableFuture.java:568) ~[?:?]
	at java.util.concurrent.CompletableFuture$UniAccept.tryFire(CompletableFuture.java:710) ~[?:?]
	at java.util.concurrent.CompletableFuture.postComplete(CompletableFuture.java:506) ~[?:?]
	at java.util.concurrent.CompletableFuture.postFire(CompletableFuture.java:610) ~[?:?]
	at java.util.concurrent.CompletableFuture$UniAccept.tryFire(CompletableFuture.java:722) ~[?:?]
	at java.util.concurrent.CompletableFuture$Completion.run(CompletableFuture.java:478) ~[?:?]
	at net.minecraft.resources.AsyncReloader.func_219557_a(SourceFile:71) ~[?:?]
	at net.minecraft.resources.AsyncReloader.func_219560_a(SourceFile:70) ~[?:?]
	at java.util.concurrent.CompletableFuture$UniCompletion.claim(CompletableFuture.java:568) ~[?:?]
	at java.util.concurrent.CompletableFuture$UniAccept.tryFire(CompletableFuture.java:710) ~[?:?]
	at java.util.concurrent.CompletableFuture.postComplete(CompletableFuture.java:506) ~[?:?]
	at java.util.concurrent.CompletableFuture.complete(CompletableFuture.java:2079) ~[?:?]
	at net.minecraft.resources.AsyncReloader$1.func_216873_a(SourceFile:53) ~[?:?]
	at net.minecraft.resources.AsyncReloader$1.func_216872_a(SourceFile:50) ~[?:?]
	at java.util.concurrent.CompletableFuture$UniCompose.tryFire(CompletableFuture.java:1072) [?:?]
	at java.util.concurrent.CompletableFuture.postComplete(CompletableFuture.java:506) [?:?]
	at java.util.concurrent.CompletableFuture$AsyncSupply.run(CompletableFuture.java:1705) [?:?]
	at java.util.concurrent.CompletableFuture$AsyncSupply.exec(CompletableFuture.java:1692) [?:?]
	at java.util.concurrent.ForkJoinTask.doExec(ForkJoinTask.java:290) [?:?]
	at java.util.concurrent.ForkJoinPool$WorkQueue.topLevelExec(ForkJoinPool.java:1020) [?:?]
	at java.util.concurrent.ForkJoinPool.scan(ForkJoinPool.java:1656) [?:?]
	at java.util.concurrent.ForkJoinPool.runWorker(ForkJoinPool.java:1594) [?:?]
	at java.util.concurrent.ForkJoinWorkerThread.run(ForkJoinWorkerThread.java:183) [?:?]
[20Apr2025 11:51:59.247] [Worker-Main-4/WARN] [net.minecraft.loot.LootTableManager/]: Found validation problem in {alexsmobs:gameplay/seal_reward}.pools[0].entries[1].functions[0]: Parameters [<parameter minecraft:origin>] are not provided in this context
[20Apr2025 11:51:59.450] [Worker-Main-4/ERROR] [net.minecraft.advancements.AdvancementManager/]: Parsing error loading custom advancement toms_storage:unlock_netherite: Unknown item id 'minecraft:netherite'
[20Apr2025 11:51:59.558] [Worker-Main-4/ERROR] [net.minecraft.advancements.AdvancementManager/]: Parsing error loading custom advancement idas:dread_citadel: Expected item to be an item, was unknown string 'iceandfire:dread_key'
[20Apr2025 11:51:59.659] [Worker-Main-4/INFO] [net.minecraft.advancements.AdvancementList/]: Loaded 2596 advancements
[20Apr2025 11:52:00.086] [Worker-Main-4/INFO] [mod.chiselsandbits.reloading.DataReloadingResourceManager/]: Resetting common caches
[20Apr2025 11:52:04.805] [main/INFO] [STDOUT/]: [tschipp.carryon.common.handler.ListHandler:initConfigLists:282]: [forge:glass_panes/magenta, forge:ores/biotite, cavesandcliffs:features_cannot_replace, quark:planks_vertical_slab, quark:stools, forge:storage_blocks/netherite, forge:glass_panes/white, chisel:diorite, supplementaries:beams, toms_storage:remote_activate, forge:glass_panes/light_gray, alexsmobs:roadrunner_spawns, chisel:purpur, quark:candles, minecraft:dragon_immune, farmersdelight:heat_sources, forge:glass/pink, forge:chests, forge:storage_blocks/emerald, forge:ores/redstone, forge:glass/red, chiselsandbits:chiselable/forced, chisel:sandstone, chisel:planks/jungle, forge:glass_panes/green, carryon:block_blacklist, chisel:concrete/black, minecraft:prevent_mob_spawning_inside, forge:fiber, forge:chests/trapped, forge:fence_gates, cataclysm:altar_destroy_immune, forge:sandstone, forge:storage_blocks/copper, forge:glass_panes/colorless, chiselsandbits:chiseled/block, chisel:planks/oak, cavesandcliffs:deepslate_ore_replaceables, chisel:wool/black, forge:storage_blocks/lapis, minecraft:beds, forge:ores/diamond, chisel:concrete/light_gray, minecraft:doors, cavesandcliffs:stone_ore_replaceables, chisel:metals/aluminum, minecraft:infiniburn_overworld, minecraft:flower_pots, toms_storage:trims, supplementaries:posts, chisel:carpet/pink, alexsmobs:seal_digables, forge:glass/white, forge:glass_panes/red, minecraft:signs, farmersdelight:mushroom_colony_growable_on, minecraft:wither_summon_base_blocks, alexsmobs:mimic_octopus_spawns, minecraft:hoglin_repellents, outer_end:crystal_buds, chisel:concrete/blue, create:fan_transparent, chisel:emerald, chisel:laboratory, mineminenomi:kairoseki, forge:sand/colorless, alexsmobs:komodo_dragon_spawns, alexsmobs:mantis_shrimp_spawns, chisel:marble, minecraft:soul_speed_blocks, forge:storage_blocks/charcoal, outer_end:end_plantable_on, alexsmobs:lobster_spawns, tconstruct:slimy_logs, minecraft:walls, minecraft:coral_blocks, forge:glass/green, alexsmobs:cachalot_whale_breakables, chisel:planks/dark_oak, chisel:wool/light_blue, mineminenomi:nophase, minecraft:underwater_bonemeals, minecraft:impermeable, minecraft:sand, forge:end_stones, chisel:glowstone, forge:wg_stone, supplementaries:walls, cavesandcliffs:occludes_vibration_signals, forge:fences/wooden, sereneseasons:summer_crops, minecraft:campfires, supplementaries:vine_support, forge:storage_blocks, minecraft:infiniburn_nether, forge:glass_panes/orange, chisel:concrete/lime, forge:ores/quartz, chisel:carpet/brown, forge:glass/blue, minecraft:wooden_trapdoors, create:valve_handles, forge:storage_blocks/coal, forge:glass/light_blue, jade:pick, forge:storage_blocks/redstone, chisel:wool/orange, chisel:carpet/magenta, minecraft:stairs, alexsmobs:grizzly_beehive, quark:underground_biome_replaceable, sereneseasons:unbreakable_infertile_crops, minecraft:logs, chisel:wool/blue, lootr:shulkers, chisel:mossy_cobblestone, alexsmobs:crocodile_spawns, minecraft:valid_spawn, minecraft:mushroom_grow_block, chisel:redstone, quark:wraith_spawnable, minecraft:wooden_doors, sereneseasons:autumn_crops, forge:glass/purple, quark:slime_blocks, minecraft:crimson_stems, quark:vertical_slab, quark:hedges, alexsmobs:gorilla_breakables, cavesandcliffs:small_dripleaf_placeable, cataclysm:ender_guardian_can_destroy, minecraft:beacon_base_blocks, alexsmobs:orca_breakables, chisel:end_stone, chisel:charcoal, minecraft:anvil, chisel:concrete/yellow, forge:sand, sereneseasons:greenhouse_glass, minecraft:wall_corals, alexsmobs:elephant_foodblocks, chisel:carpet/lime, lootr:chests, forge:ores/gold, minecraft:piglin_repellents, forge:glass/black, minecraft:portals, chisel:carpet/purple, forge:fences/nether_brick, forge:glass/lime, forge:chests/wooden, forge:ores/iron, chisel:metals/bronze, chisel:prismarine, forge:storage_blocks/biotite, cataclysm:netherite_monstrosity_immune, minecraft:wooden_stairs, minecraft:carpets, minecraft:base_stone_overworld, chisel:wool/lime, minecraft:wooden_buttons, cavesandcliffs:inside_step_sound_blocks, quark:crystal, alexsmobs:crow_foodblocks, minecraft:stone_bricks, forge:storage_blocks/quartz, forge:glass/orange, chisel:antiblock, endrem:end_crystal_gen, vs_eureka:balloons, minecraft:slabs, minecraft:guarded_by_piglins, forge:ores/emerald, chisel:planks/acacia, chiselsandbits:chiselable/blocked, cataclysm:ender_golem_can_destroy, minecraft:buttons, minecraft:corals, quark:foxhound_spawnable, lootr:containers, minecraft:rails, forge:barrels/wooden, chisel:carpet/light_blue, minecraft:strider_warm_blocks, minecraft:bee_growables, minecraft:wooden_pressure_plates, chisel:carpet/orange, create:brittle, chisel:carpet/blue, minecraft:tall_flowers, forge:bookshelves, minecraft:stone_pressure_plates, supplementaries:concrete_powders, cavesandcliffs:lush_ground_replaceable, minecraft:gold_ores, supplementaries:palisades, forge:glass_panes/pink, chisel:carpet/white, forge:netherrack, chisel:concrete/green, chisel:factory, chisel:granite, create:non_movable, minecraft:soul_fire_base_blocks, forge:crops/flax, platform:stone_ore_replaceables, farmersdelight:unaffected_by_rich_soil, mineminenomi:mangrove_logs, chisel:red_sandstone, chisel:concrete/light_blue, cataclysm:netherite_monstrosity_break, chisel:wool/cyan, forge:gravel, forge:glass_panes/cyan, minecraft:wool, forge:glass/colorless, forge:glass_panes/light_blue, minecraft:beehives, minecraft:ice, forge:ores/zinc, forge:ores/netherite_scrap, minecraft:crops, alexsmobs:alligator_snapping_turtle_spawns, quark:quilted_wools, forge:fiber/flax, forge:stained_glass, chisel:carpet/black, minecraft:warped_stems, chisel:carpet/cyan, forge:storage_blocks/iron, create:seats, forge:glass_panes/brown, cavesandcliffs:candles, create:wrench_pickup, cavesandcliffs:crystal_sound_blocks, minecraft:climbable, minecraft:dark_oak_logs, farmersdelight:compost_activators, quark:ladders, minecraft:coral_plants, farmersdelight:tray_heat_sources, forge:glass_panes, minecraft:non_flammable_wood, chisel:planks/spruce, framedblocks:frameable, alexsmobs:drops_bananas, chisel:concrete/cyan, create:safe_nbt, cavesandcliffs:cauldrons, chisel:carpet/red, supplementaries:pane_connection, minecraft:fences, minecraft:saplings, forge:ores/copper, minecraft:mineable/pickaxe, chisel:futura, minecraft:unstable_bottom_center, minecraft:enderman_holdable, minecraft:banners, minecraft:wooden_fences, alexsmobs:rattlesnake_spawns, minecraft:wall_post_override, forge:obsidian, forge:enderman_place_on_blacklist, platform:features_cannot_replace, alexsmobs:kangaroo_spawns, chisel:wool/green, chisel:limestone, supplementaries:pouring_tank, forge:glass/magenta, forge:ores/coal, minecraft:fire, chisel:concrete/gray, cavesandcliffs:cave_vines, minecraft:base_stone_nether, chisel:wool/red, minecraft:wall_signs, quark:vertical_slabs, carryon:block_whitelist, chisel:wool/purple, alexsmobs:drops_acacia_blossoms, forge:storage_blocks/end_crystal, chisel:planks/birch, minecraft:trapdoors, forge:glass/cyan, lootr:barrels, alexsmobs:crow_fears, framedblocks:blacklisted, quark:crab_spawnable, forge:glass, chisel:wool/gray, minecraft:leaves, chisel:wool/white, forge:storage_blocks/brass, forge:ores/end_crystal, forge:glass_panes/gray, minecraft:wither_immune, chisel:wool/light_gray, minecraft:acacia_logs, cataclysm:ignis_can_destroy_cracked_block, platform:carvers_can_replace, forge:stained_glass_panes, forge:storage_blocks/zinc, forge:sand/red, alexsmobs:emu_spawns, forge:glass/brown, create:sails, minecraft:logs_that_burn, minecraft:mineable/hoe, forge:glass/gray, forge:glass/light_gray, cavesandcliffs:moss_replaceable, minecraft:wooden_slabs, alexsmobs:platypus_spawns, create:toolboxes, minecraft:small_flowers, cavesandcliffs:geode_invalid_blocks, lootr:trapped_chests, forge:glass_panes/black, chisel:andesite, farmersdelight:wild_crops, outer_end:azure_foliage, supplementaries:rope_support, sereneseasons:winter_crops, forge:glass_panes/blue, chisel:concrete/purple, supplementaries:water_holder, forge:stone, chisel:wool/brown, minecraft:standing_signs, minecraft:infiniburn_end, forge:glass_panes/yellow, chisel:carpet/yellow, cavesandcliffs:dripstone_replaceable_blocks, alexsmobs:soul_vulture_spawns, chisel:wool/yellow, minecraft:wart_blocks, alexsmobs:leafcutter_ant_breakables, farmersdelight:heat_conductors, cavesandcliffs:snow, mineminenomi:rusty, alexsmobs:seal_spawns, minecraft:shulker_boxes, alexsmobs:mungus_replace_mushroom, minecraft:birch_logs, create:fan_heaters, platform:dirt, chisel:wool/magenta, cavesandcliffs:candle_cakes, forge:glass_panes/purple, forge:glass/yellow, quark:pike_trophies, chisel:tyrian, minecraft:oak_logs, forge:storage_blocks/neptunium, forge:barrels, chisel:concrete/red, forge:ores/lapis, alexsmobs:mungus_replace_nether, chisel:coal, forge:dirt, minecraft:bamboo_plantable_on, chisel:concrete/brown, quark:lead_connectable, minecraft:pressure_plates, create:windowable, minecraft:jungle_logs, forge:chests/ender, minecraft:spruce_logs, forge:fence_gates/wooden, vs_eureka:ship_helms, minecraft:mineable/axe, forge:glass_panes/lime, create:windmill_sails, sereneseasons:spring_crops, outer_end:crystal_blocks, chisel:wool/pink, cataclysm:ignis_immune, minecraft:flowers, alexsmobs:void_worm_breakables, minecraft:planks, chisel:concrete/orange, forge:cobblestone, chisel:terracotta, chisel:carpet/light_gray, chisel:stone_bricks, outer_end:crystal_crag_foliage, chisel:quartz, alexsmobs:soul_vulture_perches, chisel:cobblestone, chisel:basalt, forge:storage_blocks/gold, minecraft:fence_gates, forge:ores, cataclysm:endermaptera_can_not_spawn, chisel:concrete/pink, forge:fences, chisel:bricks, forge:storage_blocks/diamond, minecraft:nylium, alexsmobs:warped_mosco_breakables, chisel:concrete/white, chisel:carpet/green, supplementaries:hang_from_ropes, chisel:concrete/magenta, supplementaries:bellows_tickable, chisel:carpet/gray]
[20Apr2025 11:52:04.814] [main/INFO] [STDOUT/]: [tschipp.carryon.common.handler.ListHandler:initConfigLists:282]: [forge:glass_panes/magenta, forge:ores/biotite, cavesandcliffs:features_cannot_replace, quark:planks_vertical_slab, quark:stools, forge:storage_blocks/netherite, forge:glass_panes/white, chisel:diorite, supplementaries:beams, toms_storage:remote_activate, forge:glass_panes/light_gray, alexsmobs:roadrunner_spawns, chisel:purpur, quark:candles, minecraft:dragon_immune, farmersdelight:heat_sources, forge:glass/pink, forge:chests, forge:storage_blocks/emerald, forge:ores/redstone, forge:glass/red, chiselsandbits:chiselable/forced, chisel:sandstone, chisel:planks/jungle, forge:glass_panes/green, carryon:block_blacklist, chisel:concrete/black, minecraft:prevent_mob_spawning_inside, forge:fiber, forge:chests/trapped, forge:fence_gates, cataclysm:altar_destroy_immune, forge:sandstone, forge:storage_blocks/copper, forge:glass_panes/colorless, chiselsandbits:chiseled/block, chisel:planks/oak, cavesandcliffs:deepslate_ore_replaceables, chisel:wool/black, forge:storage_blocks/lapis, minecraft:beds, forge:ores/diamond, chisel:concrete/light_gray, minecraft:doors, cavesandcliffs:stone_ore_replaceables, chisel:metals/aluminum, minecraft:infiniburn_overworld, minecraft:flower_pots, toms_storage:trims, supplementaries:posts, chisel:carpet/pink, alexsmobs:seal_digables, forge:glass/white, forge:glass_panes/red, minecraft:signs, farmersdelight:mushroom_colony_growable_on, minecraft:wither_summon_base_blocks, alexsmobs:mimic_octopus_spawns, minecraft:hoglin_repellents, outer_end:crystal_buds, chisel:concrete/blue, create:fan_transparent, chisel:emerald, chisel:laboratory, mineminenomi:kairoseki, forge:sand/colorless, alexsmobs:komodo_dragon_spawns, alexsmobs:mantis_shrimp_spawns, chisel:marble, minecraft:soul_speed_blocks, forge:storage_blocks/charcoal, outer_end:end_plantable_on, alexsmobs:lobster_spawns, tconstruct:slimy_logs, minecraft:walls, minecraft:coral_blocks, forge:glass/green, alexsmobs:cachalot_whale_breakables, chisel:planks/dark_oak, chisel:wool/light_blue, mineminenomi:nophase, minecraft:underwater_bonemeals, minecraft:impermeable, minecraft:sand, forge:end_stones, chisel:glowstone, forge:wg_stone, supplementaries:walls, cavesandcliffs:occludes_vibration_signals, forge:fences/wooden, sereneseasons:summer_crops, minecraft:campfires, supplementaries:vine_support, forge:storage_blocks, minecraft:infiniburn_nether, forge:glass_panes/orange, chisel:concrete/lime, forge:ores/quartz, chisel:carpet/brown, forge:glass/blue, minecraft:wooden_trapdoors, create:valve_handles, forge:storage_blocks/coal, forge:glass/light_blue, jade:pick, forge:storage_blocks/redstone, chisel:wool/orange, chisel:carpet/magenta, minecraft:stairs, alexsmobs:grizzly_beehive, quark:underground_biome_replaceable, sereneseasons:unbreakable_infertile_crops, minecraft:logs, chisel:wool/blue, lootr:shulkers, chisel:mossy_cobblestone, alexsmobs:crocodile_spawns, minecraft:valid_spawn, minecraft:mushroom_grow_block, chisel:redstone, quark:wraith_spawnable, minecraft:wooden_doors, sereneseasons:autumn_crops, forge:glass/purple, quark:slime_blocks, minecraft:crimson_stems, quark:vertical_slab, quark:hedges, alexsmobs:gorilla_breakables, cavesandcliffs:small_dripleaf_placeable, cataclysm:ender_guardian_can_destroy, minecraft:beacon_base_blocks, alexsmobs:orca_breakables, chisel:end_stone, chisel:charcoal, minecraft:anvil, chisel:concrete/yellow, forge:sand, sereneseasons:greenhouse_glass, minecraft:wall_corals, alexsmobs:elephant_foodblocks, chisel:carpet/lime, lootr:chests, forge:ores/gold, minecraft:piglin_repellents, forge:glass/black, minecraft:portals, chisel:carpet/purple, forge:fences/nether_brick, forge:glass/lime, forge:chests/wooden, forge:ores/iron, chisel:metals/bronze, chisel:prismarine, forge:storage_blocks/biotite, cataclysm:netherite_monstrosity_immune, minecraft:wooden_stairs, minecraft:carpets, minecraft:base_stone_overworld, chisel:wool/lime, minecraft:wooden_buttons, cavesandcliffs:inside_step_sound_blocks, quark:crystal, alexsmobs:crow_foodblocks, minecraft:stone_bricks, forge:storage_blocks/quartz, forge:glass/orange, chisel:antiblock, endrem:end_crystal_gen, vs_eureka:balloons, minecraft:slabs, minecraft:guarded_by_piglins, forge:ores/emerald, chisel:planks/acacia, chiselsandbits:chiselable/blocked, cataclysm:ender_golem_can_destroy, minecraft:buttons, minecraft:corals, quark:foxhound_spawnable, lootr:containers, minecraft:rails, forge:barrels/wooden, chisel:carpet/light_blue, minecraft:strider_warm_blocks, minecraft:bee_growables, minecraft:wooden_pressure_plates, chisel:carpet/orange, create:brittle, chisel:carpet/blue, minecraft:tall_flowers, forge:bookshelves, minecraft:stone_pressure_plates, supplementaries:concrete_powders, cavesandcliffs:lush_ground_replaceable, minecraft:gold_ores, supplementaries:palisades, forge:glass_panes/pink, chisel:carpet/white, forge:netherrack, chisel:concrete/green, chisel:factory, chisel:granite, create:non_movable, minecraft:soul_fire_base_blocks, forge:crops/flax, platform:stone_ore_replaceables, farmersdelight:unaffected_by_rich_soil, mineminenomi:mangrove_logs, chisel:red_sandstone, chisel:concrete/light_blue, cataclysm:netherite_monstrosity_break, chisel:wool/cyan, forge:gravel, forge:glass_panes/cyan, minecraft:wool, forge:glass/colorless, forge:glass_panes/light_blue, minecraft:beehives, minecraft:ice, forge:ores/zinc, forge:ores/netherite_scrap, minecraft:crops, alexsmobs:alligator_snapping_turtle_spawns, quark:quilted_wools, forge:fiber/flax, forge:stained_glass, chisel:carpet/black, minecraft:warped_stems, chisel:carpet/cyan, forge:storage_blocks/iron, create:seats, forge:glass_panes/brown, cavesandcliffs:candles, create:wrench_pickup, cavesandcliffs:crystal_sound_blocks, minecraft:climbable, minecraft:dark_oak_logs, farmersdelight:compost_activators, quark:ladders, minecraft:coral_plants, farmersdelight:tray_heat_sources, forge:glass_panes, minecraft:non_flammable_wood, chisel:planks/spruce, framedblocks:frameable, alexsmobs:drops_bananas, chisel:concrete/cyan, create:safe_nbt, cavesandcliffs:cauldrons, chisel:carpet/red, supplementaries:pane_connection, minecraft:fences, minecraft:saplings, forge:ores/copper, minecraft:mineable/pickaxe, chisel:futura, minecraft:unstable_bottom_center, minecraft:enderman_holdable, minecraft:banners, minecraft:wooden_fences, alexsmobs:rattlesnake_spawns, minecraft:wall_post_override, forge:obsidian, forge:enderman_place_on_blacklist, platform:features_cannot_replace, alexsmobs:kangaroo_spawns, chisel:wool/green, chisel:limestone, supplementaries:pouring_tank, forge:glass/magenta, forge:ores/coal, minecraft:fire, chisel:concrete/gray, cavesandcliffs:cave_vines, minecraft:base_stone_nether, chisel:wool/red, minecraft:wall_signs, quark:vertical_slabs, carryon:block_whitelist, chisel:wool/purple, alexsmobs:drops_acacia_blossoms, forge:storage_blocks/end_crystal, chisel:planks/birch, minecraft:trapdoors, forge:glass/cyan, lootr:barrels, alexsmobs:crow_fears, framedblocks:blacklisted, quark:crab_spawnable, forge:glass, chisel:wool/gray, minecraft:leaves, chisel:wool/white, forge:storage_blocks/brass, forge:ores/end_crystal, forge:glass_panes/gray, minecraft:wither_immune, chisel:wool/light_gray, minecraft:acacia_logs, cataclysm:ignis_can_destroy_cracked_block, platform:carvers_can_replace, forge:stained_glass_panes, forge:storage_blocks/zinc, forge:sand/red, alexsmobs:emu_spawns, forge:glass/brown, create:sails, minecraft:logs_that_burn, minecraft:mineable/hoe, forge:glass/gray, forge:glass/light_gray, cavesandcliffs:moss_replaceable, minecraft:wooden_slabs, alexsmobs:platypus_spawns, create:toolboxes, minecraft:small_flowers, cavesandcliffs:geode_invalid_blocks, lootr:trapped_chests, forge:glass_panes/black, chisel:andesite, farmersdelight:wild_crops, outer_end:azure_foliage, supplementaries:rope_support, sereneseasons:winter_crops, forge:glass_panes/blue, chisel:concrete/purple, supplementaries:water_holder, forge:stone, chisel:wool/brown, minecraft:standing_signs, minecraft:infiniburn_end, forge:glass_panes/yellow, chisel:carpet/yellow, cavesandcliffs:dripstone_replaceable_blocks, alexsmobs:soul_vulture_spawns, chisel:wool/yellow, minecraft:wart_blocks, alexsmobs:leafcutter_ant_breakables, farmersdelight:heat_conductors, cavesandcliffs:snow, mineminenomi:rusty, alexsmobs:seal_spawns, minecraft:shulker_boxes, alexsmobs:mungus_replace_mushroom, minecraft:birch_logs, create:fan_heaters, platform:dirt, chisel:wool/magenta, cavesandcliffs:candle_cakes, forge:glass_panes/purple, forge:glass/yellow, quark:pike_trophies, chisel:tyrian, minecraft:oak_logs, forge:storage_blocks/neptunium, forge:barrels, chisel:concrete/red, forge:ores/lapis, alexsmobs:mungus_replace_nether, chisel:coal, forge:dirt, minecraft:bamboo_plantable_on, chisel:concrete/brown, quark:lead_connectable, minecraft:pressure_plates, create:windowable, minecraft:jungle_logs, forge:chests/ender, minecraft:spruce_logs, forge:fence_gates/wooden, vs_eureka:ship_helms, minecraft:mineable/axe, forge:glass_panes/lime, create:windmill_sails, sereneseasons:spring_crops, outer_end:crystal_blocks, chisel:wool/pink, cataclysm:ignis_immune, minecraft:flowers, alexsmobs:void_worm_breakables, minecraft:planks, chisel:concrete/orange, forge:cobblestone, chisel:terracotta, chisel:carpet/light_gray, chisel:stone_bricks, outer_end:crystal_crag_foliage, chisel:quartz, alexsmobs:soul_vulture_perches, chisel:cobblestone, chisel:basalt, forge:storage_blocks/gold, minecraft:fence_gates, forge:ores, cataclysm:endermaptera_can_not_spawn, chisel:concrete/pink, forge:fences, chisel:bricks, forge:storage_blocks/diamond, minecraft:nylium, alexsmobs:warped_mosco_breakables, chisel:concrete/white, chisel:carpet/green, supplementaries:hang_from_ropes, chisel:concrete/magenta, supplementaries:bellows_tickable, chisel:carpet/gray]
[20Apr2025 11:52:07.917] [Server thread/INFO] [net.minecraft.server.dedicated.DedicatedServer/]: Starting minecraft server version 1.16.5
[20Apr2025 11:52:07.918] [Server thread/INFO] [net.minecraft.server.dedicated.DedicatedServer/]: Loading properties
[20Apr2025 11:52:07.918] [Server thread/INFO] [net.minecraft.server.dedicated.DedicatedServer/]: Default game type: SURVIVAL
[20Apr2025 11:52:07.918] [Server thread/INFO] [net.minecraft.server.MinecraftServer/]: Generating keypair
[20Apr2025 11:52:08.004] [Server thread/INFO] [net.minecraft.server.dedicated.DedicatedServer/]: Starting Minecraft server on *:25565
[20Apr2025 11:52:08.025] [Server thread/INFO] [net.minecraft.network.NetworkSystem/]: Using epoll channel type
[20Apr2025 11:52:08.104] [Server thread/WARN] [net.minecraft.server.dedicated.DedicatedServer/]: **** SERVER IS RUNNING IN OFFLINE/INSECURE MODE!
[20Apr2025 11:52:08.104] [Server thread/WARN] [net.minecraft.server.dedicated.DedicatedServer/]: The server will make no attempt to authenticate usernames. Beware.
[20Apr2025 11:52:08.105] [Server thread/WARN] [net.minecraft.server.dedicated.DedicatedServer/]: While this makes the game possible to play without internet access, it also opens up the ability for hackers to connect with any username they choose.
[20Apr2025 11:52:08.105] [Server thread/WARN] [net.minecraft.server.dedicated.DedicatedServer/]: To change this, set "online-mode" to "true" in the server.properties file.
[20Apr2025 11:52:08.141] [Server thread/INFO] [STDOUT/]: [tschipp.carryon.common.handler.ListHandler:initConfigLists:282]: [forge:glass_panes/magenta, forge:ores/biotite, cavesandcliffs:features_cannot_replace, quark:planks_vertical_slab, quark:stools, forge:storage_blocks/netherite, forge:glass_panes/white, chisel:diorite, supplementaries:beams, toms_storage:remote_activate, forge:glass_panes/light_gray, alexsmobs:roadrunner_spawns, chisel:purpur, quark:candles, minecraft:dragon_immune, farmersdelight:heat_sources, forge:glass/pink, forge:chests, forge:storage_blocks/emerald, forge:ores/redstone, forge:glass/red, chiselsandbits:chiselable/forced, chisel:sandstone, chisel:planks/jungle, forge:glass_panes/green, carryon:block_blacklist, chisel:concrete/black, minecraft:prevent_mob_spawning_inside, forge:fiber, forge:chests/trapped, forge:fence_gates, cataclysm:altar_destroy_immune, forge:sandstone, forge:storage_blocks/copper, forge:glass_panes/colorless, chiselsandbits:chiseled/block, chisel:planks/oak, cavesandcliffs:deepslate_ore_replaceables, chisel:wool/black, forge:storage_blocks/lapis, minecraft:beds, forge:ores/diamond, chisel:concrete/light_gray, minecraft:doors, cavesandcliffs:stone_ore_replaceables, chisel:metals/aluminum, minecraft:infiniburn_overworld, minecraft:flower_pots, toms_storage:trims, supplementaries:posts, chisel:carpet/pink, alexsmobs:seal_digables, forge:glass/white, forge:glass_panes/red, minecraft:signs, farmersdelight:mushroom_colony_growable_on, minecraft:wither_summon_base_blocks, alexsmobs:mimic_octopus_spawns, minecraft:hoglin_repellents, outer_end:crystal_buds, chisel:concrete/blue, create:fan_transparent, chisel:emerald, chisel:laboratory, mineminenomi:kairoseki, forge:sand/colorless, alexsmobs:komodo_dragon_spawns, alexsmobs:mantis_shrimp_spawns, chisel:marble, minecraft:soul_speed_blocks, forge:storage_blocks/charcoal, outer_end:end_plantable_on, alexsmobs:lobster_spawns, tconstruct:slimy_logs, minecraft:walls, minecraft:coral_blocks, forge:glass/green, alexsmobs:cachalot_whale_breakables, chisel:planks/dark_oak, chisel:wool/light_blue, mineminenomi:nophase, minecraft:underwater_bonemeals, minecraft:impermeable, minecraft:sand, forge:end_stones, chisel:glowstone, forge:wg_stone, supplementaries:walls, cavesandcliffs:occludes_vibration_signals, forge:fences/wooden, sereneseasons:summer_crops, minecraft:campfires, supplementaries:vine_support, forge:storage_blocks, minecraft:infiniburn_nether, forge:glass_panes/orange, chisel:concrete/lime, forge:ores/quartz, chisel:carpet/brown, forge:glass/blue, minecraft:wooden_trapdoors, create:valve_handles, forge:storage_blocks/coal, forge:glass/light_blue, jade:pick, forge:storage_blocks/redstone, chisel:wool/orange, chisel:carpet/magenta, minecraft:stairs, alexsmobs:grizzly_beehive, quark:underground_biome_replaceable, sereneseasons:unbreakable_infertile_crops, minecraft:logs, chisel:wool/blue, lootr:shulkers, chisel:mossy_cobblestone, alexsmobs:crocodile_spawns, minecraft:valid_spawn, minecraft:mushroom_grow_block, chisel:redstone, quark:wraith_spawnable, minecraft:wooden_doors, sereneseasons:autumn_crops, forge:glass/purple, quark:slime_blocks, minecraft:crimson_stems, quark:vertical_slab, quark:hedges, alexsmobs:gorilla_breakables, cavesandcliffs:small_dripleaf_placeable, cataclysm:ender_guardian_can_destroy, minecraft:beacon_base_blocks, alexsmobs:orca_breakables, chisel:end_stone, chisel:charcoal, minecraft:anvil, chisel:concrete/yellow, forge:sand, sereneseasons:greenhouse_glass, minecraft:wall_corals, alexsmobs:elephant_foodblocks, chisel:carpet/lime, lootr:chests, forge:ores/gold, minecraft:piglin_repellents, forge:glass/black, minecraft:portals, chisel:carpet/purple, forge:fences/nether_brick, forge:glass/lime, forge:chests/wooden, forge:ores/iron, chisel:metals/bronze, chisel:prismarine, forge:storage_blocks/biotite, cataclysm:netherite_monstrosity_immune, minecraft:wooden_stairs, minecraft:carpets, minecraft:base_stone_overworld, chisel:wool/lime, minecraft:wooden_buttons, cavesandcliffs:inside_step_sound_blocks, quark:crystal, alexsmobs:crow_foodblocks, minecraft:stone_bricks, forge:storage_blocks/quartz, forge:glass/orange, chisel:antiblock, endrem:end_crystal_gen, vs_eureka:balloons, minecraft:slabs, minecraft:guarded_by_piglins, forge:ores/emerald, chisel:planks/acacia, chiselsandbits:chiselable/blocked, cataclysm:ender_golem_can_destroy, minecraft:buttons, minecraft:corals, quark:foxhound_spawnable, lootr:containers, minecraft:rails, forge:barrels/wooden, chisel:carpet/light_blue, minecraft:strider_warm_blocks, minecraft:bee_growables, minecraft:wooden_pressure_plates, chisel:carpet/orange, create:brittle, chisel:carpet/blue, minecraft:tall_flowers, forge:bookshelves, minecraft:stone_pressure_plates, supplementaries:concrete_powders, cavesandcliffs:lush_ground_replaceable, minecraft:gold_ores, supplementaries:palisades, forge:glass_panes/pink, chisel:carpet/white, forge:netherrack, chisel:concrete/green, chisel:factory, chisel:granite, create:non_movable, minecraft:soul_fire_base_blocks, forge:crops/flax, platform:stone_ore_replaceables, farmersdelight:unaffected_by_rich_soil, mineminenomi:mangrove_logs, chisel:red_sandstone, chisel:concrete/light_blue, cataclysm:netherite_monstrosity_break, chisel:wool/cyan, forge:gravel, forge:glass_panes/cyan, minecraft:wool, forge:glass/colorless, forge:glass_panes/light_blue, minecraft:beehives, minecraft:ice, forge:ores/zinc, forge:ores/netherite_scrap, minecraft:crops, alexsmobs:alligator_snapping_turtle_spawns, quark:quilted_wools, forge:fiber/flax, forge:stained_glass, chisel:carpet/black, minecraft:warped_stems, chisel:carpet/cyan, forge:storage_blocks/iron, create:seats, forge:glass_panes/brown, cavesandcliffs:candles, create:wrench_pickup, cavesandcliffs:crystal_sound_blocks, minecraft:climbable, minecraft:dark_oak_logs, farmersdelight:compost_activators, quark:ladders, minecraft:coral_plants, farmersdelight:tray_heat_sources, forge:glass_panes, minecraft:non_flammable_wood, chisel:planks/spruce, framedblocks:frameable, alexsmobs:drops_bananas, chisel:concrete/cyan, create:safe_nbt, cavesandcliffs:cauldrons, chisel:carpet/red, supplementaries:pane_connection, minecraft:fences, minecraft:saplings, forge:ores/copper, minecraft:mineable/pickaxe, chisel:futura, minecraft:unstable_bottom_center, minecraft:enderman_holdable, minecraft:banners, minecraft:wooden_fences, alexsmobs:rattlesnake_spawns, minecraft:wall_post_override, forge:obsidian, forge:enderman_place_on_blacklist, platform:features_cannot_replace, alexsmobs:kangaroo_spawns, chisel:wool/green, chisel:limestone, supplementaries:pouring_tank, forge:glass/magenta, forge:ores/coal, minecraft:fire, chisel:concrete/gray, cavesandcliffs:cave_vines, minecraft:base_stone_nether, chisel:wool/red, minecraft:wall_signs, quark:vertical_slabs, carryon:block_whitelist, chisel:wool/purple, alexsmobs:drops_acacia_blossoms, forge:storage_blocks/end_crystal, chisel:planks/birch, minecraft:trapdoors, forge:glass/cyan, lootr:barrels, alexsmobs:crow_fears, framedblocks:blacklisted, quark:crab_spawnable, forge:glass, chisel:wool/gray, minecraft:leaves, chisel:wool/white, forge:storage_blocks/brass, forge:ores/end_crystal, forge:glass_panes/gray, minecraft:wither_immune, chisel:wool/light_gray, minecraft:acacia_logs, cataclysm:ignis_can_destroy_cracked_block, platform:carvers_can_replace, forge:stained_glass_panes, forge:storage_blocks/zinc, forge:sand/red, alexsmobs:emu_spawns, forge:glass/brown, create:sails, minecraft:logs_that_burn, minecraft:mineable/hoe, forge:glass/gray, forge:glass/light_gray, cavesandcliffs:moss_replaceable, minecraft:wooden_slabs, alexsmobs:platypus_spawns, create:toolboxes, minecraft:small_flowers, cavesandcliffs:geode_invalid_blocks, lootr:trapped_chests, forge:glass_panes/black, chisel:andesite, farmersdelight:wild_crops, outer_end:azure_foliage, supplementaries:rope_support, sereneseasons:winter_crops, forge:glass_panes/blue, chisel:concrete/purple, supplementaries:water_holder, forge:stone, chisel:wool/brown, minecraft:standing_signs, minecraft:infiniburn_end, forge:glass_panes/yellow, chisel:carpet/yellow, cavesandcliffs:dripstone_replaceable_blocks, alexsmobs:soul_vulture_spawns, chisel:wool/yellow, minecraft:wart_blocks, alexsmobs:leafcutter_ant_breakables, farmersdelight:heat_conductors, cavesandcliffs:snow, mineminenomi:rusty, alexsmobs:seal_spawns, minecraft:shulker_boxes, alexsmobs:mungus_replace_mushroom, minecraft:birch_logs, create:fan_heaters, platform:dirt, chisel:wool/magenta, cavesandcliffs:candle_cakes, forge:glass_panes/purple, forge:glass/yellow, quark:pike_trophies, chisel:tyrian, minecraft:oak_logs, forge:storage_blocks/neptunium, forge:barrels, chisel:concrete/red, forge:ores/lapis, alexsmobs:mungus_replace_nether, chisel:coal, forge:dirt, minecraft:bamboo_plantable_on, chisel:concrete/brown, quark:lead_connectable, minecraft:pressure_plates, create:windowable, minecraft:jungle_logs, forge:chests/ender, minecraft:spruce_logs, forge:fence_gates/wooden, vs_eureka:ship_helms, minecraft:mineable/axe, forge:glass_panes/lime, create:windmill_sails, sereneseasons:spring_crops, outer_end:crystal_blocks, chisel:wool/pink, cataclysm:ignis_immune, minecraft:flowers, alexsmobs:void_worm_breakables, minecraft:planks, chisel:concrete/orange, forge:cobblestone, chisel:terracotta, chisel:carpet/light_gray, chisel:stone_bricks, outer_end:crystal_crag_foliage, chisel:quartz, alexsmobs:soul_vulture_perches, chisel:cobblestone, chisel:basalt, forge:storage_blocks/gold, minecraft:fence_gates, forge:ores, cataclysm:endermaptera_can_not_spawn, chisel:concrete/pink, forge:fences, chisel:bricks, forge:storage_blocks/diamond, minecraft:nylium, alexsmobs:warped_mosco_breakables, chisel:concrete/white, chisel:carpet/green, supplementaries:hang_from_ropes, chisel:concrete/magenta, supplementaries:bellows_tickable, chisel:carpet/gray]
[20Apr2025 11:52:08.145] [Thread-0/INFO] [STDOUT/]: [tschipp.carryon.common.handler.ListHandler:initConfigLists:282]: [forge:glass_panes/magenta, forge:ores/biotite, cavesandcliffs:features_cannot_replace, quark:planks_vertical_slab, quark:stools, forge:storage_blocks/netherite, forge:glass_panes/white, chisel:diorite, supplementaries:beams, toms_storage:remote_activate, forge:glass_panes/light_gray, alexsmobs:roadrunner_spawns, chisel:purpur, quark:candles, minecraft:dragon_immune, farmersdelight:heat_sources, forge:glass/pink, forge:chests, forge:storage_blocks/emerald, forge:ores/redstone, forge:glass/red, chiselsandbits:chiselable/forced, chisel:sandstone, chisel:planks/jungle, forge:glass_panes/green, carryon:block_blacklist, chisel:concrete/black, minecraft:prevent_mob_spawning_inside, forge:fiber, forge:chests/trapped, forge:fence_gates, cataclysm:altar_destroy_immune, forge:sandstone, forge:storage_blocks/copper, forge:glass_panes/colorless, chiselsandbits:chiseled/block, chisel:planks/oak, cavesandcliffs:deepslate_ore_replaceables, chisel:wool/black, forge:storage_blocks/lapis, minecraft:beds, forge:ores/diamond, chisel:concrete/light_gray, minecraft:doors, cavesandcliffs:stone_ore_replaceables, chisel:metals/aluminum, minecraft:infiniburn_overworld, minecraft:flower_pots, toms_storage:trims, supplementaries:posts, chisel:carpet/pink, alexsmobs:seal_digables, forge:glass/white, forge:glass_panes/red, minecraft:signs, farmersdelight:mushroom_colony_growable_on, minecraft:wither_summon_base_blocks, alexsmobs:mimic_octopus_spawns, minecraft:hoglin_repellents, outer_end:crystal_buds, chisel:concrete/blue, create:fan_transparent, chisel:emerald, chisel:laboratory, mineminenomi:kairoseki, forge:sand/colorless, alexsmobs:komodo_dragon_spawns, alexsmobs:mantis_shrimp_spawns, chisel:marble, minecraft:soul_speed_blocks, forge:storage_blocks/charcoal, outer_end:end_plantable_on, alexsmobs:lobster_spawns, tconstruct:slimy_logs, minecraft:walls, minecraft:coral_blocks, forge:glass/green, alexsmobs:cachalot_whale_breakables, chisel:planks/dark_oak, chisel:wool/light_blue, mineminenomi:nophase, minecraft:underwater_bonemeals, minecraft:impermeable, minecraft:sand, forge:end_stones, chisel:glowstone, forge:wg_stone, supplementaries:walls, cavesandcliffs:occludes_vibration_signals, forge:fences/wooden, sereneseasons:summer_crops, minecraft:campfires, supplementaries:vine_support, forge:storage_blocks, minecraft:infiniburn_nether, forge:glass_panes/orange, chisel:concrete/lime, forge:ores/quartz, chisel:carpet/brown, forge:glass/blue, minecraft:wooden_trapdoors, create:valve_handles, forge:storage_blocks/coal, forge:glass/light_blue, jade:pick, forge:storage_blocks/redstone, chisel:wool/orange, chisel:carpet/magenta, minecraft:stairs, alexsmobs:grizzly_beehive, quark:underground_biome_replaceable, sereneseasons:unbreakable_infertile_crops, minecraft:logs, chisel:wool/blue, lootr:shulkers, chisel:mossy_cobblestone, alexsmobs:crocodile_spawns, minecraft:valid_spawn, minecraft:mushroom_grow_block, chisel:redstone, quark:wraith_spawnable, minecraft:wooden_doors, sereneseasons:autumn_crops, forge:glass/purple, quark:slime_blocks, minecraft:crimson_stems, quark:vertical_slab, quark:hedges, alexsmobs:gorilla_breakables, cavesandcliffs:small_dripleaf_placeable, cataclysm:ender_guardian_can_destroy, minecraft:beacon_base_blocks, alexsmobs:orca_breakables, chisel:end_stone, chisel:charcoal, minecraft:anvil, chisel:concrete/yellow, forge:sand, sereneseasons:greenhouse_glass, minecraft:wall_corals, alexsmobs:elephant_foodblocks, chisel:carpet/lime, lootr:chests, forge:ores/gold, minecraft:piglin_repellents, forge:glass/black, minecraft:portals, chisel:carpet/purple, forge:fences/nether_brick, forge:glass/lime, forge:chests/wooden, forge:ores/iron, chisel:metals/bronze, chisel:prismarine, forge:storage_blocks/biotite, cataclysm:netherite_monstrosity_immune, minecraft:wooden_stairs, minecraft:carpets, minecraft:base_stone_overworld, chisel:wool/lime, minecraft:wooden_buttons, cavesandcliffs:inside_step_sound_blocks, quark:crystal, alexsmobs:crow_foodblocks, minecraft:stone_bricks, forge:storage_blocks/quartz, forge:glass/orange, chisel:antiblock, endrem:end_crystal_gen, vs_eureka:balloons, minecraft:slabs, minecraft:guarded_by_piglins, forge:ores/emerald, chisel:planks/acacia, chiselsandbits:chiselable/blocked, cataclysm:ender_golem_can_destroy, minecraft:buttons, minecraft:corals, quark:foxhound_spawnable, lootr:containers, minecraft:rails, forge:barrels/wooden, chisel:carpet/light_blue, minecraft:strider_warm_blocks, minecraft:bee_growables, minecraft:wooden_pressure_plates, chisel:carpet/orange, create:brittle, chisel:carpet/blue, minecraft:tall_flowers, forge:bookshelves, minecraft:stone_pressure_plates, supplementaries:concrete_powders, cavesandcliffs:lush_ground_replaceable, minecraft:gold_ores, supplementaries:palisades, forge:glass_panes/pink, chisel:carpet/white, forge:netherrack, chisel:concrete/green, chisel:factory, chisel:granite, create:non_movable, minecraft:soul_fire_base_blocks, forge:crops/flax, platform:stone_ore_replaceables, farmersdelight:unaffected_by_rich_soil, mineminenomi:mangrove_logs, chisel:red_sandstone, chisel:concrete/light_blue, cataclysm:netherite_monstrosity_break, chisel:wool/cyan, forge:gravel, forge:glass_panes/cyan, minecraft:wool, forge:glass/colorless, forge:glass_panes/light_blue, minecraft:beehives, minecraft:ice, forge:ores/zinc, forge:ores/netherite_scrap, minecraft:crops, alexsmobs:alligator_snapping_turtle_spawns, quark:quilted_wools, forge:fiber/flax, forge:stained_glass, chisel:carpet/black, minecraft:warped_stems, chisel:carpet/cyan, forge:storage_blocks/iron, create:seats, forge:glass_panes/brown, cavesandcliffs:candles, create:wrench_pickup, cavesandcliffs:crystal_sound_blocks, minecraft:climbable, minecraft:dark_oak_logs, farmersdelight:compost_activators, quark:ladders, minecraft:coral_plants, farmersdelight:tray_heat_sources, forge:glass_panes, minecraft:non_flammable_wood, chisel:planks/spruce, framedblocks:frameable, alexsmobs:drops_bananas, chisel:concrete/cyan, create:safe_nbt, cavesandcliffs:cauldrons, chisel:carpet/red, supplementaries:pane_connection, minecraft:fences, minecraft:saplings, forge:ores/copper, minecraft:mineable/pickaxe, chisel:futura, minecraft:unstable_bottom_center, minecraft:enderman_holdable, minecraft:banners, minecraft:wooden_fences, alexsmobs:rattlesnake_spawns, minecraft:wall_post_override, forge:obsidian, forge:enderman_place_on_blacklist, platform:features_cannot_replace, alexsmobs:kangaroo_spawns, chisel:wool/green, chisel:limestone, supplementaries:pouring_tank, forge:glass/magenta, forge:ores/coal, minecraft:fire, chisel:concrete/gray, cavesandcliffs:cave_vines, minecraft:base_stone_nether, chisel:wool/red, minecraft:wall_signs, quark:vertical_slabs, carryon:block_whitelist, chisel:wool/purple, alexsmobs:drops_acacia_blossoms, forge:storage_blocks/end_crystal, chisel:planks/birch, minecraft:trapdoors, forge:glass/cyan, lootr:barrels, alexsmobs:crow_fears, framedblocks:blacklisted, quark:crab_spawnable, forge:glass, chisel:wool/gray, minecraft:leaves, chisel:wool/white, forge:storage_blocks/brass, forge:ores/end_crystal, forge:glass_panes/gray, minecraft:wither_immune, chisel:wool/light_gray, minecraft:acacia_logs, cataclysm:ignis_can_destroy_cracked_block, platform:carvers_can_replace, forge:stained_glass_panes, forge:storage_blocks/zinc, forge:sand/red, alexsmobs:emu_spawns, forge:glass/brown, create:sails, minecraft:logs_that_burn, minecraft:mineable/hoe, forge:glass/gray, forge:glass/light_gray, cavesandcliffs:moss_replaceable, minecraft:wooden_slabs, alexsmobs:platypus_spawns, create:toolboxes, minecraft:small_flowers, cavesandcliffs:geode_invalid_blocks, lootr:trapped_chests, forge:glass_panes/black, chisel:andesite, farmersdelight:wild_crops, outer_end:azure_foliage, supplementaries:rope_support, sereneseasons:winter_crops, forge:glass_panes/blue, chisel:concrete/purple, supplementaries:water_holder, forge:stone, chisel:wool/brown, minecraft:standing_signs, minecraft:infiniburn_end, forge:glass_panes/yellow, chisel:carpet/yellow, cavesandcliffs:dripstone_replaceable_blocks, alexsmobs:soul_vulture_spawns, chisel:wool/yellow, minecraft:wart_blocks, alexsmobs:leafcutter_ant_breakables, farmersdelight:heat_conductors, cavesandcliffs:snow, mineminenomi:rusty, alexsmobs:seal_spawns, minecraft:shulker_boxes, alexsmobs:mungus_replace_mushroom, minecraft:birch_logs, create:fan_heaters, platform:dirt, chisel:wool/magenta, cavesandcliffs:candle_cakes, forge:glass_panes/purple, forge:glass/yellow, quark:pike_trophies, chisel:tyrian, minecraft:oak_logs, forge:storage_blocks/neptunium, forge:barrels, chisel:concrete/red, forge:ores/lapis, alexsmobs:mungus_replace_nether, chisel:coal, forge:dirt, minecraft:bamboo_plantable_on, chisel:concrete/brown, quark:lead_connectable, minecraft:pressure_plates, create:windowable, minecraft:jungle_logs, forge:chests/ender, minecraft:spruce_logs, forge:fence_gates/wooden, vs_eureka:ship_helms, minecraft:mineable/axe, forge:glass_panes/lime, create:windmill_sails, sereneseasons:spring_crops, outer_end:crystal_blocks, chisel:wool/pink, cataclysm:ignis_immune, minecraft:flowers, alexsmobs:void_worm_breakables, minecraft:planks, chisel:concrete/orange, forge:cobblestone, chisel:terracotta, chisel:carpet/light_gray, chisel:stone_bricks, outer_end:crystal_crag_foliage, chisel:quartz, alexsmobs:soul_vulture_perches, chisel:cobblestone, chisel:basalt, forge:storage_blocks/gold, minecraft:fence_gates, forge:ores, cataclysm:endermaptera_can_not_spawn, chisel:concrete/pink, forge:fences, chisel:bricks, forge:storage_blocks/diamond, minecraft:nylium, alexsmobs:warped_mosco_breakables, chisel:concrete/white, chisel:carpet/green, supplementaries:hang_from_ropes, chisel:concrete/magenta, supplementaries:bellows_tickable, chisel:carpet/gray]
[20Apr2025 11:52:08.150] [Thread-0/INFO] [STDOUT/]: [tschipp.carryon.common.handler.ListHandler:initConfigLists:282]: [forge:glass_panes/magenta, forge:ores/biotite, cavesandcliffs:features_cannot_replace, quark:planks_vertical_slab, quark:stools, forge:storage_blocks/netherite, forge:glass_panes/white, chisel:diorite, supplementaries:beams, toms_storage:remote_activate, forge:glass_panes/light_gray, alexsmobs:roadrunner_spawns, chisel:purpur, quark:candles, minecraft:dragon_immune, farmersdelight:heat_sources, forge:glass/pink, forge:chests, forge:storage_blocks/emerald, forge:ores/redstone, forge:glass/red, chiselsandbits:chiselable/forced, chisel:sandstone, chisel:planks/jungle, forge:glass_panes/green, carryon:block_blacklist, chisel:concrete/black, minecraft:prevent_mob_spawning_inside, forge:fiber, forge:chests/trapped, forge:fence_gates, cataclysm:altar_destroy_immune, forge:sandstone, forge:storage_blocks/copper, forge:glass_panes/colorless, chiselsandbits:chiseled/block, chisel:planks/oak, cavesandcliffs:deepslate_ore_replaceables, chisel:wool/black, forge:storage_blocks/lapis, minecraft:beds, forge:ores/diamond, chisel:concrete/light_gray, minecraft:doors, cavesandcliffs:stone_ore_replaceables, chisel:metals/aluminum, minecraft:infiniburn_overworld, minecraft:flower_pots, toms_storage:trims, supplementaries:posts, chisel:carpet/pink, alexsmobs:seal_digables, forge:glass/white, forge:glass_panes/red, minecraft:signs, farmersdelight:mushroom_colony_growable_on, minecraft:wither_summon_base_blocks, alexsmobs:mimic_octopus_spawns, minecraft:hoglin_repellents, outer_end:crystal_buds, chisel:concrete/blue, create:fan_transparent, chisel:emerald, chisel:laboratory, mineminenomi:kairoseki, forge:sand/colorless, alexsmobs:komodo_dragon_spawns, alexsmobs:mantis_shrimp_spawns, chisel:marble, minecraft:soul_speed_blocks, forge:storage_blocks/charcoal, outer_end:end_plantable_on, alexsmobs:lobster_spawns, tconstruct:slimy_logs, minecraft:walls, minecraft:coral_blocks, forge:glass/green, alexsmobs:cachalot_whale_breakables, chisel:planks/dark_oak, chisel:wool/light_blue, mineminenomi:nophase, minecraft:underwater_bonemeals, minecraft:impermeable, minecraft:sand, forge:end_stones, chisel:glowstone, forge:wg_stone, supplementaries:walls, cavesandcliffs:occludes_vibration_signals, forge:fences/wooden, sereneseasons:summer_crops, minecraft:campfires, supplementaries:vine_support, forge:storage_blocks, minecraft:infiniburn_nether, forge:glass_panes/orange, chisel:concrete/lime, forge:ores/quartz, chisel:carpet/brown, forge:glass/blue, minecraft:wooden_trapdoors, create:valve_handles, forge:storage_blocks/coal, forge:glass/light_blue, jade:pick, forge:storage_blocks/redstone, chisel:wool/orange, chisel:carpet/magenta, minecraft:stairs, alexsmobs:grizzly_beehive, quark:underground_biome_replaceable, sereneseasons:unbreakable_infertile_crops, minecraft:logs, chisel:wool/blue, lootr:shulkers, chisel:mossy_cobblestone, alexsmobs:crocodile_spawns, minecraft:valid_spawn, minecraft:mushroom_grow_block, chisel:redstone, quark:wraith_spawnable, minecraft:wooden_doors, sereneseasons:autumn_crops, forge:glass/purple, quark:slime_blocks, minecraft:crimson_stems, quark:vertical_slab, quark:hedges, alexsmobs:gorilla_breakables, cavesandcliffs:small_dripleaf_placeable, cataclysm:ender_guardian_can_destroy, minecraft:beacon_base_blocks, alexsmobs:orca_breakables, chisel:end_stone, chisel:charcoal, minecraft:anvil, chisel:concrete/yellow, forge:sand, sereneseasons:greenhouse_glass, minecraft:wall_corals, alexsmobs:elephant_foodblocks, chisel:carpet/lime, lootr:chests, forge:ores/gold, minecraft:piglin_repellents, forge:glass/black, minecraft:portals, chisel:carpet/purple, forge:fences/nether_brick, forge:glass/lime, forge:chests/wooden, forge:ores/iron, chisel:metals/bronze, chisel:prismarine, forge:storage_blocks/biotite, cataclysm:netherite_monstrosity_immune, minecraft:wooden_stairs, minecraft:carpets, minecraft:base_stone_overworld, chisel:wool/lime, minecraft:wooden_buttons, cavesandcliffs:inside_step_sound_blocks, quark:crystal, alexsmobs:crow_foodblocks, minecraft:stone_bricks, forge:storage_blocks/quartz, forge:glass/orange, chisel:antiblock, endrem:end_crystal_gen, vs_eureka:balloons, minecraft:slabs, minecraft:guarded_by_piglins, forge:ores/emerald, chisel:planks/acacia, chiselsandbits:chiselable/blocked, cataclysm:ender_golem_can_destroy, minecraft:buttons, minecraft:corals, quark:foxhound_spawnable, lootr:containers, minecraft:rails, forge:barrels/wooden, chisel:carpet/light_blue, minecraft:strider_warm_blocks, minecraft:bee_growables, minecraft:wooden_pressure_plates, chisel:carpet/orange, create:brittle, chisel:carpet/blue, minecraft:tall_flowers, forge:bookshelves, minecraft:stone_pressure_plates, supplementaries:concrete_powders, cavesandcliffs:lush_ground_replaceable, minecraft:gold_ores, supplementaries:palisades, forge:glass_panes/pink, chisel:carpet/white, forge:netherrack, chisel:concrete/green, chisel:factory, chisel:granite, create:non_movable, minecraft:soul_fire_base_blocks, forge:crops/flax, platform:stone_ore_replaceables, farmersdelight:unaffected_by_rich_soil, mineminenomi:mangrove_logs, chisel:red_sandstone, chisel:concrete/light_blue, cataclysm:netherite_monstrosity_break, chisel:wool/cyan, forge:gravel, forge:glass_panes/cyan, minecraft:wool, forge:glass/colorless, forge:glass_panes/light_blue, minecraft:beehives, minecraft:ice, forge:ores/zinc, forge:ores/netherite_scrap, minecraft:crops, alexsmobs:alligator_snapping_turtle_spawns, quark:quilted_wools, forge:fiber/flax, forge:stained_glass, chisel:carpet/black, minecraft:warped_stems, chisel:carpet/cyan, forge:storage_blocks/iron, create:seats, forge:glass_panes/brown, cavesandcliffs:candles, create:wrench_pickup, cavesandcliffs:crystal_sound_blocks, minecraft:climbable, minecraft:dark_oak_logs, farmersdelight:compost_activators, quark:ladders, minecraft:coral_plants, farmersdelight:tray_heat_sources, forge:glass_panes, minecraft:non_flammable_wood, chisel:planks/spruce, framedblocks:frameable, alexsmobs:drops_bananas, chisel:concrete/cyan, create:safe_nbt, cavesandcliffs:cauldrons, chisel:carpet/red, supplementaries:pane_connection, minecraft:fences, minecraft:saplings, forge:ores/copper, minecraft:mineable/pickaxe, chisel:futura, minecraft:unstable_bottom_center, minecraft:enderman_holdable, minecraft:banners, minecraft:wooden_fences, alexsmobs:rattlesnake_spawns, minecraft:wall_post_override, forge:obsidian, forge:enderman_place_on_blacklist, platform:features_cannot_replace, alexsmobs:kangaroo_spawns, chisel:wool/green, chisel:limestone, supplementaries:pouring_tank, forge:glass/magenta, forge:ores/coal, minecraft:fire, chisel:concrete/gray, cavesandcliffs:cave_vines, minecraft:base_stone_nether, chisel:wool/red, minecraft:wall_signs, quark:vertical_slabs, carryon:block_whitelist, chisel:wool/purple, alexsmobs:drops_acacia_blossoms, forge:storage_blocks/end_crystal, chisel:planks/birch, minecraft:trapdoors, forge:glass/cyan, lootr:barrels, alexsmobs:crow_fears, framedblocks:blacklisted, quark:crab_spawnable, forge:glass, chisel:wool/gray, minecraft:leaves, chisel:wool/white, forge:storage_blocks/brass, forge:ores/end_crystal, forge:glass_panes/gray, minecraft:wither_immune, chisel:wool/light_gray, minecraft:acacia_logs, cataclysm:ignis_can_destroy_cracked_block, platform:carvers_can_replace, forge:stained_glass_panes, forge:storage_blocks/zinc, forge:sand/red, alexsmobs:emu_spawns, forge:glass/brown, create:sails, minecraft:logs_that_burn, minecraft:mineable/hoe, forge:glass/gray, forge:glass/light_gray, cavesandcliffs:moss_replaceable, minecraft:wooden_slabs, alexsmobs:platypus_spawns, create:toolboxes, minecraft:small_flowers, cavesandcliffs:geode_invalid_blocks, lootr:trapped_chests, forge:glass_panes/black, chisel:andesite, farmersdelight:wild_crops, outer_end:azure_foliage, supplementaries:rope_support, sereneseasons:winter_crops, forge:glass_panes/blue, chisel:concrete/purple, supplementaries:water_holder, forge:stone, chisel:wool/brown, minecraft:standing_signs, minecraft:infiniburn_end, forge:glass_panes/yellow, chisel:carpet/yellow, cavesandcliffs:dripstone_replaceable_blocks, alexsmobs:soul_vulture_spawns, chisel:wool/yellow, minecraft:wart_blocks, alexsmobs:leafcutter_ant_breakables, farmersdelight:heat_conductors, cavesandcliffs:snow, mineminenomi:rusty, alexsmobs:seal_spawns, minecraft:shulker_boxes, alexsmobs:mungus_replace_mushroom, minecraft:birch_logs, create:fan_heaters, platform:dirt, chisel:wool/magenta, cavesandcliffs:candle_cakes, forge:glass_panes/purple, forge:glass/yellow, quark:pike_trophies, chisel:tyrian, minecraft:oak_logs, forge:storage_blocks/neptunium, forge:barrels, chisel:concrete/red, forge:ores/lapis, alexsmobs:mungus_replace_nether, chisel:coal, forge:dirt, minecraft:bamboo_plantable_on, chisel:concrete/brown, quark:lead_connectable, minecraft:pressure_plates, create:windowable, minecraft:jungle_logs, forge:chests/ender, minecraft:spruce_logs, forge:fence_gates/wooden, vs_eureka:ship_helms, minecraft:mineable/axe, forge:glass_panes/lime, create:windmill_sails, sereneseasons:spring_crops, outer_end:crystal_blocks, chisel:wool/pink, cataclysm:ignis_immune, minecraft:flowers, alexsmobs:void_worm_breakables, minecraft:planks, chisel:concrete/orange, forge:cobblestone, chisel:terracotta, chisel:carpet/light_gray, chisel:stone_bricks, outer_end:crystal_crag_foliage, chisel:quartz, alexsmobs:soul_vulture_perches, chisel:cobblestone, chisel:basalt, forge:storage_blocks/gold, minecraft:fence_gates, forge:ores, cataclysm:endermaptera_can_not_spawn, chisel:concrete/pink, forge:fences, chisel:bricks, forge:storage_blocks/diamond, minecraft:nylium, alexsmobs:warped_mosco_breakables, chisel:concrete/white, chisel:carpet/green, supplementaries:hang_from_ropes, chisel:concrete/magenta, supplementaries:bellows_tickable, chisel:carpet/gray]
[20Apr2025 11:52:08.453] [Server thread/INFO] [net.minecraft.server.dedicated.DedicatedServer/]: Preparing level "world"
[20Apr2025 11:52:09.132] [Server thread/INFO] [net.minecraft.server.MinecraftServer/]: Preparing start region for dimension minecraft:overworld
[20Apr2025 11:52:11.416] [Server thread/INFO] [net.minecraft.world.chunk.listener.LoggingChunkStatusListener/]: Preparing spawn area: 0%
[20Apr2025 11:52:11.417] [Server thread/INFO] [net.minecraft.world.chunk.listener.LoggingChunkStatusListener/]: Preparing spawn area: 0%
[20Apr2025 11:52:11.417] [Server thread/INFO] [net.minecraft.world.chunk.listener.LoggingChunkStatusListener/]: Preparing spawn area: 0%
[20Apr2025 11:52:11.417] [Server thread/INFO] [net.minecraft.world.chunk.listener.LoggingChunkStatusListener/]: Preparing spawn area: 0%
[20Apr2025 11:52:11.418] [Server thread/INFO] [net.minecraft.world.chunk.listener.LoggingChunkStatusListener/]: Preparing spawn area: 0%
[20Apr2025 11:52:11.654] [Server thread/INFO] [net.minecraft.world.chunk.listener.LoggingChunkStatusListener/]: Preparing spawn area: 0%
[20Apr2025 11:52:12.510] [Server thread/INFO] [net.minecraft.world.chunk.listener.LoggingChunkStatusListener/]: Time elapsed: 3377 ms
[20Apr2025 11:52:12.512] [Server thread/INFO] [net.minecraft.server.dedicated.DedicatedServer/]: Done (4.383s)! For help, type "help"
[20Apr2025 11:52:12.578] [Server thread/INFO] [net.ncpbails.culturaldelights.CulturalDelights/]: HELLO from server starting
[20Apr2025 11:52:12.662] [Server thread/INFO] [net.minecraftforge.common.AdvancementLoadFix/]: Using new advancement loading for net.minecraft.advancements.PlayerAdvancements@be9eaf8
[20Apr2025 11:52:12.706] [Server thread/WARN] [voicechat/]: [voicechat] Running in offline mode - Voice chat encryption is not secure!
[20Apr2025 11:52:12.720] [VoiceChatServerThread/ERROR] [voicechat/]: [voicechat] Failed to bind to address '100.93.34.92', binding to wildcard IP instead
[20Apr2025 11:52:12.722] [VoiceChatServerThread/INFO] [voicechat/]: [voicechat] Voice chat server started at 100.93.34.92:24454
[20Apr2025 11:52:15.898] [Server thread/WARN] [net.minecraft.server.MinecraftServer/]: Can't keep up! Is the server overloaded? Running 2087ms or 41 ticks behind
[20Apr2025 11:52:33.393] [Server thread/INFO] [net.minecraftforge.common.AdvancementLoadFix/]: Using new advancement loading for net.minecraft.advancements.PlayerAdvancements@2506e829
[20Apr2025 11:52:33.458] [Server thread/INFO] [net.minecraft.server.management.PlayerList/]: marcosbigpapa[/100.114.182.96:52327] logged in with entity id 239 at (863.3363881266409, 31.0, 2110.1175744562747)
[20Apr2025 11:52:33.481] [Server thread/INFO] [net.minecraft.server.dedicated.DedicatedServer/]: marcosbigpapa joined the game
[20Apr2025 11:52:33.594] [Server thread/INFO] [Waila/]: Syncing config to marcosbigpapa (e3c5c6ef-cb96-39e5-9dd0-560e78ee3a3e)
[20Apr2025 11:52:33.652] [Server thread/INFO] [me.edoren.skin_changer.server.SkinProviderController/]: Player marcosbigpapa just logged in with id e3c5c6ef-cb96-39e5-9dd0-560e78ee3a3e
[20Apr2025 11:52:33.674] [ForkJoinPool-4-worker-3/INFO] [me.edoren.skin_changer.server.SkinProviderController/]: Loading local skin for player marcosbigpapa[e3c5c6ef-cb96-39e5-9dd0-560e78ee3a3e]
[20Apr2025 11:52:33.675] [ForkJoinPool-4-worker-3/INFO] [me.edoren.skin_changer.common.NetworkUtils/]: Downloading file https://playerdb.co/api/player/minecraft/marcosbigpapa
[20Apr2025 11:52:33.754] [ForkJoinPool-4-worker-3/INFO] [me.edoren.skin_changer.common.NetworkUtils/]: File https://playerdb.co/api/player/minecraft/marcosbigpapa downloaded
[20Apr2025 11:52:33.755] [ForkJoinPool-4-worker-3/INFO] [me.edoren.skin_changer.common.NetworkUtils/]: Downloading file https://crafatar.com/capes/25f9ad3f-1654-4303-9fb9-dba1cce5f850
[20Apr2025 11:52:34.093] [Server thread/INFO] [com.alrex.parcool.ParCool/]: Limitation of e3c5c6ef-cb96-39e5-9dd0-560e78ee3a3e was loaded
[20Apr2025 11:52:34.097] [Server thread/INFO] [voicechat/]: [voicechat] Received secret request of marcosbigpapa (18)
[20Apr2025 11:52:34.100] [Server thread/INFO] [voicechat/]: [voicechat] Sent secret to marcosbigpapa
[20Apr2025 11:52:38.225] [VoiceChatPacketProcessingThread/INFO] [voicechat/]: [voicechat] Successfully authenticated player e3c5c6ef-cb96-39e5-9dd0-560e78ee3a3e
[20Apr2025 11:52:39.220] [VoiceChatPacketProcessingThread/INFO] [voicechat/]: [voicechat] Successfully validated connection of player e3c5c6ef-cb96-39e5-9dd0-560e78ee3a3e
[20Apr2025 11:52:39.226] [VoiceChatPacketProcessingThread/INFO] [voicechat/]: [voicechat] Player marcosbigpapa (e3c5c6ef-cb96-39e5-9dd0-560e78ee3a3e) successfully connected to voice chat
[20Apr2025 11:52:51.823] [Server thread/INFO] [net.minecraftforge.common.AdvancementLoadFix/]: Using new advancement loading for net.minecraft.advancements.PlayerAdvancements@7e52b96e
[20Apr2025 11:52:51.894] [Server thread/INFO] [net.minecraft.server.management.PlayerList/]: Freacklock[/100.121.40.72:62137] logged in with entity id 386 at (-10737.408222146021, 12.0, -4988.949999988079)
[20Apr2025 11:52:51.900] [Server thread/INFO] [net.minecraft.server.dedicated.DedicatedServer/]: Freacklock joined the game
[20Apr2025 11:52:51.940] [Server thread/INFO] [Waila/]: Syncing config to Freacklock (f32b1d7a-5eef-3918-8041-62708bf3cf92)
[20Apr2025 11:52:51.955] [Server thread/INFO] [me.edoren.skin_changer.server.SkinProviderController/]: Player Freacklock just logged in with id f32b1d7a-5eef-3918-8041-62708bf3cf92
[20Apr2025 11:52:51.964] [ForkJoinPool-4-worker-3/INFO] [me.edoren.skin_changer.server.SkinProviderController/]: Loading local skin for player Freacklock[f32b1d7a-5eef-3918-8041-62708bf3cf92]
[20Apr2025 11:52:51.964] [ForkJoinPool-4-worker-3/INFO] [me.edoren.skin_changer.common.NetworkUtils/]: Downloading file https://playerdb.co/api/player/minecraft/Freacklock
[20Apr2025 11:52:52.020] [ForkJoinPool-4-worker-3/INFO] [me.edoren.skin_changer.common.NetworkUtils/]: File https://playerdb.co/api/player/minecraft/Freacklock downloaded
[20Apr2025 11:52:52.020] [ForkJoinPool-4-worker-3/INFO] [me.edoren.skin_changer.common.NetworkUtils/]: Downloading file https://crafatar.com/capes/cd99f4ef-6f60-4c48-ab18-6b4a50132fd1
[20Apr2025 11:52:52.435] [Server thread/INFO] [voicechat/]: [voicechat] Received secret request of Freacklock (18)
[20Apr2025 11:52:52.436] [Server thread/INFO] [voicechat/]: [voicechat] Sent secret to Freacklock
[20Apr2025 11:52:52.543] [Server thread/INFO] [com.alrex.parcool.ParCool/]: Limitation of f32b1d7a-5eef-3918-8041-62708bf3cf92 was loaded
[20Apr2025 11:52:54.512] [VoiceChatPacketProcessingThread/INFO] [voicechat/]: [voicechat] Successfully authenticated player f32b1d7a-5eef-3918-8041-62708bf3cf92
[20Apr2025 11:52:55.512] [VoiceChatPacketProcessingThread/INFO] [voicechat/]: [voicechat] Successfully validated connection of player f32b1d7a-5eef-3918-8041-62708bf3cf92
[20Apr2025 11:52:55.513] [VoiceChatPacketProcessingThread/INFO] [voicechat/]: [voicechat] Player Freacklock (f32b1d7a-5eef-3918-8041-62708bf3cf92) successfully connected to voice chat
[20Apr2025 11:53:06.537] [Server thread/INFO] [net.minecraft.server.dedicated.DedicatedServer/]: <marcosbigpapa> gracias dios de bucaneros
[20Apr2025 11:53:08.634] [Worker-Main-6/INFO] [bettercaves/]: CREATING AND INIT'ING CARVER W DIMENSION minecraft:overworld...
[20Apr2025 11:53:08.636] [Worker-Main-6/INFO] [bettercaves/]: Better Caves config file for dimension minecraft:overworld not found. Using global config...
[20Apr2025 11:53:08.679] [Worker-Main-6/INFO] [bettercaves/]: Using block 'minecraft:lava' as lava in cave generation for dimension minecraft:overworld
[20Apr2025 11:53:08.680] [Worker-Main-6/INFO] [bettercaves/]: Using block 'Block{minecraft:water}[level=0]' as water in cave generation for dimension minecraft:overworld
[20Apr2025 11:53:17.002] [Server thread/WARN] [net.minecraft.server.MinecraftServer/]: Can't keep up! Is the server overloaded? Running 2041ms or 40 ticks behind
[20Apr2025 11:53:31.406] [Server thread/INFO] [net.minecraftforge.common.AdvancementLoadFix/]: Using new advancement loading for net.minecraft.advancements.PlayerAdvancements@59d68aff
[20Apr2025 11:53:31.449] [Server thread/INFO] [net.minecraft.server.management.PlayerList/]: imsxs[/100.91.3.75:65046] logged in with entity id 982 at (-10226.75762139984, 55.04956405646581, -5013.272581661076)
[20Apr2025 11:53:31.453] [Server thread/INFO] [net.minecraft.server.dedicated.DedicatedServer/]: imsxs joined the game
[20Apr2025 11:53:32.424] [Server thread/INFO] [Waila/]: Syncing config to imsxs (3172747b-348a-3cb7-90bb-f09910bd964f)
[20Apr2025 11:53:32.434] [Server thread/INFO] [me.edoren.skin_changer.server.SkinProviderController/]: Player imsxs just logged in with id 3172747b-348a-3cb7-90bb-f09910bd964f
[20Apr2025 11:53:32.441] [ForkJoinPool-4-worker-3/INFO] [me.edoren.skin_changer.server.SkinProviderController/]: Loading local skin for player imsxs[3172747b-348a-3cb7-90bb-f09910bd964f]
[20Apr2025 11:53:32.441] [ForkJoinPool-4-worker-3/INFO] [me.edoren.skin_changer.common.NetworkUtils/]: Downloading file https://playerdb.co/api/player/minecraft/imsxs
[20Apr2025 11:53:32.452] [Server thread/INFO] [voicechat/]: [voicechat] Received secret request of imsxs (18)
[20Apr2025 11:53:32.452] [Server thread/INFO] [voicechat/]: [voicechat] Sent secret to imsxs
[20Apr2025 11:53:32.499] [ForkJoinPool-4-worker-3/INFO] [me.edoren.skin_changer.common.NetworkUtils/]: File https://playerdb.co/api/player/minecraft/imsxs downloaded
[20Apr2025 11:53:32.499] [ForkJoinPool-4-worker-3/INFO] [me.edoren.skin_changer.common.NetworkUtils/]: Downloading file https://crafatar.com/capes/138b6212-14da-4be6-8bfb-6b3a2d7f514f
[20Apr2025 11:53:32.657] [Server thread/INFO] [com.alrex.parcool.ParCool/]: Limitation of 3172747b-348a-3cb7-90bb-f09910bd964f was loaded
[20Apr2025 11:53:34.112] [VoiceChatPacketProcessingThread/INFO] [voicechat/]: [voicechat] Successfully authenticated player 3172747b-348a-3cb7-90bb-f09910bd964f
[20Apr2025 11:53:35.112] [VoiceChatPacketProcessingThread/INFO] [voicechat/]: [voicechat] Successfully validated connection of player 3172747b-348a-3cb7-90bb-f09910bd964f
[20Apr2025 11:53:35.114] [VoiceChatPacketProcessingThread/INFO] [voicechat/]: [voicechat] Player imsxs (3172747b-348a-3cb7-90bb-f09910bd964f) successfully connected to voice chat
[20Apr2025 11:53:43.551] [Server thread/WARN] [net.minecraft.server.MinecraftServer/]: Can't keep up! Is the server overloaded? Running 11590ms or 231 ticks behind
[20Apr2025 11:54:05.599] [Server thread/WARN] [net.minecraft.server.MinecraftServer/]: Can't keep up! Is the server overloaded? Running 7088ms or 141 ticks behind
[20Apr2025 11:54:24.781] [Server thread/WARN] [net.minecraft.server.MinecraftServer/]: Can't keep up! Is the server overloaded? Running 4220ms or 84 ticks behind
[20Apr2025 11:54:44.153] [Server thread/WARN] [net.minecraft.server.MinecraftServer/]: Can't keep up! Is the server overloaded? Running 4392ms or 87 ticks behind
[20Apr2025 11:55:02.982] [Server thread/WARN] [net.minecraft.server.MinecraftServer/]: Can't keep up! Is the server overloaded? Running 3872ms or 77 ticks behind
[20Apr2025 11:55:21.855] [Server thread/WARN] [net.minecraft.server.MinecraftServer/]: Can't keep up! Is the server overloaded? Running 3894ms or 77 ticks behind
[20Apr2025 11:55:41.981] [Server thread/WARN] [net.minecraft.server.MinecraftServer/]: Can't keep up! Is the server overloaded? Running 5170ms or 103 ticks behind
[20Apr2025 11:56:01.219] [Server thread/WARN] [net.minecraft.server.MinecraftServer/]: Can't keep up! Is the server overloaded? Running 4258ms or 85 ticks behind
[20Apr2025 11:56:19.602] [Server thread/WARN] [net.minecraft.server.MinecraftServer/]: Can't keep up! Is the server overloaded? Running 3391ms or 67 ticks behind
[20Apr2025 11:56:37.239] [Server thread/WARN] [net.minecraft.server.MinecraftServer/]: Can't keep up! Is the server overloaded? Running 2678ms or 53 ticks behind
[20Apr2025 11:56:55.772] [Server thread/WARN] [net.minecraft.server.MinecraftServer/]: Can't keep up! Is the server overloaded? Running 3561ms or 71 ticks behind
[20Apr2025 11:57:13.346] [Server thread/WARN] [net.minecraft.server.MinecraftServer/]: Can't keep up! Is the server overloaded? Running 2585ms or 51 ticks behind
[20Apr2025 11:57:30.726] [Server thread/WARN] [net.minecraft.server.MinecraftServer/]: Can't keep up! Is the server overloaded? Running 2415ms or 48 ticks behind
[20Apr2025 11:57:48.530] [Server thread/WARN] [net.minecraft.server.MinecraftServer/]: Can't keep up! Is the server overloaded? Running 2819ms or 56 ticks behind
[20Apr2025 11:58:06.094] [Server thread/WARN] [net.minecraft.server.MinecraftServer/]: Can't keep up! Is the server overloaded? Running 2583ms or 51 ticks behind
[20Apr2025 11:58:27.551] [Server thread/WARN] [net.minecraft.server.MinecraftServer/]: Can't keep up! Is the server overloaded? Running 6491ms or 129 ticks behind
[20Apr2025 11:58:46.230] [Server thread/WARN] [net.minecraft.server.MinecraftServer/]: Can't keep up! Is the server overloaded? Running 3719ms or 74 ticks behind
[20Apr2025 11:59:03.717] [Server thread/WARN] [net.minecraft.server.MinecraftServer/]: Can't keep up! Is the server overloaded? Running 2506ms or 50 ticks behind
[20Apr2025 11:59:22.069] [Server thread/WARN] [net.minecraft.server.MinecraftServer/]: Can't keep up! Is the server overloaded? Running 2008ms or 40 ticks behind
[20Apr2025 11:59:39.442] [Server thread/WARN] [net.minecraft.server.MinecraftServer/]: Can't keep up! Is the server overloaded? Running 2381ms or 47 ticks behind
[20Apr2025 11:59:58.333] [Server thread/WARN] [net.minecraft.server.MinecraftServer/]: Can't keep up! Is the server overloaded? Running 3923ms or 78 ticks behind
[20Apr2025 12:00:16.056] [Server thread/WARN] [net.minecraft.server.MinecraftServer/]: Can't keep up! Is the server overloaded? Running 2745ms or 54 ticks behind
[20Apr2025 12:00:33.047] [Server thread/WARN] [net.minecraft.server.MinecraftServer/]: Can't keep up! Is the server overloaded? Running 2036ms or 40 ticks behind
[20Apr2025 12:00:50.964] [Server thread/WARN] [net.minecraft.server.MinecraftServer/]: Can't keep up! Is the server overloaded? Running 2003ms or 40 ticks behind
[20Apr2025 12:01:22.149] [Server thread/WARN] [net.minecraft.server.MinecraftServer/]: Can't keep up! Is the server overloaded? Running 2088ms or 41 ticks behind
[20Apr2025 12:01:39.912] [Server thread/WARN] [net.minecraft.server.MinecraftServer/]: Can't keep up! Is the server overloaded? Running 2001ms or 40 ticks behind
[20Apr2025 12:02:18.714] [Server thread/WARN] [net.minecraft.server.MinecraftServer/]: Can't keep up! Is the server overloaded? Running 2003ms or 40 ticks behind
[20Apr2025 12:02:42.326] [Server thread/WARN] [net.minecraft.server.MinecraftServer/]: Can't keep up! Is the server overloaded? Running 2065ms or 41 ticks behind
[20Apr2025 12:03:06.776] [Server thread/WARN] [net.minecraft.server.MinecraftServer/]: Can't keep up! Is the server overloaded? Running 2015ms or 40 ticks behind
[20Apr2025 12:03:30.687] [Server thread/WARN] [net.minecraft.server.MinecraftServer/]: Can't keep up! Is the server overloaded? Running 2026ms or 40 ticks behind
[20Apr2025 12:03:37.729] [Server thread/INFO] [net.minecraft.server.dedicated.DedicatedServer/]: [imsxs: Removed Devil Fruit for imsxs]
[20Apr2025 12:04:03.682] [Server thread/WARN] [net.minecraft.server.MinecraftServer/]: Can't keep up! Is the server overloaded? Running 3071ms or 61 ticks behind
[20Apr2025 12:04:25.169] [Server thread/WARN] [net.minecraft.server.MinecraftServer/]: Can't keep up! Is the server overloaded? Running 2008ms or 40 ticks behind
[20Apr2025 12:04:53.876] [Server thread/WARN] [net.minecraft.server.MinecraftServer/]: Can't keep up! Is the server overloaded? Running 2016ms or 40 ticks behind
[20Apr2025 12:05:21.076] [Server thread/WARN] [net.minecraft.server.MinecraftServer/]: Can't keep up! Is the server overloaded? Running 2015ms or 40 ticks behind
[20Apr2025 12:05:40.662] [Server thread/WARN] [net.minecraft.server.MinecraftServer/]: Can't keep up! Is the server overloaded? Running 2001ms or 40 ticks behind
[20Apr2025 12:05:56.319] [Server thread/INFO] [net.minecraft.server.dedicated.DedicatedServer/]: No entity was found
[20Apr2025 12:05:58.129] [Server thread/WARN] [net.minecraft.server.MinecraftServer/]: Can't keep up! Is the server overloaded? Running 2468ms or 49 ticks behind
[20Apr2025 12:06:15.284] [Server thread/WARN] [net.minecraft.server.MinecraftServer/]: Can't keep up! Is the server overloaded? Running 2173ms or 43 ticks behind
[20Apr2025 12:06:23.965] [Server thread/INFO] [net.minecraft.server.dedicated.DedicatedServer/]: No entity was found
[20Apr2025 12:06:32.872] [Server thread/WARN] [net.minecraft.server.MinecraftServer/]: Can't keep up! Is the server overloaded? Running 2611ms or 52 ticks behind
[20Apr2025 12:06:49.903] [Server thread/WARN] [net.minecraft.server.MinecraftServer/]: Can't keep up! Is the server overloaded? Running 2042ms or 40 ticks behind
[20Apr2025 12:07:10.267] [Server thread/WARN] [net.minecraft.server.MinecraftServer/]: Can't keep up! Is the server overloaded? Running 2056ms or 41 ticks behind
[20Apr2025 12:07:53.684] [Server thread/WARN] [net.minecraft.server.MinecraftServer/]: Can't keep up! Is the server overloaded? Running 2023ms or 40 ticks behind
[20Apr2025 12:08:21.617] [Server thread/WARN] [net.minecraft.server.MinecraftServer/]: Can't keep up! Is the server overloaded? Running 2006ms or 40 ticks behind
[20Apr2025 12:08:48.020] [Server thread/WARN] [net.minecraft.server.MinecraftServer/]: Can't keep up! Is the server overloaded? Running 2010ms or 40 ticks behind
[20Apr2025 12:09:09.914] [Server thread/WARN] [net.minecraft.server.MinecraftServer/]: Can't keep up! Is the server overloaded? Running 2003ms or 40 ticks behind
[20Apr2025 12:09:27.828] [Server thread/WARN] [net.minecraft.server.MinecraftServer/]: Can't keep up! Is the server overloaded? Running 2017ms or 40 ticks behind
[20Apr2025 12:09:42.142] [Server thread/INFO] [net.minecraft.server.dedicated.DedicatedServer/]: Freacklock has made the advancement [Chest Slayer]
[20Apr2025 12:09:45.618] [Server thread/WARN] [net.minecraft.server.MinecraftServer/]: Can't keep up! Is the server overloaded? Running 2807ms or 56 ticks behind
[20Apr2025 12:10:09.200] [Server thread/INFO] [net.minecraft.server.dedicated.DedicatedServer/]: Freacklock has completed the challenge [Centennial]
[20Apr2025 12:10:20.966] [Server thread/WARN] [net.minecraft.server.MinecraftServer/]: Can't keep up! Is the server overloaded? Running 2005ms or 40 ticks behind
[20Apr2025 12:11:03.068] [Server thread/WARN] [net.minecraft.server.MinecraftServer/]: Can't keep up! Is the server overloaded? Running 2007ms or 40 ticks behind
[20Apr2025 12:11:23.087] [Server thread/WARN] [net.minecraft.server.MinecraftServer/]: Can't keep up! Is the server overloaded? Running 5026ms or 100 ticks behind
[20Apr2025 12:11:46.117] [Server thread/WARN] [net.minecraft.server.MinecraftServer/]: Can't keep up! Is the server overloaded? Running 2006ms or 40 ticks behind
[20Apr2025 12:12:03.450] [Server thread/WARN] [net.minecraft.server.MinecraftServer/]: Can't keep up! Is the server overloaded? Running 2339ms or 46 ticks behind
[20Apr2025 12:12:26.124] [Server thread/WARN] [net.minecraft.server.MinecraftServer/]: Can't keep up! Is the server overloaded? Running 2014ms or 40 ticks behind
[20Apr2025 12:12:46.814] [Server thread/WARN] [net.minecraft.server.MinecraftServer/]: Can't keep up! Is the server overloaded? Running 2003ms or 40 ticks behind
[20Apr2025 12:13:03.818] [Server thread/WARN] [net.minecraft.server.MinecraftServer/]: Can't keep up! Is the server overloaded? Running 2007ms or 40 ticks behind
[20Apr2025 12:13:21.010] [Server thread/WARN] [net.minecraft.server.MinecraftServer/]: Can't keep up! Is the server overloaded? Running 2199ms or 43 ticks behind
[20Apr2025 12:13:40.262] [Server thread/WARN] [net.minecraft.server.MinecraftServer/]: Can't keep up! Is the server overloaded? Running 2001ms or 40 ticks behind
[20Apr2025 12:13:57.326] [Server thread/WARN] [net.minecraft.server.MinecraftServer/]: Can't keep up! Is the server overloaded? Running 2065ms or 41 ticks behind
[20Apr2025 12:14:15.170] [Server thread/WARN] [net.minecraft.server.MinecraftServer/]: Can't keep up! Is the server overloaded? Running 2859ms or 57 ticks behind
[20Apr2025 12:14:42.627] [Server thread/WARN] [net.minecraft.server.MinecraftServer/]: Can't keep up! Is the server overloaded? Running 2016ms or 40 ticks behind
[20Apr2025 12:14:43.761] [Server thread/INFO] [net.minecraftforge.common.AdvancementLoadFix/]: Using new advancement loading for net.minecraft.advancements.PlayerAdvancements@43280ca1
[20Apr2025 12:14:43.790] [Server thread/INFO] [net.minecraft.server.management.PlayerList/]: eldanidani[/100.104.37.94:51163] logged in with entity id 14436 at (863.4181440587514, 31.0, 2113.3797588245234)
[20Apr2025 12:14:43.794] [Server thread/INFO] [net.minecraft.server.dedicated.DedicatedServer/]: eldanidani joined the game
[20Apr2025 12:14:43.802] [Server thread/INFO] [Waila/]: Syncing config to eldanidani (3ac838e5-80f8-31b8-82e4-34ac0c5befe4)
[20Apr2025 12:14:43.812] [Server thread/INFO] [me.edoren.skin_changer.server.SkinProviderController/]: Player eldanidani just logged in with id 3ac838e5-80f8-31b8-82e4-34ac0c5befe4
[20Apr2025 12:14:43.815] [ForkJoinPool-4-worker-3/INFO] [me.edoren.skin_changer.server.SkinProviderController/]: Loading local skin for player eldanidani[3ac838e5-80f8-31b8-82e4-34ac0c5befe4]
[20Apr2025 12:14:43.816] [ForkJoinPool-4-worker-3/INFO] [me.edoren.skin_changer.common.NetworkUtils/]: Downloading file https://playerdb.co/api/player/minecraft/eldanidani
[20Apr2025 12:14:43.900] [ForkJoinPool-4-worker-3/INFO] [me.edoren.skin_changer.common.NetworkUtils/]: File https://playerdb.co/api/player/minecraft/eldanidani downloaded
[20Apr2025 12:14:43.902] [ForkJoinPool-4-worker-3/INFO] [me.edoren.skin_changer.common.NetworkUtils/]: Downloading file https://crafatar.com/capes/1c1d82a4-b89b-446c-a97a-f3c8afaed2c8
[20Apr2025 12:14:44.274] [Server thread/INFO] [voicechat/]: [voicechat] Received secret request of eldanidani (18)
[20Apr2025 12:14:44.274] [Server thread/INFO] [voicechat/]: [voicechat] Sent secret to eldanidani
[20Apr2025 12:14:44.403] [Server thread/INFO] [com.alrex.parcool.ParCool/]: Limitation of 3ac838e5-80f8-31b8-82e4-34ac0c5befe4 was loaded
[20Apr2025 12:14:48.170] [VoiceChatPacketProcessingThread/INFO] [voicechat/]: [voicechat] Successfully authenticated player 3ac838e5-80f8-31b8-82e4-34ac0c5befe4
[20Apr2025 12:14:49.170] [VoiceChatPacketProcessingThread/INFO] [voicechat/]: [voicechat] Successfully validated connection of player 3ac838e5-80f8-31b8-82e4-34ac0c5befe4
[20Apr2025 12:14:49.171] [VoiceChatPacketProcessingThread/INFO] [voicechat/]: [voicechat] Player eldanidani (3ac838e5-80f8-31b8-82e4-34ac0c5befe4) successfully connected to voice chat
[20Apr2025 12:15:03.107] [Server thread/WARN] [net.minecraft.server.MinecraftServer/]: Can't keep up! Is the server overloaded? Running 5496ms or 109 ticks behind
[20Apr2025 12:15:24.503] [Server thread/WARN] [net.minecraft.server.MinecraftServer/]: Can't keep up! Is the server overloaded? Running 6442ms or 128 ticks behind
[20Apr2025 12:15:42.769] [Server thread/WARN] [net.minecraft.server.MinecraftServer/]: Can't keep up! Is the server overloaded? Running 3308ms or 66 ticks behind
[20Apr2025 12:16:02.420] [Server thread/WARN] [net.minecraft.server.MinecraftServer/]: Can't keep up! Is the server overloaded? Running 2009ms or 40 ticks behind
[20Apr2025 12:16:19.661] [Server thread/WARN] [net.minecraft.server.MinecraftServer/]: Can't keep up! Is the server overloaded? Running 2250ms or 45 ticks behind
[20Apr2025 12:16:36.875] [Server thread/WARN] [net.minecraft.server.MinecraftServer/]: Can't keep up! Is the server overloaded? Running 2214ms or 44 ticks behind
[20Apr2025 12:16:54.362] [Server thread/WARN] [net.minecraft.server.MinecraftServer/]: Can't keep up! Is the server overloaded? Running 2501ms or 50 ticks behind
[20Apr2025 12:17:12.166] [Server thread/WARN] [net.minecraft.server.MinecraftServer/]: Can't keep up! Is the server overloaded? Running 2805ms or 56 ticks behind
[20Apr2025 12:17:29.432] [VoiceChatPacketProcessingThread/INFO] [voicechat/]: [voicechat] Player 3ac838e5-80f8-31b8-82e4-34ac0c5befe4 timed out
[20Apr2025 12:17:29.433] [VoiceChatPacketProcessingThread/INFO] [voicechat/]: [voicechat] Reconnecting player eldanidani
[20Apr2025 12:17:29.433] [VoiceChatPacketProcessingThread/INFO] [voicechat/]: [voicechat] Sent secret to eldanidani
[20Apr2025 12:17:30.612] [Server thread/WARN] [net.minecraft.server.MinecraftServer/]: Can't keep up! Is the server overloaded? Running 2001ms or 40 ticks behind
[20Apr2025 12:17:45.397] [Server thread/INFO] [net.minecraft.network.play.ServerPlayNetHandler/]: eldanidani lost connection: Timed out
[20Apr2025 12:17:45.397] [Server thread/INFO] [net.minecraft.server.dedicated.DedicatedServer/]: eldanidani left the game
[20Apr2025 12:17:45.398] [Server thread/INFO] [com.alrex.parcool.ParCool/]: Limitation of 3ac838e5-80f8-31b8-82e4-34ac0c5befe4 was unloaded
[20Apr2025 12:17:45.400] [Server thread/INFO] [voicechat/]: [voicechat] Disconnecting client eldanidani
[20Apr2025 12:17:45.401] [Server thread/INFO] [me.edoren.skin_changer.server.SkinProviderController/]: Removing session data for player eldanidani[3ac838e5-80f8-31b8-82e4-34ac0c5befe4]
[20Apr2025 12:17:45.486] [Server thread/WARN] [net.minecraft.network.NetworkManager/]: handleDisconnection() called twice
[20Apr2025 12:17:47.772] [Server thread/WARN] [net.minecraft.server.MinecraftServer/]: Can't keep up! Is the server overloaded? Running 2161ms or 43 ticks behind
[20Apr2025 12:18:05.914] [Server thread/WARN] [net.minecraft.server.MinecraftServer/]: Can't keep up! Is the server overloaded? Running 2003ms or 40 ticks behind
[20Apr2025 12:18:26.863] [Server thread/WARN] [net.minecraft.server.MinecraftServer/]: Can't keep up! Is the server overloaded? Running 2102ms or 42 ticks behind
[20Apr2025 12:18:45.900] [Server thread/WARN] [net.minecraft.server.MinecraftServer/]: Can't keep up! Is the server overloaded? Running 2039ms or 40 ticks behind
[20Apr2025 12:19:07.120] [Server thread/WARN] [net.minecraft.server.MinecraftServer/]: Can't keep up! Is the server overloaded? Running 2009ms or 40 ticks behind
[20Apr2025 12:19:32.122] [Server thread/WARN] [net.minecraft.server.MinecraftServer/]: Can't keep up! Is the server overloaded? Running 2011ms or 40 ticks behind
[20Apr2025 12:19:52.925] [Server thread/INFO] [net.minecraftforge.common.AdvancementLoadFix/]: Using new advancement loading for net.minecraft.advancements.PlayerAdvancements@302064f6
[20Apr2025 12:19:52.951] [Server thread/INFO] [net.minecraft.server.management.PlayerList/]: eldanidani[/100.104.37.94:52094] logged in with entity id 17720 at (862.9250614016894, 31.0, 2112.383543691814)
[20Apr2025 12:19:52.955] [Server thread/INFO] [net.minecraft.server.dedicated.DedicatedServer/]: eldanidani joined the game
[20Apr2025 12:19:52.989] [Server thread/INFO] [Waila/]: Syncing config to eldanidani (3ac838e5-80f8-31b8-82e4-34ac0c5befe4)
[20Apr2025 12:19:52.997] [Server thread/INFO] [me.edoren.skin_changer.server.SkinProviderController/]: Player eldanidani just logged in with id 3ac838e5-80f8-31b8-82e4-34ac0c5befe4
[20Apr2025 12:19:53.000] [ForkJoinPool-4-worker-3/INFO] [me.edoren.skin_changer.server.SkinProviderController/]: Loading local skin for player eldanidani[3ac838e5-80f8-31b8-82e4-34ac0c5befe4]
[20Apr2025 12:19:53.001] [ForkJoinPool-4-worker-3/INFO] [me.edoren.skin_changer.common.NetworkUtils/]: Downloading file https://playerdb.co/api/player/minecraft/eldanidani
[20Apr2025 12:19:53.050] [ForkJoinPool-4-worker-3/INFO] [me.edoren.skin_changer.common.NetworkUtils/]: File https://playerdb.co/api/player/minecraft/eldanidani downloaded
[20Apr2025 12:19:53.050] [ForkJoinPool-4-worker-3/INFO] [me.edoren.skin_changer.common.NetworkUtils/]: Downloading file https://crafatar.com/capes/1c1d82a4-b89b-446c-a97a-f3c8afaed2c8
[20Apr2025 12:19:53.361] [Server thread/INFO] [voicechat/]: [voicechat] Received secret request of eldanidani (18)
[20Apr2025 12:19:53.361] [Server thread/INFO] [voicechat/]: [voicechat] Sent secret to eldanidani
[20Apr2025 12:19:53.362] [Server thread/WARN] [net.minecraft.server.MinecraftServer/]: Can't keep up! Is the server overloaded? Running 2001ms or 40 ticks behind
[20Apr2025 12:19:53.518] [Server thread/INFO] [com.alrex.parcool.ParCool/]: Limitation of 3ac838e5-80f8-31b8-82e4-34ac0c5befe4 was loaded
[20Apr2025 12:19:56.856] [VoiceChatPacketProcessingThread/INFO] [voicechat/]: [voicechat] Successfully authenticated player 3ac838e5-80f8-31b8-82e4-34ac0c5befe4
[20Apr2025 12:19:57.856] [VoiceChatPacketProcessingThread/INFO] [voicechat/]: [voicechat] Successfully validated connection of player 3ac838e5-80f8-31b8-82e4-34ac0c5befe4
[20Apr2025 12:19:57.857] [VoiceChatPacketProcessingThread/INFO] [voicechat/]: [voicechat] Player eldanidani (3ac838e5-80f8-31b8-82e4-34ac0c5befe4) successfully connected to voice chat
[20Apr2025 12:20:13.664] [Server thread/WARN] [net.minecraft.server.MinecraftServer/]: Can't keep up! Is the server overloaded? Running 2003ms or 40 ticks behind
[20Apr2025 12:20:16.817] [Server thread/INFO] [mineminenomi/]: marcosbigpapa started CHEW challenge.
[20Apr2025 12:20:21.982] [Physics thread/WARN] [org.valkyrienskies.core.pipelines.VSGamePipelineStage/]: Too many physics frames in the physics frame queue. Is the game stage broken?
[20Apr2025 12:20:39.296] [Server thread/WARN] [net.minecraft.server.MinecraftServer/]: Can't keep up! Is the server overloaded? Running 10635ms or 212 ticks behind
[20Apr2025 12:21:49.681] [Server thread/INFO] [mineminenomi/]: marcosbigpapa's challenge stopped.
[20Apr2025 12:21:49.681] [Server thread/INFO] [mineminenomi/]: marcosbigpapa's challenge stopped.
[20Apr2025 12:21:49.999] [Server thread/WARN] [net.minecraft.server.MinecraftServer/]: Can't keep up! Is the server overloaded? Running 5138ms or 102 ticks behind
[20Apr2025 12:22:09.501] [Server thread/WARN] [net.minecraft.server.MinecraftServer/]: Can't keep up! Is the server overloaded? Running 4540ms or 90 ticks behind
[20Apr2025 12:22:38.765] [Server thread/WARN] [net.minecraft.server.MinecraftServer/]: Can't keep up! Is the server overloaded? Running 2004ms or 40 ticks behind
[20Apr2025 12:22:55.939] [Server thread/WARN] [net.minecraft.server.MinecraftServer/]: Can't keep up! Is the server overloaded? Running 2179ms or 43 ticks behind
[20Apr2025 12:23:08.547] [Server thread/INFO] [mineminenomi/]: eldanidani started CHEW challenge.
[20Apr2025 12:23:13.571] [Physics thread/WARN] [org.valkyrienskies.core.pipelines.VSGamePipelineStage/]: Too many physics frames in the physics frame queue. Is the game stage broken?
[20Apr2025 12:23:21.806] [Server thread/WARN] [net.minecraft.server.MinecraftServer/]: Can't keep up! Is the server overloaded? Running 10895ms or 217 ticks behind
[20Apr2025 12:23:53.004] [Server thread/INFO] [net.minecraft.network.play.ServerPlayNetHandler/]: Freacklock lost connection: Disconnected
[20Apr2025 12:23:53.004] [Server thread/INFO] [net.minecraft.server.dedicated.DedicatedServer/]: Freacklock left the game
[20Apr2025 12:23:53.004] [Server thread/INFO] [com.alrex.parcool.ParCool/]: Limitation of f32b1d7a-5eef-3918-8041-62708bf3cf92 was unloaded
[20Apr2025 12:23:53.005] [Server thread/INFO] [voicechat/]: [voicechat] Disconnecting client Freacklock
[20Apr2025 12:23:53.006] [Server thread/INFO] [me.edoren.skin_changer.server.SkinProviderController/]: Removing session data for player Freacklock[f32b1d7a-5eef-3918-8041-62708bf3cf92]
[20Apr2025 12:24:07.113] [VoiceChatPacketProcessingThread/INFO] [voicechat/]: [voicechat] Player 3ac838e5-80f8-31b8-82e4-34ac0c5befe4 timed out
[20Apr2025 12:24:07.114] [VoiceChatPacketProcessingThread/INFO] [voicechat/]: [voicechat] Reconnecting player eldanidani
[20Apr2025 12:24:07.114] [VoiceChatPacketProcessingThread/INFO] [voicechat/]: [voicechat] Sent secret to eldanidani
[20Apr2025 12:24:26.814] [Server thread/INFO] [net.minecraft.network.play.ServerPlayNetHandler/]: eldanidani lost connection: Timed out
[20Apr2025 12:24:26.814] [Server thread/INFO] [net.minecraft.server.dedicated.DedicatedServer/]: eldanidani left the game
[20Apr2025 12:24:26.814] [Server thread/INFO] [com.alrex.parcool.ParCool/]: Limitation of 3ac838e5-80f8-31b8-82e4-34ac0c5befe4 was unloaded
[20Apr2025 12:24:26.815] [Server thread/INFO] [voicechat/]: [voicechat] Disconnecting client eldanidani
[20Apr2025 12:24:26.815] [Server thread/INFO] [me.edoren.skin_changer.server.SkinProviderController/]: Removing session data for player eldanidani[3ac838e5-80f8-31b8-82e4-34ac0c5befe4]
[20Apr2025 12:24:39.957] [Server thread/INFO] [net.minecraftforge.common.AdvancementLoadFix/]: Using new advancement loading for net.minecraft.advancements.PlayerAdvancements@e39a5c8
[20Apr2025 12:24:39.993] [Server thread/INFO] [net.minecraft.server.management.PlayerList/]: Freacklock[/100.121.40.72:62378] logged in with entity id 20738 at (-10710.330590051424, 11.0, -4925.827014459597)
[20Apr2025 12:24:39.996] [Server thread/INFO] [net.minecraft.server.dedicated.DedicatedServer/]: Freacklock joined the game
[20Apr2025 12:24:40.019] [Server thread/INFO] [Waila/]: Syncing config to Freacklock (f32b1d7a-5eef-3918-8041-62708bf3cf92)
[20Apr2025 12:24:40.028] [Server thread/INFO] [me.edoren.skin_changer.server.SkinProviderController/]: Player Freacklock just logged in with id f32b1d7a-5eef-3918-8041-62708bf3cf92
[20Apr2025 12:24:40.029] [ForkJoinPool-4-worker-3/INFO] [me.edoren.skin_changer.server.SkinProviderController/]: Loading local skin for player Freacklock[f32b1d7a-5eef-3918-8041-62708bf3cf92]
[20Apr2025 12:24:40.030] [ForkJoinPool-4-worker-3/INFO] [me.edoren.skin_changer.common.NetworkUtils/]: Downloading file https://playerdb.co/api/player/minecraft/Freacklock
[20Apr2025 12:24:40.100] [ForkJoinPool-4-worker-3/INFO] [me.edoren.skin_changer.common.NetworkUtils/]: File https://playerdb.co/api/player/minecraft/Freacklock downloaded
[20Apr2025 12:24:40.101] [ForkJoinPool-4-worker-3/INFO] [me.edoren.skin_changer.common.NetworkUtils/]: Downloading file https://crafatar.com/capes/cd99f4ef-6f60-4c48-ab18-6b4a50132fd1
[20Apr2025 12:24:40.909] [Server thread/INFO] [voicechat/]: [voicechat] Received secret request of Freacklock (18)
[20Apr2025 12:24:40.909] [Server thread/INFO] [voicechat/]: [voicechat] Sent secret to Freacklock
[20Apr2025 12:24:41.206] [Server thread/INFO] [com.alrex.parcool.ParCool/]: Limitation of f32b1d7a-5eef-3918-8041-62708bf3cf92 was loaded
[20Apr2025 12:24:41.732] [Server thread/INFO] [net.minecraft.network.login.ServerLoginNetHandler/]: com.mojang.authlib.GameProfile@3ffd28fe[id=<null>,name=eldanidani,properties={},legacy=false] (/100.104.37.94:52884) lost connection: Disconnected
[20Apr2025 12:24:46.083] [VoiceChatPacketProcessingThread/INFO] [voicechat/]: [voicechat] Successfully authenticated player f32b1d7a-5eef-3918-8041-62708bf3cf92
[20Apr2025 12:24:47.085] [VoiceChatPacketProcessingThread/INFO] [voicechat/]: [voicechat] Successfully validated connection of player f32b1d7a-5eef-3918-8041-62708bf3cf92
[20Apr2025 12:24:47.086] [VoiceChatPacketProcessingThread/INFO] [voicechat/]: [voicechat] Player Freacklock (f32b1d7a-5eef-3918-8041-62708bf3cf92) successfully connected to voice chat
[20Apr2025 12:25:06.554] [Server thread/INFO] [net.minecraft.network.login.ServerLoginNetHandler/]: com.mojang.authlib.GameProfile@32f9977f[id=<null>,name=eldanidani,properties={},legacy=false] (/100.104.37.94:52902) lost connection: Disconnected
[20Apr2025 12:25:23.958] [Server thread/INFO] [mineminenomi/]: eldanidani's challenge stopped.
[20Apr2025 12:25:24.076] [Server thread/WARN] [net.minecraft.server.MinecraftServer/]: Can't keep up! Is the server overloaded? Running 4715ms or 94 ticks behind
[20Apr2025 12:25:24.190] [Server thread/INFO] [mineminenomi/]: eldanidani's challenge stopped.
[20Apr2025 12:25:43.121] [Server thread/WARN] [net.minecraft.server.MinecraftServer/]: Can't keep up! Is the server overloaded? Running 4060ms or 81 ticks behind
[20Apr2025 12:26:32.319] [Server thread/WARN] [net.minecraft.server.MinecraftServer/]: Can't keep up! Is the server overloaded? Running 2058ms or 41 ticks behind
[20Apr2025 12:26:50.308] [Server thread/WARN] [net.minecraft.server.MinecraftServer/]: Can't keep up! Is the server overloaded? Running 2998ms or 59 ticks behind
[20Apr2025 12:26:52.118] [Server thread/INFO] [net.minecraftforge.common.AdvancementLoadFix/]: Using new advancement loading for net.minecraft.advancements.PlayerAdvancements@4406daff
[20Apr2025 12:26:52.155] [Server thread/INFO] [net.minecraft.server.management.PlayerList/]: eldanidani[/100.104.37.94:53172] logged in with entity id 22273 at (865.0, 31.0, 2111.0)
[20Apr2025 12:26:52.158] [Server thread/INFO] [net.minecraft.server.dedicated.DedicatedServer/]: eldanidani joined the game
[20Apr2025 12:26:52.200] [Server thread/INFO] [Waila/]: Syncing config to eldanidani (3ac838e5-80f8-31b8-82e4-34ac0c5befe4)
[20Apr2025 12:26:52.208] [Server thread/INFO] [me.edoren.skin_changer.server.SkinProviderController/]: Player eldanidani just logged in with id 3ac838e5-80f8-31b8-82e4-34ac0c5befe4
[20Apr2025 12:26:52.209] [ForkJoinPool-4-worker-3/INFO] [me.edoren.skin_changer.server.SkinProviderController/]: Loading local skin for player eldanidani[3ac838e5-80f8-31b8-82e4-34ac0c5befe4]
[20Apr2025 12:26:52.210] [ForkJoinPool-4-worker-3/INFO] [me.edoren.skin_changer.common.NetworkUtils/]: Downloading file https://playerdb.co/api/player/minecraft/eldanidani
[20Apr2025 12:26:52.295] [ForkJoinPool-4-worker-3/INFO] [me.edoren.skin_changer.common.NetworkUtils/]: File https://playerdb.co/api/player/minecraft/eldanidani downloaded
[20Apr2025 12:26:52.299] [ForkJoinPool-4-worker-3/INFO] [me.edoren.skin_changer.common.NetworkUtils/]: Downloading file https://crafatar.com/capes/1c1d82a4-b89b-446c-a97a-f3c8afaed2c8
[20Apr2025 12:26:53.647] [Server thread/INFO] [voicechat/]: [voicechat] Received secret request of eldanidani (18)
[20Apr2025 12:26:53.648] [Server thread/INFO] [voicechat/]: [voicechat] Sent secret to eldanidani
[20Apr2025 12:26:53.894] [Server thread/INFO] [com.alrex.parcool.ParCool/]: Limitation of 3ac838e5-80f8-31b8-82e4-34ac0c5befe4 was loaded
[20Apr2025 12:27:02.333] [VoiceChatPacketProcessingThread/INFO] [voicechat/]: [voicechat] Successfully authenticated player 3ac838e5-80f8-31b8-82e4-34ac0c5befe4
[20Apr2025 12:27:03.332] [VoiceChatPacketProcessingThread/INFO] [voicechat/]: [voicechat] Successfully validated connection of player 3ac838e5-80f8-31b8-82e4-34ac0c5befe4
[20Apr2025 12:27:03.332] [VoiceChatPacketProcessingThread/INFO] [voicechat/]: [voicechat] Player eldanidani (3ac838e5-80f8-31b8-82e4-34ac0c5befe4) successfully connected to voice chat
[20Apr2025 12:27:10.533] [Server thread/WARN] [net.minecraft.server.MinecraftServer/]: Can't keep up! Is the server overloaded? Running 5272ms or 105 ticks behind
[20Apr2025 12:27:27.743] [Server thread/WARN] [net.minecraft.server.MinecraftServer/]: Can't keep up! Is the server overloaded? Running 2232ms or 44 ticks behind
[20Apr2025 12:28:00.171] [Server thread/INFO] [net.minecraft.network.play.ServerPlayNetHandler/]: marcosbigpapa lost connection: Disconnected
[20Apr2025 12:28:00.172] [Server thread/INFO] [net.minecraft.server.dedicated.DedicatedServer/]: marcosbigpapa left the game
[20Apr2025 12:28:00.172] [Server thread/INFO] [com.alrex.parcool.ParCool/]: Limitation of e3c5c6ef-cb96-39e5-9dd0-560e78ee3a3e was unloaded
[20Apr2025 12:28:00.172] [Server thread/INFO] [voicechat/]: [voicechat] Disconnecting client marcosbigpapa
[20Apr2025 12:28:00.173] [Server thread/INFO] [me.edoren.skin_changer.server.SkinProviderController/]: Removing session data for player marcosbigpapa[e3c5c6ef-cb96-39e5-9dd0-560e78ee3a3e]
[20Apr2025 12:28:08.326] [Server thread/INFO] [net.minecraftforge.common.AdvancementLoadFix/]: Using new advancement loading for net.minecraft.advancements.PlayerAdvancements@20652b0d
[20Apr2025 12:28:08.365] [Server thread/INFO] [net.minecraft.server.management.PlayerList/]: marcosbigpapa[/100.114.182.96:53033] logged in with entity id 22902 at (863.1048901105693, 31.0, 2113.6848338442287)
[20Apr2025 12:28:08.369] [Server thread/INFO] [net.minecraft.server.dedicated.DedicatedServer/]: marcosbigpapa joined the game
[20Apr2025 12:28:08.409] [Server thread/INFO] [Waila/]: Syncing config to marcosbigpapa (e3c5c6ef-cb96-39e5-9dd0-560e78ee3a3e)
[20Apr2025 12:28:08.421] [Server thread/INFO] [me.edoren.skin_changer.server.SkinProviderController/]: Player marcosbigpapa just logged in with id e3c5c6ef-cb96-39e5-9dd0-560e78ee3a3e
[20Apr2025 12:28:08.423] [ForkJoinPool-4-worker-3/INFO] [me.edoren.skin_changer.server.SkinProviderController/]: Loading local skin for player marcosbigpapa[e3c5c6ef-cb96-39e5-9dd0-560e78ee3a3e]
[20Apr2025 12:28:08.426] [ForkJoinPool-4-worker-3/INFO] [me.edoren.skin_changer.common.NetworkUtils/]: Downloading file https://playerdb.co/api/player/minecraft/marcosbigpapa
[20Apr2025 12:28:08.466] [ForkJoinPool-4-worker-3/INFO] [me.edoren.skin_changer.common.NetworkUtils/]: File https://playerdb.co/api/player/minecraft/marcosbigpapa downloaded
[20Apr2025 12:28:08.467] [ForkJoinPool-4-worker-3/INFO] [me.edoren.skin_changer.common.NetworkUtils/]: Downloading file https://crafatar.com/capes/25f9ad3f-1654-4303-9fb9-dba1cce5f850
[20Apr2025 12:28:09.050] [Server thread/INFO] [voicechat/]: [voicechat] Received secret request of marcosbigpapa (18)
[20Apr2025 12:28:09.050] [Server thread/INFO] [voicechat/]: [voicechat] Sent secret to marcosbigpapa
[20Apr2025 12:28:09.148] [Server thread/INFO] [com.alrex.parcool.ParCool/]: Limitation of e3c5c6ef-cb96-39e5-9dd0-560e78ee3a3e was loaded
[20Apr2025 12:28:13.057] [VoiceChatPacketProcessingThread/INFO] [voicechat/]: [voicechat] Successfully authenticated player e3c5c6ef-cb96-39e5-9dd0-560e78ee3a3e
[20Apr2025 12:28:14.055] [VoiceChatPacketProcessingThread/INFO] [voicechat/]: [voicechat] Successfully validated connection of player e3c5c6ef-cb96-39e5-9dd0-560e78ee3a3e
[20Apr2025 12:28:14.056] [VoiceChatPacketProcessingThread/INFO] [voicechat/]: [voicechat] Player marcosbigpapa (e3c5c6ef-cb96-39e5-9dd0-560e78ee3a3e) successfully connected to voice chat
[20Apr2025 12:28:26.008] [Server thread/INFO] [mineminenomi/]: eldanidani started CHEW challenge.
[20Apr2025 12:28:31.127] [Physics thread/WARN] [org.valkyrienskies.core.pipelines.VSGamePipelineStage/]: Too many physics frames in the physics frame queue. Is the game stage broken?
[20Apr2025 12:28:31.218] [Server thread/WARN] [net.minecraft.server.MinecraftServer/]: Can't keep up! Is the server overloaded? Running 5158ms or 103 ticks behind
[20Apr2025 12:28:32.645] [Server thread/WARN] [net.minecraft.world.TrackedEntity/]: Fetching packet for removed entity ItemEntity['Bowl'/23092, l='ServerLevel[world]', x=13.69, y=76.60, z=16.20]
[20Apr2025 12:28:32.650] [Server thread/WARN] [net.minecraft.world.TrackedEntity/]: Fetching packet for removed entity ItemEntity['Bowl'/23092, l='ServerLevel[world]', x=13.69, y=76.60, z=16.20]
[20Apr2025 12:28:54.953] [Server thread/INFO] [net.minecraft.server.dedicated.DedicatedServer/]: Killed 26 entities
[20Apr2025 12:30:01.229] [Server thread/INFO] [mineminenomi/]: eldanidani's challenge stopped.
[20Apr2025 12:30:01.340] [Server thread/WARN] [net.minecraft.server.MinecraftServer/]: Can't keep up! Is the server overloaded? Running 5329ms or 106 ticks behind
[20Apr2025 12:30:01.426] [Server thread/INFO] [mineminenomi/]: eldanidani's challenge stopped.
[20Apr2025 12:30:42.499] [Server thread/INFO] [mineminenomi/]: marcosbigpapa started GIN challenge.
[20Apr2025 12:30:46.432] [Server thread/WARN] [net.minecraft.server.MinecraftServer/]: Can't keep up! Is the server overloaded? Running 3871ms or 77 ticks behind
[20Apr2025 12:30:48.711] [Server thread/WARN] [net.minecraft.world.TrackedEntity/]: Fetching packet for removed entity AquaFishEntity['Perch'/24169, l='ServerLevel[world]', x=-7.50, y=74.86, z=6.50]
[20Apr2025 12:30:48.711] [Server thread/WARN] [net.minecraft.world.TrackedEntity/]: Fetching packet for removed entity AquaFishEntity['Perch'/24170, l='ServerLevel[world]', x=-5.79, y=74.83, z=3.79]
[20Apr2025 12:30:48.716] [Server thread/WARN] [net.minecraft.world.TrackedEntity/]: Fetching packet for removed entity AquaFishEntity['Perch'/24169, l='ServerLevel[world]', x=-7.50, y=74.86, z=6.50]
[20Apr2025 12:30:48.716] [Server thread/WARN] [net.minecraft.world.TrackedEntity/]: Fetching packet for removed entity AquaFishEntity['Perch'/24170, l='ServerLevel[world]', x=-5.79, y=74.83, z=3.79]
[20Apr2025 12:31:02.658] [Server thread/INFO] [net.minecraft.server.dedicated.DedicatedServer/]: <Freacklock> dejad de comer pollas que va mal
[20Apr2025 12:31:03.505] [Server thread/WARN] [net.minecraft.server.MinecraftServer/]: Can't keep up! Is the server overloaded? Running 2094ms or 41 ticks behind
[20Apr2025 12:31:33.787] [Physics thread/WARN] [org.valkyrienskies.core.pipelines.VSGamePipelineStage/]: Too many physics frames in the physics frame queue. Is the game stage broken?
[20Apr2025 12:31:33.847] [Server thread/INFO] [mineminenomi/]: marcosbigpapa's challenge stopped.
[20Apr2025 12:31:33.967] [Server thread/WARN] [net.minecraft.server.MinecraftServer/]: Can't keep up! Is the server overloaded? Running 5706ms or 114 ticks behind
[20Apr2025 12:31:34.058] [Server thread/INFO] [mineminenomi/]: marcosbigpapa's challenge stopped.
[20Apr2025 12:31:55.723] [Server thread/WARN] [net.minecraft.server.MinecraftServer/]: Can't keep up! Is the server overloaded? Running 6762ms or 135 ticks behind
[20Apr2025 12:32:09.648] [Server thread/INFO] [mineminenomi/]: eldanidani started CHEW challenge.
[20Apr2025 12:32:12.834] [Server thread/WARN] [net.minecraft.server.MinecraftServer/]: Can't keep up! Is the server overloaded? Running 2123ms or 42 ticks behind
[20Apr2025 12:32:39.784] [Server thread/INFO] [net.minecraft.network.play.ServerPlayNetHandler/]: Freacklock lost connection: Disconnected
[20Apr2025 12:32:39.784] [Server thread/INFO] [net.minecraft.server.dedicated.DedicatedServer/]: Freacklock left the game
[20Apr2025 12:32:39.784] [Server thread/INFO] [com.alrex.parcool.ParCool/]: Limitation of f32b1d7a-5eef-3918-8041-62708bf3cf92 was unloaded
[20Apr2025 12:32:39.785] [Server thread/INFO] [voicechat/]: [voicechat] Disconnecting client Freacklock
[20Apr2025 12:32:39.785] [Server thread/INFO] [me.edoren.skin_changer.server.SkinProviderController/]: Removing session data for player Freacklock[f32b1d7a-5eef-3918-8041-62708bf3cf92]
[20Apr2025 12:33:20.368] [Server thread/INFO] [mineminenomi/]: eldanidani's challenge stopped.
[20Apr2025 12:33:20.485] [Server thread/WARN] [net.minecraft.server.MinecraftServer/]: Can't keep up! Is the server overloaded? Running 4674ms or 93 ticks behind
[20Apr2025 12:33:20.619] [Server thread/INFO] [mineminenomi/]: eldanidani's challenge stopped.
[20Apr2025 12:34:45.239] [Server thread/INFO] [mineminenomi/]: eldanidani started MR_3 challenge.
[20Apr2025 12:34:47.410] [Server thread/WARN] [net.minecraft.server.MinecraftServer/]: Can't keep up! Is the server overloaded? Running 2049ms or 40 ticks behind
[20Apr2025 12:35:19.316] [Server thread/WARN] [net.minecraft.tileentity.TileEntity/]: Block entity invalid: minecraft:chest @ BlockPos{x=-9871, y=51, z=-1195}
[20Apr2025 12:35:33.247] [Server thread/INFO] [mineminenomi/]: eldanidani's challenge stopped.
[20Apr2025 12:36:01.694] [Server thread/INFO] [mineminenomi/]: eldanidani started MR_3 challenge.
[20Apr2025 12:36:06.188] [Server thread/WARN] [net.minecraft.server.MinecraftServer/]: Can't keep up! Is the server overloaded? Running 4478ms or 89 ticks behind
[20Apr2025 12:37:32.199] [Server thread/WARN] [net.minecraft.server.MinecraftServer/]: Can't keep up! Is the server overloaded? Running 2588ms or 51 ticks behind
[20Apr2025 12:37:49.396] [Server thread/WARN] [net.minecraft.server.MinecraftServer/]: Can't keep up! Is the server overloaded? Running 2235ms or 44 ticks behind
[20Apr2025 12:38:17.717] [Server thread/INFO] [mineminenomi/]: eldanidani's challenge stopped.
[20Apr2025 12:38:17.772] [Server thread/WARN] [net.minecraft.server.MinecraftServer/]: Can't keep up! Is the server overloaded? Running 4861ms or 97 ticks behind
[20Apr2025 12:38:17.874] [Server thread/INFO] [mineminenomi/]: eldanidani's challenge stopped.
[20Apr2025 12:38:29.974] [Server thread/INFO] [mineminenomi/]: eldanidani started MR_3 challenge.
[20Apr2025 12:38:38.952] [Server thread/WARN] [net.minecraft.server.MinecraftServer/]: Can't keep up! Is the server overloaded? Running 6191ms or 123 ticks behind
[20Apr2025 12:39:20.270] [Server thread/INFO] [mineminenomi/]: eldanidani's challenge stopped.
[20Apr2025 12:39:43.607] [Server thread/INFO] [mineminenomi/]: eldanidani started MR_3 challenge.
[20Apr2025 12:39:47.667] [Server thread/WARN] [net.minecraft.server.MinecraftServer/]: Can't keep up! Is the server overloaded? Running 4006ms or 80 ticks behind
[20Apr2025 12:41:43.578] [Server thread/INFO] [net.minecraft.server.dedicated.DedicatedServer/]: [Server] imagina que te maten con semen
[20Apr2025 12:41:54.188] [Server thread/INFO] [mineminenomi/]: eldanidani's challenge stopped.
[20Apr2025 12:41:54.220] [Server thread/WARN] [net.minecraft.server.MinecraftServer/]: Can't keep up! Is the server overloaded? Running 4559ms or 91 ticks behind
[20Apr2025 12:41:54.289] [Server thread/INFO] [mineminenomi/]: eldanidani's challenge stopped.
[20Apr2025 12:42:31.506] [Server thread/INFO] [mineminenomi/]: eldanidani started MR_3 challenge.
[20Apr2025 12:42:33.797] [Server thread/WARN] [net.minecraft.server.MinecraftServer/]: Can't keep up! Is the server overloaded? Running 2236ms or 44 ticks behind
[20Apr2025 12:44:40.519] [Server thread/INFO] [mineminenomi/]: eldanidani's challenge stopped.
[20Apr2025 12:44:40.648] [Server thread/WARN] [net.minecraft.server.MinecraftServer/]: Can't keep up! Is the server overloaded? Running 4887ms or 97 ticks behind
[20Apr2025 12:44:40.747] [Server thread/INFO] [mineminenomi/]: eldanidani's challenge stopped.
[20Apr2025 12:45:14.114] [Server thread/INFO] [mineminenomi/]: eldanidani started MR_3 challenge.
[20Apr2025 12:45:16.399] [Server thread/WARN] [net.minecraft.server.MinecraftServer/]: Can't keep up! Is the server overloaded? Running 2238ms or 44 ticks behind
[20Apr2025 12:45:17.622] [Server thread/WARN] [net.minecraft.world.TrackedEntity/]: Fetching packet for removed entity CannonEntity['Cannon'/30243, l='ServerLevel[world]', x=14.96, y=58.00, z=5.25]
[20Apr2025 12:45:17.628] [Server thread/WARN] [net.minecraft.world.TrackedEntity/]: Fetching packet for removed entity CannonEntity['Cannon'/30243, l='ServerLevel[world]', x=14.96, y=58.00, z=5.25]
[20Apr2025 12:46:24.744] [Server thread/INFO] [net.minecraft.server.dedicated.DedicatedServer/]: [Server] voy a cerrar server
[20Apr2025 12:46:30.250] [Server thread/INFO] [net.minecraft.server.dedicated.DedicatedServer/]: [Server] me tengo que ir
[20Apr2025 12:46:34.939] [Server thread/INFO] [mineminenomi/]: eldanidani's challenge stopped.
[20Apr2025 12:46:42.172] [Server thread/INFO] [net.minecraft.server.dedicated.DedicatedServer/]: <eldanidani> miguel hijo puta
[20Apr2025 12:46:43.608] [Server thread/INFO] [net.minecraft.network.play.ServerPlayNetHandler/]: eldanidani lost connection: Disconnected
[20Apr2025 12:46:43.608] [Server thread/INFO] [net.minecraft.server.dedicated.DedicatedServer/]: eldanidani left the game
[20Apr2025 12:46:43.608] [Server thread/INFO] [com.alrex.parcool.ParCool/]: Limitation of 3ac838e5-80f8-31b8-82e4-34ac0c5befe4 was unloaded
[20Apr2025 12:46:43.608] [Server thread/INFO] [voicechat/]: [voicechat] Disconnecting client eldanidani
[20Apr2025 12:46:43.609] [Server thread/INFO] [me.edoren.skin_changer.server.SkinProviderController/]: Removing session data for player eldanidani[3ac838e5-80f8-31b8-82e4-34ac0c5befe4]
[20Apr2025 12:46:45.318] [Server thread/INFO] [net.minecraft.network.play.ServerPlayNetHandler/]: marcosbigpapa lost connection: Disconnected
[20Apr2025 12:46:45.318] [Server thread/INFO] [net.minecraft.server.dedicated.DedicatedServer/]: marcosbigpapa left the game
[20Apr2025 12:46:45.318] [Server thread/INFO] [com.alrex.parcool.ParCool/]: Limitation of e3c5c6ef-cb96-39e5-9dd0-560e78ee3a3e was unloaded
[20Apr2025 12:46:45.318] [Server thread/INFO] [voicechat/]: [voicechat] Disconnecting client marcosbigpapa
[20Apr2025 12:46:45.319] [Server thread/INFO] [me.edoren.skin_changer.server.SkinProviderController/]: Removing session data for player marcosbigpapa[e3c5c6ef-cb96-39e5-9dd0-560e78ee3a3e]
[20Apr2025 12:48:42.937] [Server thread/INFO] [net.minecraft.network.play.ServerPlayNetHandler/]: imsxs lost connection: Disconnected
[20Apr2025 12:48:42.937] [Server thread/INFO] [net.minecraft.server.dedicated.DedicatedServer/]: imsxs left the game
[20Apr2025 12:48:42.937] [Server thread/INFO] [com.alrex.parcool.ParCool/]: Limitation of 3172747b-348a-3cb7-90bb-f09910bd964f was unloaded
[20Apr2025 12:48:42.938] [Server thread/INFO] [voicechat/]: [voicechat] Disconnecting client imsxs
[20Apr2025 12:48:42.938] [Server thread/INFO] [me.edoren.skin_changer.server.SkinProviderController/]: Removing session data for player imsxs[3172747b-348a-3cb7-90bb-f09910bd964f]
[20Apr2025 12:48:55.467] [Server thread/INFO] [net.minecraft.server.MinecraftServer/]: Stopping server
[20Apr2025 12:48:55.468] [Server thread/INFO] [net.minecraft.server.MinecraftServer/]: Saving players
[20Apr2025 12:48:55.468] [Server thread/INFO] [net.minecraft.server.MinecraftServer/]: Saving worlds
[20Apr2025 12:48:55.468] [Server thread/INFO] [net.minecraft.server.MinecraftServer/]: Saving chunks for level 'ServerLevel[world]'/minecraft:overworld
[20Apr2025 12:48:55.494] [Physics thread/WARN] [org.valkyrienskies.core.pipelines.VSPhysicsPipelineBackgroundTask/]: Physics pipeline ending
[20Apr2025 12:48:55.859] [Server thread/INFO] [net.minecraft.world.server.ChunkManager/]: ThreadedAnvilChunkStorage (world): All chunks are saved
[20Apr2025 12:48:55.860] [Server thread/INFO] [net.minecraft.server.MinecraftServer/]: Saving chunks for level 'ServerLevel[world]'/minecraft:the_nether
[20Apr2025 12:48:55.862] [Server thread/INFO] [net.minecraft.world.server.ChunkManager/]: ThreadedAnvilChunkStorage (DIM-1): All chunks are saved
[20Apr2025 12:48:55.862] [Server thread/INFO] [net.minecraft.server.MinecraftServer/]: Saving chunks for level 'ServerLevel[world]'/minecraft:the_end
[20Apr2025 12:48:55.862] [Server thread/INFO] [net.minecraft.world.server.ChunkManager/]: ThreadedAnvilChunkStorage (DIM1): All chunks are saved
[20Apr2025 12:48:55.862] [Server thread/INFO] [net.minecraft.server.MinecraftServer/]: Saving chunks for level 'ServerLevel[world]'/mineminenomi:challenges
[20Apr2025 12:48:55.863] [Server thread/INFO] [net.minecraft.world.server.ChunkManager/]: ThreadedAnvilChunkStorage (challenges): All chunks are saved
[20Apr2025 12:48:55.863] [Server thread/INFO] [net.minecraft.server.MinecraftServer/]: Saving chunks for level 'ServerLevel[world]'/mineminenomi:challenges_f32b1d7a-5eef-3918-8041-62708bf3cf92
[20Apr2025 12:48:55.863] [Server thread/INFO] [net.minecraft.world.server.ChunkManager/]: ThreadedAnvilChunkStorage (challenges_f32b1d7a-5eef-3918-8041-62708bf3cf92): All chunks are saved
[20Apr2025 12:48:55.864] [Server thread/INFO] [net.minecraft.server.MinecraftServer/]: Saving chunks for level 'ServerLevel[world]'/mineminenomi:challenges_3172747b-348a-3cb7-90bb-f09910bd964f
[20Apr2025 12:48:55.864] [Server thread/INFO] [net.minecraft.world.server.ChunkManager/]: ThreadedAnvilChunkStorage (challenges_3172747b-348a-3cb7-90bb-f09910bd964f): All chunks are saved
[20Apr2025 12:48:55.864] [Server thread/INFO] [net.minecraft.server.MinecraftServer/]: Saving chunks for level 'ServerLevel[world]'/mineminenomi:challenges_b042d1b7-0784-32e2-9baa-ecd241742ddb
[20Apr2025 12:48:55.865] [Server thread/INFO] [net.minecraft.world.server.ChunkManager/]: ThreadedAnvilChunkStorage (challenges_b042d1b7-0784-32e2-9baa-ecd241742ddb): All chunks are saved
[20Apr2025 12:48:55.865] [Server thread/INFO] [net.minecraft.server.MinecraftServer/]: Saving chunks for level 'ServerLevel[world]'/mineminenomi:challenges_e3c5c6ef-cb96-39e5-9dd0-560e78ee3a3e
[20Apr2025 12:48:55.867] [Server thread/INFO] [net.minecraft.world.server.ChunkManager/]: ThreadedAnvilChunkStorage (challenges_e3c5c6ef-cb96-39e5-9dd0-560e78ee3a3e): All chunks are saved
[20Apr2025 12:48:55.867] [Server thread/INFO] [net.minecraft.server.MinecraftServer/]: Saving chunks for level 'ServerLevel[world]'/mineminenomi:challenges_3ac838e5-80f8-31b8-82e4-34ac0c5befe4
[20Apr2025 12:48:55.869] [Server thread/INFO] [net.minecraft.world.server.ChunkManager/]: ThreadedAnvilChunkStorage (challenges_3ac838e5-80f8-31b8-82e4-34ac0c5befe4): All chunks are saved
[20Apr2025 12:48:55.908] [Server thread/INFO] [net.minecraft.world.server.ChunkManager/]: ThreadedAnvilChunkStorage (world): All chunks are saved
[20Apr2025 12:48:55.962] [Server thread/INFO] [net.minecraft.world.server.ChunkManager/]: ThreadedAnvilChunkStorage (DIM-1): All chunks are saved
[20Apr2025 12:48:55.970] [Server thread/INFO] [net.minecraft.world.server.ChunkManager/]: ThreadedAnvilChunkStorage (DIM1): All chunks are saved
[20Apr2025 12:48:55.970] [Server thread/INFO] [net.minecraft.world.server.ChunkManager/]: ThreadedAnvilChunkStorage (challenges): All chunks are saved
[20Apr2025 12:48:55.970] [Server thread/INFO] [net.minecraft.world.server.ChunkManager/]: ThreadedAnvilChunkStorage (challenges_f32b1d7a-5eef-3918-8041-62708bf3cf92): All chunks are saved
[20Apr2025 12:48:55.971] [Server thread/INFO] [net.minecraft.world.server.ChunkManager/]: ThreadedAnvilChunkStorage (challenges_3172747b-348a-3cb7-90bb-f09910bd964f): All chunks are saved
[20Apr2025 12:48:55.971] [Server thread/INFO] [net.minecraft.world.server.ChunkManager/]: ThreadedAnvilChunkStorage (challenges_b042d1b7-0784-32e2-9baa-ecd241742ddb): All chunks are saved
[20Apr2025 12:48:55.972] [Server thread/INFO] [net.minecraft.world.server.ChunkManager/]: ThreadedAnvilChunkStorage (challenges_e3c5c6ef-cb96-39e5-9dd0-560e78ee3a3e): All chunks are saved
[20Apr2025 12:48:55.977] [Server thread/INFO] [net.minecraft.world.server.ChunkManager/]: ThreadedAnvilChunkStorage (challenges_3ac838e5-80f8-31b8-82e4-34ac0c5befe4): All chunks are saved
